Workbook
Name Consol: "Error"

Sheet PRICE LIST Motasa
A3: KELOMPOK PRODUK | B3: KODE PRODUK PRINSIPAL | C3: NAMA ITEM | D3: ISI/CTN | E3: SATUAN | F3: HARGA INCLUDE PPN 11% IN CTN | G3: HARGA/PCS
A4: ANTANGIN GROUP | B4: 10002 | C4: ANTANGIN JRG PLUS JAHE MERAH TD20 | D4: 1000 | E4: STRIP | F4: 3210000 | G4: =F4/D4 -> 3210
A5: ANTANGIN GROUP | B5: 10063 | C5: ANTANGIN JUNIORS SD5 | D5: 300 | E5: SACHET | F5: 600000 | G5: =F5/D5 -> 2000
A6: ANTANGIN GROUP | B6: 10074 | C6: ANTANGIN JRG + MADU SD12 | D6: 360 | E6: SACHET | F6: 1116000 | G6: =F6/D6 -> 3100
A7: ANTANGIN GROUP | B7: 10075 | C7: ANTANGIN MINT SD12 | D7: 360 | E7: SACHET | F7: 1116000 | G7: =F7/D7 -> 3100
A8: ANTANGIN GROUP | B8: 10077 | C8: ANTANGIN MINT SD5 | D8: 300 | E8: SACHET | F8: 930000 | G8: =F8/D8 -> 3100
A9: ANTANGIN GROUP | B9: 10110 | C9: ANTANGIN GOOD NIGTH TD20 | D9: 1000 | E9: STRIP | F9: 4036000 | G9: =F9/D9 -> 4036
A10: ANTANGIN GROUP | B10: 10112 | C10: ANTANGIN HABBATUSSAUDA SD12 | D10: 360 | E10: SACHET | F10: 1116000 | G10: =F10/D10 -> 3100
A11: ANTANGIN GROUP | B11: 10134 | C11: ANTANGIN HABBATUSSAUDA SD14 | D11: 420 | E11: SACHET | F11: 1115998.8 | G11: =F11/D11 -> 2657.14
A12: ANTANGIN GROUP | B12: 10135 | C12: ANTANGIN MINT SD14 | D12: 420 | E12: SACHET | F12: 1115998.8 | G12: =F12/D12 -> 2657.14
A13: CANDY GROUP | B13: 10039 | C13: OB HERBAL PERMEN HERBAL RASA MINT S5 | D13: 270 | E13: SACHET | F13: 558090 | G13: =F13/D13 -> 2067
A14: CANDY GROUP | B14: 10048 | C14: ANTANGIN PERMEN HERBAL RASA MADU MINT T30 | D14: 180 | E14: SACHET | F14: 372060 | G14: =F14/D14 -> 2067
A15: CANDY GROUP | B15: 10067 | C15: ANTANGIN PERMEN ANEKA RASA T250 | D15: 6 | E15: TOPLES | F15: 213666 | G15: =F15/D15 -> 35611
... A149: MADU GROUP | B149: 60108 | C149: MADU TJ STRAWBERRY D12 (DUS) | D149: 24 | E149: DUS | F149: 201531.6 | G149: =F149/D149 -> 8397.15

Sheet FORM DASAR KLP
A3: KODE PRODUK PRINSIPAL | B3: KELOMPOK PRODUK By Principle | C3: NAMA ITEM | D3: ISI/CTN | E3: SATUAN | F3: HARGA INCLUDE PPN 11% IN CTN | G3: HARGA/PCS
A4: 10002 | B4: ANTANGIN GROUP | C4: ANTANGIN JRG PLUS JAHE MERAH TD20 | D4: 1000 | E4: STRIP | F4: 3563100 | G4: =F4/D4 -> 3563.1
A5: 10063 | B5: ANTANGIN GROUP | C5: ANTANGIN JUNIORS SD5 | D5: 300 | E5: SACHET | F5: 666000 | G5: =F5/D5 -> 2220
A6: 10074 | B6: ANTANGIN GROUP | C6: ANTANGIN JRG + MADU SD12 | D6: 360 | E6: SACHET | F6: 1238760 | G6: =F6/D6 -> 3441
A7: 10075 | B7: ANTANGIN GROUP | C7: ANTANGIN MINT SD12 | D7: 360 | E7: SACHET | F7: 1238760 | G7: =F7/D7 -> 3441
A8: 10077 | B8: ANTANGIN GROUP | C8: ANTANGIN MINT SD5 | D8: 300 | E8: SACHET | F8: 1032300 | G8: =F8/D8 -> 3441
A9: 10110 | B9: ANTANGIN GROUP | C9: ANTANGIN GOOD NIGTH TD20 | D9: 1000 | E9: STRIP | F9: 4479960 | G9: =F9/D9 -> 4479.96
A10: 10112 | B10: ANTANGIN GROUP | C10: ANTANGIN HABBATUSSAUDA SD12 | D10: 360 | E10: SACHET | F10: 1238760 | G10: =F10/D10 -> 3441
A11: 10134 | B11: ANTANGIN GROUP | C11: ANTANGIN HABBATUSSAUDA SD14 | D11: 420 | E11: SACHET | F11: 1238758.7 | G11: =F11/D11 -> 2949.4254
A12: 10135 | B12: ANTANGIN GROUP | C12: ANTANGIN MINT SD14 | D12: 420 | E12: SACHET | F12: 1238758.7 | G12: =F12/D12 -> 2949.4254
A13: 10039 | B13: CANDY GROUP | C13: OB HERBAL PERMEN HERBAL RASA MINT S5 | D13: 270 | E13: SACHET | F13: 619479.9 | G13: =F13/D13 -> 2294.37
A14: 10048 | B14: CANDY GROUP | C14: ANTANGIN PERMEN HERBAL RASA MADU MINT T30 | D14: 180 | E14: SACHET | F14: 412986.6 | G14: =F14/D14 -> 2294.37
A15: 10067 | B15: CANDY GROUP | C15: ANTANGIN PERMEN ANEKA RASA T250 | D15: 6 | E15: TOPLES | F15: 237169.26 | G15: =F15/D15 -> 39528.21
... A149: 60108 | B149: MADU GROUP | C149: MADU TJ STRAWBERRY D12 (DUS) | D149: 24 | E149: DUS | F149: 223700.08 | G149: =F149/D149 -> 9320.8365

Sheet Cara Buat
A3: 1 | B3: Sortir Daftar Produk Principle sesuai Nama lalu sortir lagi by kelompok | D3: 1 | E3: Buat satu folder master barang, master kelompok, price list, mapping produk win to pcpl dan mapping produk pcpl to win
A4: 2 | B4: Copy dan Paste kan ke Sheet Form Master (sesuaikan kolom nya) | D4: 2 | E4: Master barang, master kelompok, price list, mapping produk win to pcpl dan mapping produk pcpl to win berdiri sendiri dalam satu book
A5: 3 | B5: Sheet kuning adalah rumus, jangan diganggu

Sheet Pvt Map 1
A3: Kode BARANG Win2 | B3: SATUAN Fix Win | C3: Kode Pcpl | D3: ISI/CTN | E3: Sum of No. Urut Item Sama
A4: G1011000001510 | B4: TUBE | C4: 40008216 | D4: 144
A5: G1011000005010 | B5: TUBE | C5: 40008217 | D5: 48
A6: G1020000002010 | B6: SCH | C6: 40014370 | D6: 144
A7: G1020000002010 | B7: SCH | C7: 40035630 | D7: 144
A8: G1020000040021 | B8: PCH | C8: 40056288 | D8: 6
A9: G1020000040020 | B9: PCH | C9: 40008247 | D9: 12
A10: G1020000070021 | B10: PCH | C10: 40056289 | D10: 6
A11: G1020000070021 | B11: PCH | C11: 40063060 | D11: 6
A12: G1020000070020 | B12: PCH | C12: 40013979 | D12: 12
A13: G1031001001210 | B13: PCS | C13: 40008387 | D13: 72
A14: G1031002000310 | B14: PCS | C14: 40008390 | D14: 120
A15: G1032101006011 | B15: PCS | C15: 40034355 | D15: 12
... A118: G1073101004510 | B118: BOX | C118: 40057201 | D118: 144
A119: G1073101004510 | B119: BOX | C119: 40061095 | D119: (blank)
A120: G1073201004510 | B120: BOX | C120: 40059201 | D120: 144
A121: G1073102004510 | B121: BOX | C121: 40036249 | D121: 144
A122: G1073102004510 | B122: BOX | C122: 40057203 | D122: 144
A123: G1073102004510 | B123: BOX | C123: 40061096 | D123: 144
A124: G1073103004510 | B124: BOX | C124: 40057315 | D124: 144
A125: G1073103004510 | B125: BOX | C125: 40061097 | D125: 144
A126: G1073001000010 | B126: SET | C126: 40036247 | D126: 24
A127: G1073001000010 | B127: SET | C127: 40057200 | D127: 24
A128: G1073001000010 | B128: SET | C128: 40028235 | D128: 24
A129: G1074101003510 | B129: BOX | C129: 40036708 | D129: 144
A130: G1074101003510 | B130: BOX | C130: 40057318 | D130: 144
A131: G1074102003510 | B131: BOX | C131: 40036709 | D131: 144
... A139: G1075001070010 | B139: PCH | C139: 40016506 | D139: 12
A140: G1075001070010 | B140: PCH | C140: 40049643 | D140: (blank)
A141: G1075002036010 | B141: PCH | C141: 40012018 | D141: 12
A142: G1075002070010 | B142: PCH | C142: 40008190 | D142: 12
A143: G1075003070011 | B143: PCH | C143: 40049642 | D143: 12
A144: G1075003070011 | B144: PCH | C144: 40049643 | D144: 12
A145: G1075004036010 | B145: PCH | C145: 40008191 | D145: 12
A146: G1075004070010 | B146: PCH | C146: 40049641 | D146: 12
A147: G1075004070010 | B147: PCH | C147: 40008192 | D147: 12
A148: G1076201000410 | B148: PCS | C148: 40043776 | D148: 120
A149: G1076201000410 | B149: PCS | C149: 40029462 | D149: 120
A150: G1076101000410 | B150: PCS | C150: 40028914 | D150: 576
A151: G1076202000410 | B151: PCS | C151: 40043777 | D151: 120
A152: G1076202000410 | B152: PCS | C152: 40029461 | D152: 120
... A167: G1078101001510 | B167: PCS | C167: 40049994 | D167: 144
A168: G1078101001811 | B168: PCS | C168: 40056226 | D168: 144 | E168: 1
A169: G1078101001811 | B169: PCS | C169: 40023556 | D169: 144 | E169: 2
A170: G1078101001811 | B170: PCS | C170: 40026337 | D170: 144
A171: G1078101001811 | B171: PCS | C171: 40060800 | D171: 144 | E171: 3
A172: G1078101004810 | B172: PCS | C172: 40056228 | D172: 72 | E172: 1
A173: G1078101004810 | B173: PCS | C173: 40023559 | D173: 72 | E173: 2
A174: G1078101004810 | B174: PCS | C174: 40060798 | D174: 72 | E174: 3
A175: G1078001001811 | B175: PCS | C175: 40056227 | D175: 144
A176: G1078001001811 | B176: PCS | C176: 40023534 | D176: 144
A177: G1078001001811 | B177: PCS | C177: 40060797 | D177: 144
A178: G1077001001812 | B178: PCS | C178: 40007562 | D178: 144
A179: G1078001004810 | B179: PCS | C179: 40056229 | D179: 72
A180: G1078001004810 | B180: PCS | C180: 40060796 | D180: 72
A181: G1078001004810 | B181: PCS | C181: 40023557 | D181: 72
A182: G1078001004810 | B182: PCS | C182: 40007561 | D182: 72
A183: G1077001000413 | B183: PCS | C183: 40007556 | D183: 864
A184: G1077001000413 | B184: PCS | C184: 40035625 | D184: 864
A185: G1077002001812 | B185: PCS | C185: 40007572 | D185: 144
A186: G1077003000410 | B186: PCS | C186: 40017204 | D186: 864
... A239: G1151001020020 | B239: BTL | C239: 40027989 | D239: 36
A240: G1161101040010 | B240: PCH | C240: 40027883 | D240: 12 | E240: 1
A241: G1161101040010 | B241: PCH | C241: 40009897 | D241: 12 | E241: 2
A242: G1161001020020 | B242: BTL | C242: 40028065 | D242: 36
A243: G1161001020020 | B243: BTL | C243: 40016503 | D243: 36
A244: G1171001004511 | B244: PCS | C244: 40043531 | D244: 24
A245: G1171002001011 | B245: PCS | C245: 40027228 | D245: 144
A246: G1171002001011 | B246: PCS | C246: 40008112 | D246: 144
A247: G1171002000410 | B247: PCS | C247: 40058367 | D247: 288
A248: G1171002000410 | B248: PCS | C248: 40027227 | D248: 288
A249: G1172001002520 | B249: RCG | C249: 40049678 | D249: 72
A250: G1172001002510 | B250: PCS | C250: 40049679 | D250: 72
A251: G1172001003010 | B251: PCS | C251: 40039096 | D251: 72
A252: G1172001000410 | B252: PCS | C252: 40058366 | D252: 288
A253: G1172001000410 | B253: PCS | C253: 40027230 | D253: 288
... A365: G1231000040020 | B365: BTL | C365: 40019545 | D365: 24
A366: G1231000080011 | B366: PCH | C366: (blank) | D366: (blank)
A367: G1231000080010 | B367: PCH | C367: 40058788 | D367: 12
A368: G1231000080010 | B368: PCH | C368: 40042169 | D368: 12
A369: G1231000080010 | B369: PCH | C369: 40032018 | D369: 12
A370: G1230000100110 | B370: BTL | C370: 40008238 | D370: 12
A371: G1230000020010 | B371: BTL | C371: 40008233 | D371: 48
A372: G1230000002520 | B372: PCS | C372: 40035631 | D372: 144
A373: G1230000002520 | B373: PCS | C373: 40013424 | D373: 144
A374: G1230000100330 | B374: JRG | C374: 40035632 | D374: 4
A375: G1230000050010 | B375: BTL | C375: 40008237 | D375: 24
A376: G1241100020010 | B376: KLG | C376: 40057947 | D376: 12
A377: G1242001020010 | B377: PCH | C377: 40029967 | D377: 24
A378: G1242001023020 | B378: PUMP | C378: 40029583 | D378: 12
... A380: G1261201024510 | B380: PCS | C380: 40030007 | D380: 12
A381: G1261201024510 | B381: PCS | C381: 40026846 | D381: (blank)
A382: G1261102030020 | B382: KLG | C382: 40030010 | D382: 12
A383: G1261103030020 | B383: KLG | C383: 40030009 | D383: 12
A384: G1261204024510 | B384: PCS | C384: 40030008 | D384: 12
A385: G1261204024510 | B385: PCS | C385: 40026845 | D385: 12
A386: G1261201040010 | B386: KLG | C386: 40057616 | D386: 6
A387: G1261201040010 | B387: KLG | C387: 40043467 | D387: 6
A388: G1261201040010 | B388: KLG | C388: 40059936 | D388: 6
A389: G1261202035010 | B389: KLG | C389: 40057617 | D389: 6
...

Sheet Table Pvt 1
A1: Kode Barang Win | B1: Kode Pcpl | C1: SATUAN Fix Win | D1: ISI/CTN | E1: Kode PCPL yang sama | F1: Column1
A2: F4011100007010 | B2: 040411111 | C2: BOX | D2: 6 | E2: 1 | F2: =Pvt_Map_1[[#This Row],[Kode Barang Win]] -> F4011100007010
A3: F4012101040010 | B3: 050413100 | C3: PCH | D3: 24 | E3: 1 | F3: =Pvt_Map_1[[#This Row],[Kode Barang Win]] -> F4012101040010
A4: F4012102040010 | B4: 050415100 | C4: PCH | D4: 24 | E4: 1 | F4: =Pvt_Map_1[[#This Row],[Kode Barang Win]] -> F4012102040010
A5: F4012001048020 | B5: 050413200 | C5: PUMP | D5: 24 | E5: 1 | F5: =Pvt_Map_1[[#This Row],[Kode Barang Win]] -> F4012001048020
A6: F4012002048020 | B6: 050415200 | C6: PUMP | D6: 24 | E6: 1 | F6: =Pvt_Map_1[[#This Row],[Kode Barang Win]] -> F4012002048020
A7: F4013001007010 | B7: 040413100 | C7: PCS | D7: 72 | E7: 1 | F7: =Pvt_Map_1[[#This Row],[Kode Barang Win]] -> F4013001007010
A8: F4013002007010 | B8: 040415100 | C8: PCS | D8: 72 | E8: 1 | F8: =Pvt_Map_1[[#This Row],[Kode Barang Win]] -> F4013002007010
A9: F4021001010010 | B9: 040402200 | C9: PCS | D9: 72 | E9: 1 | F9: =Pvt_Map_1[[#This Row],[Kode Barang Win]] -> F4021001010010
A10: F4031101040010 | B10: 050703100 | C10: PUMP | D10: 24 | E10: 1 | F10: =Pvt_Map_1[[#This Row],[Kode Barang Win]] -> F4031101040010
A11: F4031102040020 | B11: 050702100 | C11: PCH | D11: 24 | E11: 1 | F11: =Pvt_Map_1[[#This Row],[Kode Barang Win]] -> F4031102040020
A12: F4031103040020 | B12: 050701100 | C12: PCH | D12: 24 | E12: 1 | F12: =Pvt_Map_1[[#This Row],[Kode Barang Win]] -> F4031103040020
A13: F4031001048030 | B13: 050703101 | C13: BTL | D13: 24 | E13: 1 | F13: =Pvt_Map_1[[#This Row],[Kode Barang Win]] -> F4031001048030
... A72: F4065002008011 | B72: 191701307 | C72: TUBE | D72: 48 | E72: 1 | F72: =Pvt_Map_1[[#This Row],[Kode Barang Win]] -> F4065002008011
A73: F4065002008011 | B73: 191703000 | C73: TUBE | D73: 48 | E73: 1 | F73: =Pvt_Map_1[[#This Row],[Kode Barang Win]] -> F4065002008011
A74: F4065003002010 | B74: 191702000 | C74: TUBE | D74: 12 | E74: 1 | F74: =Pvt_Map_1[[#This Row],[Kode Barang Win]] -> F4065003002010
A75: F4066001008010 | B75: 041716400 | C75: PCS | D75: 144 | E75: 1 | F75: =Pvt_Map_1[[#This Row],[Kode Barang Win]] -> F4066001008010
A76: F4066002008010 | B76: 041720400 | C76: PCS | D76: 144 | E76: 1 | F76: =Pvt_Map_1[[#This Row],[Kode Barang Win]] -> F4066002008010
A77: F4066003008010 | B77: 041717400 | C77: PCS | D77: 144 | E77: 1 | F77: =Pvt_Map_1[[#This Row],[Kode Barang Win]] -> F4066003008010
A78: F4066004008010 | B78: 041715400 | C78: PCS | D78: 144 | E78: 1 | F78: =Pvt_Map_1[[#This Row],[Kode Barang Win]] -> F4066004008010
A79: F4066005008010 | B79: 041718400 | C79: PCS | D79: 144 | E79: 1 | F79: =Pvt_Map_1[[#This Row],[Kode Barang Win]] -> F4066005008010
A80: F4066006008010 | B80: 041719400 | C80: PCS | D80: 144 | E80: 1 | F80: =Pvt_Map_1[[#This Row],[Kode Barang Win]] -> F4066006008010
A81: F4067101018010 | B81: 051706300 | C81: PCH | D81: 48 | E81: 1 | F81: =Pvt_Map_1[[#This Row],[Kode Barang Win]] -> F4067101018010
A82: F4067102018010 | B82: 051703300 | C82: PCH | D82: 48 | E82: 1 | F82: =Pvt_Map_1[[#This Row],[Kode Barang Win]] -> F4067102018010
A83: F4067103018010 | B83: 051704300 | C83: PCH | D83: 48 | E83: 1 | F83: =Pvt_Map_1[[#This Row],[Kode Barang Win]] -> F4067103018010
A84: F4067104018010 | B84: 051705300 | C84: PCH | D84: 48 | E84: 1 | F84: =Pvt_Map_1[[#This Row],[Kode Barang Win]] -> F4067104018010
A85: F4067005018010 | B85: 051702300 | C85: PCH | D85: 48 | E85: 1 | F85: =Pvt_Map_1[[#This Row],[Kode Barang Win]] -> F4067005018010
A86: F4067005048020 | B86: 051702800 | C86: PUMP | D86: 24 | E86: 1 | F86: =Pvt_Map_1[[#This Row],[Kode Barang Win]] -> F4067005048020
... A130: F4067011048020 | B130: 051705800 | C130: PUMP | D130: 24 | E130: 1 | F130: =Pvt_Map_1[[#This Row],[Kode Barang Win]] -> F4067011048020
A131: F4053004003020 | B131: 112603000 | C131: BTL | D131: 48 | E131: 1 | F131: =Pvt_Map_1[[#This Row],[Kode Barang Win]] -> F4053004003020
A132: F4053001003020 | B132: 112601000 | C132: BTL | D132: 48 | E132: 1 | F132: =Pvt_Map_1[[#This Row],[Kode Barang Win]] -> F4053001003020
A133: F4053002003020 | B133: 112604000 | C133: BTL | D133: 48 | E133: 1 | F133: =Pvt_Map_1[[#This Row],[Kode Barang Win]] -> F4053002003020
A134: F4053003003020 | B134: 112602000 | C134: BTL | D134: 48 | E134: 1 | F134: =Pvt_Map_1[[#This Row],[Kode Barang Win]] -> F4053003003020
A135: F4061104040011 | B135: 051701495 | C135: PCH | D135: 12 | E135: 1 | F135: =Pvt_Map_1[[#This Row],[Kode Barang Win]] -> F4061104040011
A136: F4061104040011 | B136: 051701012 | C136: PCH | D136: 12 | F136: =Pvt_Map_1[[#This Row],[Kode Barang Win]] -> F4061104040011
A137: F4061204042010 | B137: 051701400 | C137: PCH | D137: 24 | E137: 1 | F137: =Pvt_Map_1[[#This Row],[Kode Barang Win]] -> F4061204042010
A138: F4061301042010 | B138: 051702400 | C138: PCH | D138: 24 | E138: 1 | F138: =Pvt_Map_1[[#This Row],[Kode Barang Win]] -> F4061301042010
A139: F4061403042010 | B139: 051703400 | C139: PCH | D139: 24 | E139: 1 | F139: =Pvt_Map_1[[#This Row],[Kode Barang Win]] -> F4061403042010
A140: F4061510042010 | B140: 051704400 | C140: PCH | D140: 24 | E140: 1 | F140: =Pvt_Map_1[[#This Row],[Kode Barang Win]] -> F4061510042010
A141: F4061611042010 | B141: 051705400 | C141: PCH | D141: 24 | E141: 1 | F141: =Pvt_Map_1[[#This Row],[Kode Barang Win]] -> F4061611042010
A142: F4061702042010 | B142: 051706400 | C142: PCH | D142: 24 | E142: 1 | F142: =Pvt_Map_1[[#This Row],[Kode Barang Win]] -> F4061702042010
A143: F4061111040011 | B143: 051705401 | C143: PCH | D143: 24 | E143: 1 | F143: =Pvt_Map_1[[#This Row],[Kode Barang Win]] -> F4061111040011
A144: F40630050200111 | B144: 061703004 | C144: JAR | D144: 48 | E144: 1 | F144: =Pvt_Map_1[[#This Row],[Kode Barang Win]] -> F40630050200111
A145: F40630030200111 | B145: 061704003 | C145: JAR | D145: 48 | E145: 1 | F145: =Pvt_Map_1[[#This Row],[Kode Barang Win]] -> F40630030200111
A146: F40630060200111 | B146: 061705004 | C146: JAR | D146: 48 | E146: 1 | F146: =Pvt_Map_1[[#This Row],[Kode Barang Win]] -> F40630060200111
A147: F40630040200111 | B147: 061701003 | C147: JAR | D147: 48 | E147: 1 | F147: =Pvt_Map_1[[#This Row],[Kode Barang Win]] -> F40630040200111
A148: F40690010030121 | B148: 161702000 | C148: TUBE | D148: 48 | E148: 1 | F148: =Pvt_Map_1[[#This Row],[Kode Barang Win]] -> F40690010030121
A149: F4065001008012 | B149: 191702002 | C149: TUBE | D149: 48 | E149: 1 | F149: =Pvt_Map_1[[#This Row],[Kode Barang Win]] -> F4065001008012
A150: F4066004006010 | B150: (blank) | C150: PCS | D150: 72 | E150: 1 | F150: =Pvt_Map_1[[#This Row],[Kode Barang Win]] -> F4066004006010
A151: F4066003006010 | B151: (blank) | C151: PCS | D151: 72 | E151: 1 | F151: =Pvt_Map_1[[#This Row],[Kode Barang Win]] -> F4066003006010
A152: F4067005022530 | B152: 051702700 | C152: BTL | D152: 48 | E152: 1 | F152: =Pvt_Map_1[[#This Row],[Kode Barang Win]] -> F4067005022530
A153: F4067006022530 | B153: 051706700 | C153: BTL | D153: 48 | E153: 1 | F153: =Pvt_Map_1[[#This Row],[Kode Barang Win]] -> F4067006022530
A154: F4067009022530 | B154: 051704700 | C154: BTL | D154: 48 | E154: 1 | F154: =Pvt_Map_1[[#This Row],[Kode Barang Win]] -> F4067009022530
A155: F4067011022530 | B155: 051705700 | C155: BTL | D155: 48 | E155: 1 | F155: =Pvt_Map_1[[#This Row],[Kode Barang Win]] -> F4067011022530
A156: F4071103040011 | B156: 052506402 | C156: PCH | D156: 24 | E156: 1 | F156: =Pvt_Map_1[[#This Row],[Kode Barang Win]] -> F4071103040011
A157: F4071104040011 | B157: 052506602 | C157: PCH | D157: 24 | E157: 1 | F157: =Pvt_Map_1[[#This Row],[Kode Barang Win]] -> F4071104040011
A158: F40711020085101 | B158: 052506000 | C158: PCH | D158: 48 | E158: 1 | F158: =Pvt_Map_1[[#This Row],[Kode Barang Win]] -> F40711020085101
A159: F4071105040011 | B159: 052502402 | C159: PCH | D159: 24 | E159: 1 | F159: =Pvt_Map_1[[#This Row],[Kode Barang Win]] -> F4071105040011
A160: F4071106040011 | B160: 052506702 | C160: PCH | D160: 24 | E160: 1 | F160: =Pvt_Map_1[[#This Row],[Kode Barang Win]] -> F4071106040011
A161: F4073005008010 | B161: 042501102 | C161: PCS | D161: 72 | E161: 1 | F161: =Pvt_Map_1[[#This Row],[Kode Barang Win]] -> F4073005008010
... A168: F4031101040020 | B168: 050703100 | C168: PCH | D168: 24 | E168: 1 | F168: =Pvt_Map_1[[#This Row],[Kode Barang Win]] -> F4031101040020
A169: F4041002000930 | B169: 070702000 | C169: PCSX10 | D169: 48 RCG | E169: 3 | F169: =Pvt_Map_1[[#This Row],[Kode Barang Win]] -> F4041002000930
A170: F4041003000930 | B170: 070701000 | C170: PCSX10 | D170: 48 RCG | E170: 2 | F170: =Pvt_Map_1[[#This Row],[Kode Barang Win]] -> F4041003000930
A171: F4061111150010 | B171: 051705000 | C171: PCH | D171: 6 | E171: 1 | F171: =Pvt_Map_1[[#This Row],[Kode Barang Win]] -> F4061111150010
A172: F4061001005010 | B172: 101701006 | C172: BTL | D172: 48 | E172: 1 | F172: =Pvt_Map_1[[#This Row],[Kode Barang Win]] -> F4061001005010
A173: F4065001002020 | B173: 191702001 | C173: PCS | D173: 120 | E173: 1 | F173: =Pvt_Map_1[[#This Row],[Kode Barang Win]] -> F4065001002020
A174: F4065001002020 | B174: 191702003 | C174: PCS | D174: 120 | E174: 2 | F174: =Pvt_Map_1[[#This Row],[Kode Barang Win]] -> F4065001002020
A175: F4066004006020 | B175: 041701000 | C175: PACK | D175: 24 | E175: 1 | F175: =Pvt_Map_1[[#This Row],[Kode Barang Win]] -> F4066004006020
A176: F4066003006020 | B176: 041703000 | C176: PACK | D176: 24 | E176: 1 | F176: =Pvt_Map_1[[#This Row],[Kode Barang Win]] -> F4066003006020
A177: F4071103080010 | B177: 052501800 | C177: PCH | D177: 12 | E177: 1 | F177: =Pvt_Map_1[[#This Row],[Kode Barang Win]] -> F4071103080010
A178: F4062005021010 | B178: 071704302 | C178: BTL | D178: 48 | E178: 1 | F178: =Pvt_Map_1[[#This Row],[Kode Barang Win]] -> F4062005021010
A179: F40610001030010 | B179: 171701001 | C179: BTL | D179: 24 | E179: 1 | F179: =Pvt_Map_1[[#This Row],[Kode Barang Win]] -> F40610001030010
A180: F40610001015010 | B180: 171701000 | C180: BTL | D180: 48 | E180: 1 | F180: =Pvt_Map_1[[#This Row],[Kode Barang Win]] -> F40610001015010
A181: F4064001026010 | B181: 081722200 | C181: TUBE | D181: 48 | E181: 1 | F181: =Pvt_Map_1[[#This Row],[Kode Barang Win]] -> F4064001026010
A182: F4065002008012 | B182: (blank) | C182: TUBE | D182: (blank) | E182: 1 | F182: =Pvt_Map_1[[#This Row],[Kode Barang Win]] -> F4065002008012
A183: F4065003002013 | B183: 191704000 | C183: TOPLES | D183: 12 | E183: 1 | F183: =Pvt_Map_1[[#This Row],[Kode Barang Win]] -> F4065003002013
A184: F4065004008020 | B184: 191701700 | C184: PCS | D184: 48 | E184: 1 | F184: =Pvt_Map_1[[#This Row],[Kode Barang Win]] -> F4065004008020
A185: F4066003006013 | B185: 041703100 | C185: PCS | D185: 72 | E185: 1 | F185: =Pvt_Map_1[[#This Row],[Kode Barang Win]] -> F4066003006013
A186: F4066006006020 | B186: 041702001 | C186: PACK | D186: 24 | E186: 1 | F186: =Pvt_Map_1[[#This Row],[Kode Barang Win]] -> F4066006006020
A187: F40611001001010 | B187: 131702001 | C187: TUBE | D187: 120 | E187: 1 | F187: =Pvt_Map_1[[#This Row],[Kode Barang Win]] -> F40611001001010
A188: F40611002001010 | B188: 131703001 | C188: TUBE | D188: 120 | E188: 1 | F188: =Pvt_Map_1[[#This Row],[Kode Barang Win]] -> F40611002001010
A189: F4071103038010 | B189: 052501004 | C189: PCH | D189: 24 | E189: 1 | F189: =Pvt_Map_1[[#This Row],[Kode Barang Win]] -> F4071103038010
A190: F4071104038010 | B190: 052503002 | C190: PCH | D190: 24 | E190: 1 | F190: =Pvt_Map_1[[#This Row],[Kode Barang Win]] -> F4071104038010
B191: (blank) | C191: 0 | D191: (blank) | F191: =Pvt_Map_1[[#This Row],[Kode Barang Win]]
A192: F4062005010010 | B192: 071704204 | C192: BTL | D192: 48 | F192: =Pvt_Map_1[[#This Row],[Kode Barang Win]] -> F4062005010010
A193: F4068002001520 | B193: 101701008 | C193: JAR | D193: 96 | E193: 1 | F193: =Pvt_Map_1[[#This Row],[Kode Barang Win]] -> F4068002001520

Sheet Fix Mapping
A1: KODE BARANG | B1: NAMA BARANG | C1: ISI/CTN | D1: SATUAN | E1: NAMA KELOMPOK | F1: Harga Beli Pcs (-PPN) | G1: Harga Beli Krt (- PPN) | H1: Harga Beli Pcs (+PPN) | I1: Harga Beli Krt (+PPN) | J1: Harga Jual Pcs GT (-PPN) | K1: Harga Jual Krt GT (- PPN) | L1: Harga Jual Pcs GT (+PPN | M1: Harga Jual Krt GT (+PPN) | N1: Harga Jual Pcs MT (-PPN) | O1: Harga Jual Krt MT (- PPN) | P1: Harga Jual Pcs MT (+PPN) | Q1: Harga Jual Krt MT (+PPN) | R1: NAMA PRINCIPLE | S1: PCPL KODE 1 | T1: PCPL KODE 2 | U1: PCPL KODE 3 | V1: PCPL KODE 4 | W1: PCPL KODE 5

Sheet Query Map.BrgDoubleDms
A1: Kode BARANG Win2 | B1: Nama Win | C1: PCPL KODE 1 | D1: PCPL KODE 2 | E1: PCPL KODE 3 | F1: PCPL KODE 4 | G1: PCPL KODE 5
B2: X | C2: =IFERROR(VLOOKUP(CONCATENATE(Table43_1[[#This Row],[Kode BARANG Win2]],1),'Form Fix'!$A$6:$H$663,4,0),0) -> 0 | D2: =IFERROR(VLOOKUP(CONCATENATE(Table43_1[[#This Row],[Kode BARANG Win2]],2),'Form Fix'!$A$6:$H$663,4,0),0) -> 0 | E2: =IFERROR(VLOOKUP(CONCATENATE(Table43_1[[#This Row],[Kode BARANG Win2]],3),'Form Fix'!$A$6:$H$663,4,0),0) -> 0 | F2: =IFERROR(VLOOKUP(CONCATENATE(Table43_1[[#This Row],[Kode BARANG Win2]],4),'Form Fix'!$A$6:$H$663,4,0),0) -> 0 | G2: =IFERROR(VLOOKUP(CONCATENATE(Table43_1[[#This Row],[Kode BARANG Win2]],5),'Form Fix'!$A$6:$H$663,4,0),0) -> 0
A3: G1011000001510 | B3: AUTOSOL METAL POLISH 15GR X 144 TUBE | C3: =IFERROR(VLOOKUP(CONCATENATE(Table43_1[[#This Row],[Kode BARANG Win2]],1),'Form Fix'!$A$6:$H$663,4,0),0) -> 0 | D3: =IFERROR(VLOOKUP(CONCATENATE(Table43_1[[#This Row],[Kode BARANG Win2]],2),'Form Fix'!$A$6:$H$663,4,0),0) -> 0 | E3: =IFERROR(VLOOKUP(CONCATENATE(Table43_1[[#This Row],[Kode BARANG Win2]],3),'Form Fix'!$A$6:$H$663,4,0),0) -> 0 | F3: =IFERROR(VLOOKUP(CONCATENATE(Table43_1[[#This Row],[Kode BARANG Win2]],4),'Form Fix'!$A$6:$H$663,4,0),0) -> 0 | G3: =IFERROR(VLOOKUP(CONCATENATE(Table43_1[[#This Row],[Kode BARANG Win2]],5),'Form Fix'!$A$6:$H$663,4,0),0) -> 0
A4: G1011000005010 | B4: AUTOSOL METAL POLISH 50GR X 48 TUBE | C4: =IFERROR(VLOOKUP(CONCATENATE(Table43_1[[#This Row],[Kode BARANG Win2]],1),'Form Fix'!$A$6:$H$663,4,0),0) -> 0 | D4: =IFERROR(VLOOKUP(CONCATENATE(Table43_1[[#This Row],[Kode BARANG Win2]],2),'Form Fix'!$A$6:$H$663,4,0),0) -> 0 | E4: =IFERROR(VLOOKUP(CONCATENATE(Table43_1[[#This Row],[Kode BARANG Win2]],3),'Form Fix'!$A$6:$H$663,4,0),0) -> 0 | F4: =IFERROR(VLOOKUP(CONCATENATE(Table43_1[[#This Row],[Kode BARANG Win2]],4),'Form Fix'!$A$6:$H$663,4,0),0) -> 0 | G4: =IFERROR(VLOOKUP(CONCATENATE(Table43_1[[#This Row],[Kode BARANG Win2]],5),'Form Fix'!$A$6:$H$663,4,0),0) -> 0
A5: G1020000002010 | B5: BIOSOL 20ML X 144 SCH | C5: =IFERROR(VLOOKUP(CONCATENATE(Table43_1[[#This Row],[Kode BARANG Win2]],1),'Form Fix'!$A$6:$H$663,4,0),0) -> 0 | D5: =IFERROR(VLOOKUP(CONCATENATE(Table43_1[[#This Row],[Kode BARANG Win2]],2),'Form Fix'!$A$6:$H$663,4,0),0) -> 0 | E5: =IFERROR(VLOOKUP(CONCATENATE(Table43_1[[#This Row],[Kode BARANG Win2]],3),'Form Fix'!$A$6:$H$663,4,0),0) -> 0 | F5: =IFERROR(VLOOKUP(CONCATENATE(Table43_1[[#This Row],[Kode BARANG Win2]],4),'Form Fix'!$A$6:$H$663,4,0),0) -> 0 | G5: =IFERROR(VLOOKUP(CONCATENATE(Table43_1[[#This Row],[Kode BARANG Win2]],5),'Form Fix'!$A$6:$H$663,4,0),0) -> 0
A6: G1020000040020 | B6: BIOSOL 400ML X 12 PCH | C6: =IFERROR(VLOOKUP(CONCATENATE(Table43_1[[#This Row],[Kode BARANG Win2]],1),'Form Fix'!$A$6:$H$663,4,0),0) -> 0 | D6: =IFERROR(VLOOKUP(CONCATENATE(Table43_1[[#This Row],[Kode BARANG Win2]],2),'Form Fix'!$A$6:$H$663,4,0),0) -> 0 | E6: =IFERROR(VLOOKUP(CONCATENATE(Table43_1[[#This Row],[Kode BARANG Win2]],3),'Form Fix'!$A$6:$H$663,4,0),0) -> 0 | F6: =IFERROR(VLOOKUP(CONCATENATE(Table43_1[[#This Row],[Kode BARANG Win2]],4),'Form Fix'!$A$6:$H$663,4,0),0) -> 0 | G6: =IFERROR(VLOOKUP(CONCATENATE(Table43_1[[#This Row],[Kode BARANG Win2]],5),'Form Fix'!$A$6:$H$663,4,0),0) -> 0
A7: G1020000040021 | B7: BIOSOL 400ML X 6 PCH BOGOF | C7: =IFERROR(VLOOKUP(CONCATENATE(Table43_1[[#This Row],[Kode BARANG Win2]],1),'Form Fix'!$A$6:$H$663,4,0),0) -> 0 | D7: =IFERROR(VLOOKUP(CONCATENATE(Table43_1[[#This Row],[Kode BARANG Win2]],2),'Form Fix'!$A$6:$H$663,4,0),0) -> 0 | E7: =IFERROR(VLOOKUP(CONCATENATE(Table43_1[[#This Row],[Kode BARANG Win2]],3),'Form Fix'!$A$6:$H$663,4,0),0) -> 0 | F7: =IFERROR(VLOOKUP(CONCATENATE(Table43_1[[#This Row],[Kode BARANG Win2]],4),'Form Fix'!$A$6:$H$663,4,0),0) -> 0 | G7: =IFERROR(VLOOKUP(CONCATENATE(Table43_1[[#This Row],[Kode BARANG Win2]],5),'Form Fix'!$A$6:$H$663,4,0),0) -> 0
A8: G1020000070020 | B8: BIOSOL 700ML X 12 PCH | C8: =IFERROR(VLOOKUP(CONCATENATE(Table43_1[[#This Row],[Kode BARANG Win2]],1),'Form Fix'!$A$6:$H$663,4,0),0) -> 0 | D8: =IFERROR(VLOOKUP(CONCATENATE(Table43_1[[#This Row],[Kode BARANG Win2]],2),'Form Fix'!$A$6:$H$663,4,0),0) -> 0 | E8: =IFERROR(VLOOKUP(CONCATENATE(Table43_1[[#This Row],[Kode BARANG Win2]],3),'Form Fix'!$A$6:$H$663,4,0),0) -> 0 | F8: =IFERROR(VLOOKUP(CONCATENATE(Table43_1[[#This Row],[Kode BARANG Win2]],4),'Form Fix'!$A$6:$H$663,4,0),0) -> 0 | G8: =IFERROR(VLOOKUP(CONCATENATE(Table43_1[[#This Row],[Kode BARANG Win2]],5),'Form Fix'!$A$6:$H$663,4,0),0) -> 0
A9: G1020000070021 | B9: BIOSOL 700ML X 6 PCH BOGOF | C9: =IFERROR(VLOOKUP(CONCATENATE(Table43_1[[#This Row],[Kode BARANG Win2]],1),'Form Fix'!$A$6:$H$663,4,0),0) -> 0 | D9: =IFERROR(VLOOKUP(CONCATENATE(Table43_1[[#This Row],[Kode BARANG Win2]],2),'Form Fix'!$A$6:$H$663,4,0),0) -> 0 | E9: =IFERROR(VLOOKUP(CONCATENATE(Table43_1[[#This Row],[Kode BARANG Win2]],3),'Form Fix'!$A$6:$H$663,4,0),0) -> 0 | F9: =IFERROR(VLOOKUP(CONCATENATE(Table43_1[[#This Row],[Kode BARANG Win2]],4),'Form Fix'!$A$6:$H$663,4,0),0) -> 0 | G9: =IFERROR(VLOOKUP(CONCATENATE(Table43_1[[#This Row],[Kode BARANG Win2]],5),'Form Fix'!$A$6:$H$663,4,0),0) -> 0
A10: G1021101050030 | B10: BIOSOL HIT POWER L2L B2B PRO 500ML X 24 JRG | C10: =IFERROR(VLOOKUP(CONCATENATE(Table43_1[[#This Row],[Kode BARANG Win2]],1),'Form Fix'!$A$6:$H$663,4,0),0) -> 0 | D10: =IFERROR(VLOOKUP(CONCATENATE(Table43_1[[#This Row],[Kode BARANG Win2]],2),'Form Fix'!$A$6:$H$663,4,0),0) -> 0 | E10: =IFERROR(VLOOKUP(CONCATENATE(Table43_1[[#This Row],[Kode BARANG Win2]],3),'Form Fix'!$A$6:$H$663,4,0),0) -> 0 | F10: =IFERROR(VLOOKUP(CONCATENATE(Table43_1[[#This Row],[Kode BARANG Win2]],4),'Form Fix'!$A$6:$H$663,4,0),0) -> 0 | G10: =IFERROR(VLOOKUP(CONCATENATE(Table43_1[[#This Row],[Kode BARANG Win2]],5),'Form Fix'!$A$6:$H$663,4,0),0) -> 0
A11: G1031001001210 | B11: CAP GAJAH LEM LALAT STICK 12S X 72 PCS | C11: =IFERROR(VLOOKUP(CONCATENATE(Table43_1[[#This Row],[Kode BARANG Win2]],1),'Form Fix'!$A$6:$H$663,4,0),0) -> 0 | D11: =IFERROR(VLOOKUP(CONCATENATE(Table43_1[[#This Row],[Kode BARANG Win2]],2),'Form Fix'!$A$6:$H$663,4,0),0) -> 0 | E11: =IFERROR(VLOOKUP(CONCATENATE(Table43_1[[#This Row],[Kode BARANG Win2]],3),'Form Fix'!$A$6:$H$663,4,0),0) -> 0 | F11: =IFERROR(VLOOKUP(CONCATENATE(Table43_1[[#This Row],[Kode BARANG Win2]],4),'Form Fix'!$A$6:$H$663,4,0),0) -> 0 | G11: =IFERROR(VLOOKUP(CONCATENATE(Table43_1[[#This Row],[Kode BARANG Win2]],5),'Form Fix'!$A$6:$H$663,4,0),0) -> 0
A12: G1031002000310 | B12: CAP GAJAH LEM LALAT KERTAS 3S X 120 PCS | C12: =IFERROR(VLOOKUP(CONCATENATE(Table43_1[[#This Row],[Kode BARANG Win2]],1),'Form Fix'!$A$6:$H$663,4,0),0) -> 0 | D12: =IFERROR(VLOOKUP(CONCATENATE(Table43_1[[#This Row],[Kode BARANG Win2]],2),'Form Fix'!$A$6:$H$663,4,0),0) -> 0 | E12: =IFERROR(VLOOKUP(CONCATENATE(Table43_1[[#This Row],[Kode BARANG Win2]],3),'Form Fix'!$A$6:$H$663,4,0),0) -> 0 | F12: =IFERROR(VLOOKUP(CONCATENATE(Table43_1[[#This Row],[Kode BARANG Win2]],4),'Form Fix'!$A$6:$H$663,4,0),0) -> 0 | G12: =IFERROR(VLOOKUP(CONCATENATE(Table43_1[[#This Row],[Kode BARANG Win2]],5),'Form Fix'!$A$6:$H$663,4,0),0) -> 0
A13: G1032000005010 | B13: CAP GAJAH LEM TIKUS 50ML X 144 TUBE | C13: =IFERROR(VLOOKUP(CONCATENATE(Table43_1[[#This Row],[Kode BARANG Win2]],1),'Form Fix'!$A$6:$H$663,4,0),0) -> 0 | D13: =IFERROR(VLOOKUP(CONCATENATE(Table43_1[[#This Row],[Kode BARANG Win2]],2),'Form Fix'!$A$6:$H$663,4,0),0) -> 0 | E13: =IFERROR(VLOOKUP(CONCATENATE(Table43_1[[#This Row],[Kode BARANG Win2]],3),'Form Fix'!$A$6:$H$663,4,0),0) -> 0 | F13: =IFERROR(VLOOKUP(CONCATENATE(Table43_1[[#This Row],[Kode BARANG Win2]],4),'Form Fix'!$A$6:$H$663,4,0),0) -> 0 | G13: =IFERROR(VLOOKUP(CONCATENATE(Table43_1[[#This Row],[Kode BARANG Win2]],5),'Form Fix'!$A$6:$H$663,4,0),0) -> 0
A14: G1032000010010 | B14: CAP GAJAH LEM TIKUS 100ML X 144 TUBE | C14: =IFERROR(VLOOKUP(CONCATENATE(Table43_1[[#This Row],[Kode BARANG Win2]],1),'Form Fix'!$A$6:$H$663,4,0),0) -> 0 | D14: =IFERROR(VLOOKUP(CONCATENATE(Table43_1[[#This Row],[Kode BARANG Win2]],2),'Form Fix'!$A$6:$H$663,4,0),0) -> 0 | E14: =IFERROR(VLOOKUP(CONCATENATE(Table43_1[[#This Row],[Kode BARANG Win2]],3),'Form Fix'!$A$6:$H$663,4,0),0) -> 0 | F14: =IFERROR(VLOOKUP(CONCATENATE(Table43_1[[#This Row],[Kode BARANG Win2]],4),'Form Fix'!$A$6:$H$663,4,0),0) -> 0 | G14: =IFERROR(VLOOKUP(CONCATENATE(Table43_1[[#This Row],[Kode BARANG Win2]],5),'Form Fix'!$A$6:$H$663,4,0),0) -> 0
... A388: G1303100000010 | B388: SUSEMI SABUT STAINLESS PAPAN X 432 PCS | C388: =IFERROR(VLOOKUP(CONCATENATE(Table43_1[[#This Row],[Kode BARANG Win2]],1),'Form Fix'!$A$6:$H$663,4,0),0) -> 0 | D388: =IFERROR(VLOOKUP(CONCATENATE(Table43_1[[#This Row],[Kode BARANG Win2]],2),'Form Fix'!$A$6:$H$663,4,0),0) -> 0 | E388: =IFERROR(VLOOKUP(CONCATENATE(Table43_1[[#This Row],[Kode BARANG Win2]],3),'Form Fix'!$A$6:$H$663,4,0),0) -> 0 | F388: =IFERROR(VLOOKUP(CONCATENATE(Table43_1[[#This Row],[Kode BARANG Win2]],4),'Form Fix'!$A$6:$H$663,4,0),0) -> 0 | G388: =IFERROR(VLOOKUP(CONCATENATE(Table43_1[[#This Row],[Kode BARANG Win2]],5),'Form Fix'!$A$6:$H$663,4,0),0) -> 0

Sheet Form Fix
C1: UPDATE TGL
Q2: =COUNTIF(Table43[LEN 50], ">50") -> 87
D3: PASTE NAMA DAN CODE PRINCIPLE (Buat Format seperti ini dan Ambil dari Daftar Harga Principle) | R3: CPI | AO3: Daftar Harga | BD3: Update Per
K4: ISI SESUAIKAN ANTARA DMS vs WIN | M4: HASIL CODE KELOMPOK, CODE BARANG & NAMA BARANG WIN | R4: Kolom Principle | AO4: Harga Beli | AS4: Harga Jual GT | AW4: Harga Jual MT | BA4: MARGIN | BI4: To Win, diisi oleh Admin
A5: CONCATENATE MAPPING | B5: No. Urut Item Sama | C5: NO | D5: Kode Pcpl | E5: Klp Brg Pcpl | F5: Column4 | G5: Column3 | H5: Nama Barang Principle | I5: ISI/CTN | J5: Ket. Tambahan / Pembantu | K5: SATUAN Fix Win | L5: Nama Kelompok Win | M5: Kode Kelompok Win | N5: Kode BARANG Win2 | O5: LEN 15 | P5: Nama Win | Q5: LEN 50 | R5: Nama Pcpl | S5: kode 2 Digit (hrf+No) | T5: Nama KLP | U5: kode 2 Digit (Nomor) | V5: Nama Sub KLP | W5: kode 1 Digit (Nomor) | X5: Nama Sub KLP2 | Y5: kode 1 Digit (Nomor)5 | Z5: Nama Aroma/ Rasa | AA5: kode 2 Digit (Nomor)2 | AB5: Nama Gramasi atau Jumlah Pack per CTN | AC5: kode 4 Digit (Nomor) | AD5: NamaJenisKemasan | AE5: kode 1 Digit (Nomor)3 | AF5: Nama Promo | AG5: kode 1 Digit (Nomor)4 | AH5: Gunakan ini apabila item tersebut sachet | AI5: kode 1 Digit (Nomor)32 | AJ5: KET TAMBAHAN2 | AK5: KET. GOLONGAN | AL5: kode 1 Digit (Nomor) | AM5: Tanda Kode Revisi | AN5: Column6 | AO5: Harga Beli Pcs (-PPN) | AP5: Harga Beli Krt (- PPN) | AQ5: Harga Beli Pcs (+PPN) | AR5: Harga Beli Krt (+PPN) | AS5: Harga Jual Pcs GT (-PPN) | AT5: Harga Jual Krt GT (- PPN) | AU5: Harga Jual Pcs GT (+PPN | AV5: Harga Jual Krt GT (+PPN) | AW5: Harga Jual Pcs MT (-PPN) | AX5: Harga Jual Krt MT (- PPN) | AY5: Harga Jual Pcs MT (+PPN) | AZ5: Harga Jual Krt MT (+PPN) | BA5: MARGIN | BB5: Column1 | BC5: Column2 | BD5: Efektif Pembuatan | BE5: Efektif Naik Harga | BF5: Status Pembuatan | BG5: Status Harga | BH5: Status Barang | BI5: Mata Uang | BJ5: Kode Golongan | BK5: Nama Golongan | BL5: Kode PCPL To Win | BM5: Kode Jenis Produk | BN5: SAT BSR | BO5: GD | BP5: Kode PRK | BQ5: Kode PRK SJ | BR5: Kode Job | BS5: Approval | BT5: Nama Principle | BU5: Column5
A6: =CONCATENATE(Table43[[#This Row],[Kode BARANG Win2]],Table43[[#This Row],[No. Urut Item Sama]]) | K6: =Table43[[#This Row],[NamaJenisKemasan]] -> 0 | L6: =TRIM(CONCATENATE(Table43[[#This Row],[Nama KLP]]," ",Table43[[#This Row],[Nama Sub KLP]])) | M6: =CONCATENATE(Table43[[#This Row],[kode 2 Digit (hrf+No)]],Table43[[#This Row],[kode 2 Digit (Nomor)]],Table43[[#This Row],[kode 1 Digit (Nomor)]]) | N6: =IF(AI6="",CONCATENATE(S6,U6,W6,Y6,AA6,AC6,AE6,AG6,Table43[[#This Row],[Tanda Kode Revisi]]),CONCATENATE(S6,U6,W6,Y6,AA6,AC6,AE6,AI6)) | O6: =LEN(N6) -> 0 | P6: =IF(AH6<>"",TRIM(UPPER(CONCATENATE(R6," ",T6," ",V6," ",X6," ",Z6," ",AB6," ","X"," ",Table43[[#This Row],[ISI/CTN]]," ",AH6," ",AD6," ",AF6," ",AJ6))),TRIM(UPPER(CONCATENATE(R6," ",T6," ",V6," ",X6," ",Z6," ",AB6," ","X"," ",Table43[[#This Row],[ISI/CTN]]," ",AD6," ",AF6," ",AJ6)))) -> X | Q6: =LEN(P6) -> 1 | AK6: =Table43[[#This Row],[Column4]] -> 0 | AN6: =Table43[[#This Row],[ISI/CTN]] -> 0 | AO6: =Table43[[#This Row],[Harga Jual Pcs GT (-PPN)]]-(Table43[[#This Row],[Harga Jual Pcs GT (-PPN)]]*6.5%) -> 0 | AP6: =Table43[[#This Row],[Harga Beli Pcs (-PPN)]]*Table43[[#This Row],[ISI/CTN]] -> 0 | AQ6: =Table43[[#This Row],[Harga Beli Pcs (-PPN)]]*1.11 -> 0 | AR6: =Table43[[#This Row],[Harga Beli Krt (- PPN)]]*1.11 -> 0 | AT6: =Table43[[#This Row],[Harga Jual Pcs GT (-PPN)]]*Table43[[#This Row],[ISI/CTN]] -> 0 | AU6: =Table43[[#This Row],[Harga Jual Pcs GT (-PPN)]]*1.11 -> 0 | AV6: =Table43[[#This Row],[Harga Jual Krt GT (- PPN)]]*1.11 -> 0 | AW6: =IFERROR(VLOOKUP(Table43[[#This Row],[Kode Pcpl]],'[1]FEB 2026'!$A$3:$X$312,24,0),0) -> 0 | AX6: =Table43[[#This Row],[Harga Jual Pcs MT (-PPN)]]*Table43[[#This Row],[ISI/CTN]] -> 0 | AY6: =Table43[[#This Row],[Harga Jual Pcs MT (-PPN)]]*1.11 -> 0 | AZ6: =Table43[[#This Row],[Harga Jual Pcs MT (+PPN)]]*Table43[[#This Row],[ISI/CTN]] -> 0 | BA6: =(Table43[[#This Row],[Harga Jual Pcs GT (-PPN)]]-Table43[[#This Row],[Harga Beli Pcs (-PPN)]])/Table43[[#This Row],[Harga Jual Pcs GT (-PPN)]] -> #DIV/0! | BB6: =Table43[[#This Row],[Harga Jual Pcs MT (-PPN)]]-Table43[[#This Row],[Harga Beli Pcs (-PPN)]] -> 0 | BC6: =Table43[[#This Row],[Column1]]/Table43[[#This Row],[Harga Jual Pcs MT (-PPN)]] -> #DIV/0! | BF6: =IF(TODAY()-Table43[[#This Row],[Efektif Pembuatan]]>60,"Lama","Baru") -> Lama | BG6: =IF(TODAY()-Table43[[#This Row],[Efektif Naik Harga]]<30,"Naik","Sama") -> Sama | BI6: =IF(Table43[[#This Row],[Kode BARANG Win2]]<>"","IDR","") | BJ6: =CONCATENATE(Table43[[#This Row],[kode 1 Digit (Nomor)]],Table43[[#This Row],[kode 4 Digit (Nomor)]]) | BK6: =Table43[[#This Row],[Nama Gramasi atau Jumlah Pack per CTN]] -> 0 | BN6: =IF(Table43[[#This Row],[SATUAN Fix Win]]<>"","KRT") -> KRT | BO6: =IF(Table43[[#This Row],[SATUAN Fix Win]]<>"","GD01") -> GD01 | BP6: =IF(Table43[[#This Row],[SATUAN Fix Win]]<>"",11611) -> 11611 | BQ6: =IF(Table43[[#This Row],[SATUAN Fix Win]]<>"",11612) -> 11612 | BS6: =IF(Table43[[#This Row],[SATUAN Fix Win]]<>"",1) -> 1 | BU6: =Table43[[#This Row],[ISI/CTN]] -> 0
A7: =CONCATENATE(Table43[[#This Row],[Kode BARANG Win2]],Table43[[#This Row],[No. Urut Item Sama]]) | K7: =Table43[[#This Row],[NamaJenisKemasan]] -> 0 | L7: =TRIM(CONCATENATE(Table43[[#This Row],[Nama KLP]]," ",Table43[[#This Row],[Nama Sub KLP]])) | M7: =CONCATENATE(Table43[[#This Row],[kode 2 Digit (hrf+No)]],Table43[[#This Row],[kode 2 Digit (Nomor)]],Table43[[#This Row],[kode 1 Digit (Nomor)]]) | N7: =IF(AI7="",CONCATENATE(S7,U7,W7,Y7,AA7,AC7,AE7,AG7,Table43[[#This Row],[Tanda Kode Revisi]]),CONCATENATE(S7,U7,W7,Y7,AA7,AC7,AE7,AI7)) | O7: =LEN(N7) -> 0 | P7: =IF(AH7<>"",TRIM(UPPER(CONCATENATE(R7," ",T7," ",V7," ",X7," ",Z7," ",AB7," ","X"," ",Table43[[#This Row],[ISI/CTN]]," ",AH7," ",AD7," ",AF7," ",AJ7))),TRIM(UPPER(CONCATENATE(R7," ",T7," ",V7," ",X7," ",Z7," ",AB7," ","X"," ",Table43[[#This Row],[ISI/CTN]]," ",AD7," ",AF7," ",AJ7)))) -> X | Q7: =LEN(P7) -> 1 | AK7: =Table43[[#This Row],[Column4]] -> 0 | AN7: =Table43[[#This Row],[ISI/CTN]] -> 0 | AO7: =Table43[[#This Row],[Harga Jual Pcs GT (-PPN)]]-(Table43[[#This Row],[Harga Jual Pcs GT (-PPN)]]*6.5%) -> 0 | AP7: =Table43[[#This Row],[Harga Beli Pcs (-PPN)]]*Table43[[#This Row],[ISI/CTN]] -> 0 | AQ7: =Table43[[#This Row],[Harga Beli Pcs (-PPN)]]*1.11 -> 0 | AR7: =Table43[[#This Row],[Harga Beli Krt (- PPN)]]*1.11 -> 0 | AT7: =Table43[[#This Row],[Harga Jual Pcs GT (-PPN)]]*Table43[[#This Row],[ISI/CTN]] -> 0 | AU7: =Table43[[#This Row],[Harga Jual Pcs GT (-PPN)]]*1.11 -> 0 | AV7: =Table43[[#This Row],[Harga Jual Krt GT (- PPN)]]*1.11 -> 0 | AW7: =IFERROR(VLOOKUP(Table43[[#This Row],[Kode Pcpl]],'[1]FEB 2026'!$A$3:$X$312,24,0),0) -> 0 | AX7: =Table43[[#This Row],[Harga Jual Pcs MT (-PPN)]]*Table43[[#This Row],[ISI/CTN]] -> 0 | AY7: =Table43[[#This Row],[Harga Jual Pcs MT (-PPN)]]*1.11 -> 0 | AZ7: =Table43[[#This Row],[Harga Jual Pcs MT (+PPN)]]*Table43[[#This Row],[ISI/CTN]] -> 0 | BA7: =(Table43[[#This Row],[Harga Jual Pcs GT (-PPN)]]-Table43[[#This Row],[Harga Beli Pcs (-PPN)]])/Table43[[#This Row],[Harga Jual Pcs GT (-PPN)]] -> #DIV/0! | BB7: =Table43[[#This Row],[Harga Jual Pcs MT (-PPN)]]-Table43[[#This Row],[Harga Beli Pcs (-PPN)]] -> 0 | BC7: =Table43[[#This Row],[Column1]]/Table43[[#This Row],[Harga Jual Pcs MT (-PPN)]] -> #DIV/0! | BF7: =IF(TODAY()-Table43[[#This Row],[Efektif Pembuatan]]>60,"Lama","Baru") -> Lama | BG7: =IF(TODAY()-Table43[[#This Row],[Efektif Naik Harga]]<30,"Naik","Sama") -> Sama | BI7: =IF(Table43[[#This Row],[Kode BARANG Win2]]<>"","IDR","") | BJ7: =CONCATENATE(Table43[[#This Row],[kode 1 Digit (Nomor)]],Table43[[#This Row],[kode 4 Digit (Nomor)]]) | BK7: =Table43[[#This Row],[Nama Gramasi atau Jumlah Pack per CTN]] -> 0 | BN7: =IF(Table43[[#This Row],[SATUAN Fix Win]]<>"","KRT") -> KRT | BO7: =IF(Table43[[#This Row],[SATUAN Fix Win]]<>"","GD01") -> GD01 | BP7: =IF(Table43[[#This Row],[SATUAN Fix Win]]<>"",11611) -> 11611 | BQ7: =IF(Table43[[#This Row],[SATUAN Fix Win]]<>"",11612) -> 11612 | BS7: =IF(Table43[[#This Row],[SATUAN Fix Win]]<>"",1) -> 1 | BU7: =Table43[[#This Row],[ISI/CTN]] -> 0
A8: =CONCATENATE(Table43[[#This Row],[Kode BARANG Win2]],Table43[[#This Row],[No. Urut Item Sama]]) -> G1011000001510 | C8: 30010010015000 | D8: 40008216 | E8: AUTOSOL METAL POLISH 144 TUBE X 15GR 8216 AS01 | F8: 30010010015000 | G8: 0 | H8: AUTOSOL Metal Polish 15 gr | I8: 144 | J8: 8992745730101 | K8: =Table43[[#This Row],[NamaJenisKemasan]] -> TUBE | L8: =TRIM(CONCATENATE(Table43[[#This Row],[Nama KLP]]," ",Table43[[#This Row],[Nama Sub KLP]])) -> AUTOSOL METAL POLISH | M8: =CONCATENATE(Table43[[#This Row],[kode 2 Digit (hrf+No)]],Table43[[#This Row],[kode 2 Digit (Nomor)]],Table43[[#This Row],[kode 1 Digit (Nomor)]]) -> G1011 | N8: =IF(AI8="",CONCATENATE(S8,U8,W8,Y8,AA8,AC8,AE8,AG8,Table43[[#This Row],[Tanda Kode Revisi]]),CONCATENATE(S8,U8,W8,Y8,AA8,AC8,AE8,AI8)) -> G1011000001510 | O8: =LEN(N8) -> 14 | P8: =IF(AH8<>"",TRIM(UPPER(CONCATENATE(R8," ",T8," ",V8," ",X8," ",Z8," ",AB8," ","X"," ",Table43[[#This Row],[ISI/CTN]]," ",AH8," ",AD8," ",AF8," ",AJ8))),TRIM(UPPER(CONCATENATE(R8," ",T8," ",V8," ",X8," ",Z8," ",AB8," ","X"," ",Table43[[#This Row],[ISI/CTN]]," ",AD8," ",AF8," ",AJ8)))) -> AUTOSOL METAL POLISH 15GR X 144 TUBE | Q8: =LEN(P8) -> 36 | S8: G1 | T8: AUTOSOL | U8: 01 | V8: METAL POLISH | W8: 1 | Y8: 0 | AA8: 00 | AB8: 15GR | AC8: 0015 | AD8: TUBE | AE8: 1 | AG8: 0 | AK8: =Table43[[#This Row],[Column4]] -> 30010010015000 | AN8: =Table43[[#This Row],[ISI/CTN]] -> 144 | AO8: =Table43[[#This Row],[Harga Jual Pcs GT (-PPN)]]-(Table43[[#This Row],[Harga Jual Pcs GT (-PPN)]]*6.5%) -> 9452.85 | AP8: =Table43[[#This Row],[Harga Beli Pcs (-PPN)]]*Table43[[#This Row],[ISI/CTN]] -> 1361210.4 | AQ8: =Table43[[#This Row],[Harga Beli Pcs (-PPN)]]*1.11 -> 10492.664 | AR8: =Table43[[#This Row],[Harga Beli Krt (- PPN)]]*1.11 -> 1510943.5 | AS8: 10110 | AT8: =Table43[[#This Row],[Harga Jual Pcs GT (-PPN)]]*Table43[[#This Row],[ISI/CTN]] -> 1455840 | AU8: =Table43[[#This Row],[Harga Jual Pcs GT (-PPN)]]*1.11 -> 11222.1 | AV8: =Table43[[#This Row],[Harga Jual Krt GT (- PPN)]]*1.11 -> 1615982.4 | AW8: =IFERROR(VLOOKUP(Table43[[#This Row],[Kode Pcpl]],'[1]FEB 2026'!$A$3:$X$312,24,0),0) -> 0 | AX8: =Table43[[#This Row],[Harga Jual Pcs MT (-PPN)]]*Table43[[#This Row],[ISI/CTN]] -> 0 | AY8: =Table43[[#This Row],[Harga Jual Pcs MT (-PPN)]]*1.11 -> 0 | AZ8: =Table43[[#This Row],[Harga Jual Pcs MT (+PPN)]]*Table43[[#This Row],[ISI/CTN]] -> 0 | BA8: =(Table43[[#This Row],[Harga Jual Pcs GT (-PPN)]]-Table43[[#This Row],[Harga Beli Pcs (-PPN)]])/Table43[[#This Row],[Harga Jual Pcs GT (-PPN)]] -> 0.065 | BB8: =Table43[[#This Row],[Harga Jual Pcs MT (-PPN)]]-Table43[[#This Row],[Harga Beli Pcs (-PPN)]] -> -9452.85 | BC8: =Table43[[#This Row],[Column1]]/Table43[[#This Row],[Harga Jual Pcs MT (-PPN)]] -> #DIV/0! | BF8: =IF(TODAY()-Table43[[#This Row],[Efektif Pembuatan]]>60,"Lama","Baru") -> Lama | BG8: =IF(TODAY()-Table43[[#This Row],[Efektif Naik Harga]]<30,"Naik","Sama") -> Sama | BI8: =IF(Table43[[#This Row],[Kode BARANG Win2]]<>"","IDR","") -> IDR | BJ8: =CONCATENATE(Table43[[#This Row],[kode 1 Digit (Nomor)]],Table43[[#This Row],[kode 4 Digit (Nomor)]]) -> 0015 | BK8: =Table43[[#This Row],[Nama Gramasi atau Jumlah Pack per CTN]] -> 15GR | BN8: =IF(Table43[[#This Row],[SATUAN Fix Win]]<>"","KRT") -> KRT | BO8: =IF(Table43[[#This Row],[SATUAN Fix Win]]<>"","GD01") -> GD01 | BP8: =IF(Table43[[#This Row],[SATUAN Fix Win]]<>"",11611) -> 11611 | BQ8: =IF(Table43[[#This Row],[SATUAN Fix Win]]<>"",11612) -> 11612 | BS8: =IF(Table43[[#This Row],[SATUAN Fix Win]]<>"",1) -> 1 | BU8: =Table43[[#This Row],[ISI/CTN]] -> 144
A9: =CONCATENATE(Table43[[#This Row],[Kode BARANG Win2]],Table43[[#This Row],[No. Urut Item Sama]]) -> G1011000005010 | C9: 30010010050000 | D9: 40008217 | E9: AUTOSOL METAL POLISH 48 TUBE X 50GR 8217 AS02 | F9: 30010010050000 | G9: 0 | H9: AUTOSOL Metal Polish 50 gr | I9: 48 | J9: 8992745730200 | K9: =Table43[[#This Row],[NamaJenisKemasan]] -> TUBE | L9: =TRIM(CONCATENATE(Table43[[#This Row],[Nama KLP]]," ",Table43[[#This Row],[Nama Sub KLP]])) -> AUTOSOL METAL POLISH | M9: =CONCATENATE(Table43[[#This Row],[kode 2 Digit (hrf+No)]],Table43[[#This Row],[kode 2 Digit (Nomor)]],Table43[[#This Row],[kode 1 Digit (Nomor)]]) -> G1011 | N9: =IF(AI9="",CONCATENATE(S9,U9,W9,Y9,AA9,AC9,AE9,AG9,Table43[[#This Row],[Tanda Kode Revisi]]),CONCATENATE(S9,U9,W9,Y9,AA9,AC9,AE9,AI9)) -> G1011000005010 | O9: =LEN(N9) -> 14 | P9: =IF(AH9<>"",TRIM(UPPER(CONCATENATE(R9," ",T9," ",V9," ",X9," ",Z9," ",AB9," ","X"," ",Table43[[#This Row],[ISI/CTN]]," ",AH9," ",AD9," ",AF9," ",AJ9))),TRIM(UPPER(CONCATENATE(R9," ",T9," ",V9," ",X9," ",Z9," ",AB9," ","X"," ",Table43[[#This Row],[ISI/CTN]]," ",AD9," ",AF9," ",AJ9)))) -> AUTOSOL METAL POLISH 50GR X 48 TUBE | Q9: =LEN(P9) -> 35 | S9: G1 | T9: AUTOSOL | U9: 01 | V9: METAL POLISH | W9: 1 | Y9: 0 | AA9: 00 | AB9: 50GR | AC9: 0050 | AD9: TUBE | AE9: 1 | AG9: 0 | AK9: =Table43[[#This Row],[Column4]] -> 30010010050000 | AN9: =Table43[[#This Row],[ISI/CTN]] -> 48 | AO9: =Table43[[#This Row],[Harga Jual Pcs GT (-PPN)]]-(Table43[[#This Row],[Harga Jual Pcs GT (-PPN)]]*6.5%) -> 18391.45 | AP9: =Table43[[#This Row],[Harga Beli Pcs (-PPN)]]*Table43[[#This Row],[ISI/CTN]] -> 882789.6 | AQ9: =Table43[[#This Row],[Harga Beli Pcs (-PPN)]]*1.11 -> 20414.51 | AR9: =Table43[[#This Row],[Harga Beli Krt (- PPN)]]*1.11 -> 979896.46 | AS9: 19670 | AT9: =Table43[[#This Row],[Harga Jual Pcs GT (-PPN)]]*Table43[[#This Row],[ISI/CTN]] -> 944160 | AU9: =Table43[[#This Row],[Harga Jual Pcs GT (-PPN)]]*1.11 -> 21833.7 | AV9: =Table43[[#This Row],[Harga Jual Krt GT (- PPN)]]*1.11 -> 1048017.6 | AW9: =IFERROR(VLOOKUP(Table43[[#This Row],[Kode Pcpl]],'[1]FEB 2026'!$A$3:$X$312,24,0),0) -> 0 | AX9: =Table43[[#This Row],[Harga Jual Pcs MT (-PPN)]]*Table43[[#This Row],[ISI/CTN]] -> 0 | AY9: =Table43[[#This Row],[Harga Jual Pcs MT (-PPN)]]*1.11 -> 0 | AZ9: =Table43[[#This Row],[Harga Jual Pcs MT (+PPN)]]*Table43[[#This Row],[ISI/CTN]] -> 0 | BA9: =(Table43[[#This Row],[Harga Jual Pcs GT (-PPN)]]-Table43[[#This Row],[Harga Beli Pcs (-PPN)]])/Table43[[#This Row],[Harga Jual Pcs GT (-PPN)]] -> 0.065 | BB9: =Table43[[#This Row],[Harga Jual Pcs MT (-PPN)]]-Table43[[#This Row],[Harga Beli Pcs (-PPN)]] -> -18391.45 | BC9: =Table43[[#This Row],[Column1]]/Table43[[#This Row],[Harga Jual Pcs MT (-PPN)]] -> #DIV/0! | BF9: =IF(TODAY()-Table43[[#This Row],[Efektif Pembuatan]]>60,"Lama","Baru") -> Lama | BG9: =IF(TODAY()-Table43[[#This Row],[Efektif Naik Harga]]<30,"Naik","Sama") -> Sama | BI9: =IF(Table43[[#This Row],[Kode BARANG Win2]]<>"","IDR","") -> IDR | BJ9: =CONCATENATE(Table43[[#This Row],[kode 1 Digit (Nomor)]],Table43[[#This Row],[kode 4 Digit (Nomor)]]) -> 0050 | BK9: =Table43[[#This Row],[Nama Gramasi atau Jumlah Pack per CTN]] -> 50GR | BN9: =IF(Table43[[#This Row],[SATUAN Fix Win]]<>"","KRT") -> KRT | BO9: =IF(Table43[[#This Row],[SATUAN Fix Win]]<>"","GD01") -> GD01 | BP9: =IF(Table43[[#This Row],[SATUAN Fix Win]]<>"",11611) -> 11611 | BQ9: =IF(Table43[[#This Row],[SATUAN Fix Win]]<>"",11612) -> 11612 | BS9: =IF(Table43[[#This Row],[SATUAN Fix Win]]<>"",1) -> 1 | BU9: =Table43[[#This Row],[ISI/CTN]] -> 48
A10: =CONCATENATE(Table43[[#This Row],[Kode BARANG Win2]],Table43[[#This Row],[No. Urut Item Sama]]) -> G1020000002010 | C10: 30020000700000 | D10: 40014370 | E10: BIOSOL 144 SCH X 20ML 14370 35630 BS01 | F10: 30020000020000 | G10: 0 | H10: BIOSOL SACHET 20 ML+5 ML | I10: 144 | J10: 8992745540892 | K10: =Table43[[#This Row],[NamaJenisKemasan]] -> SCH | L10: =TRIM(CONCATENATE(Table43[[#This Row],[Nama KLP]]," ",Table43[[#This Row],[Nama Sub KLP]])) -> BIOSOL | M10: =CONCATENATE(Table43[[#This Row],[kode 2 Digit (hrf+No)]],Table43[[#This Row],[kode 2 Digit (Nomor)]],Table43[[#This Row],[kode 1 Digit (Nomor)]]) -> G1020 | N10: =IF(AI10="",CONCATENATE(S10,U10,W10,Y10,AA10,AC10,AE10,AG10,Table43[[#This Row],[Tanda Kode Revisi]]),CONCATENATE(S10,U10,W10,Y10,AA10,AC10,AE10,AI10)) -> G1020000002010 | O10: =LEN(N10) -> 14 | P10: =IF(AH10<>"",TRIM(UPPER(CONCATENATE(R10," ",T10," ",V10," ",X10," ",Z10," ",AB10," ","X"," ",Table43[[#This Row],[ISI/CTN]]," ",AH10," ",AD10," ",AF10," ",AJ10))),TRIM(UPPER(CONCATENATE(R10," ",T10," ",V10," ",X10," ",Z10," ",AB10," ","X"," ",Table43[[#This Row],[ISI/CTN]]," ",AD10," ",AF10," ",AJ10)))) -> BIOSOL 20ML X 144 SCH | Q10: =LEN(P10) -> 21 | S10: G1 | T10: BIOSOL | U10: 02 | W10: 0 | Y10: 0 | AA10: 00 | AB10: 20ML | AC10: 0020 | AD10: SCH | AE10: 1 | AG10: 0 | AK10: =Table43[[#This Row],[Column4]] -> 30020000020000 | AN10: =Table43[[#This Row],[ISI/CTN]] -> 144 | AO10: =Table43[[#This Row],[Harga Jual Pcs GT (-PPN)]]-(Table43[[#This Row],[Harga Jual Pcs GT (-PPN)]]*6.5%) -> 317.9 | AP10: =Table43[[#This Row],[Harga Beli Pcs (-PPN)]]*Table43[[#This Row],[ISI/CTN]] -> 45777.6 | AQ10: =Table43[[#This Row],[Harga Beli Pcs (-PPN)]]*1.11 -> 352.869 | AR10: =Table43[[#This Row],[Harga Beli Krt (- PPN)]]*1.11 -> 50813.136 | AS10: 340 | AT10: =Table43[[#This Row],[Harga Jual Pcs GT (-PPN)]]*Table43[[#This Row],[ISI/CTN]] -> 48960 | AU10: =Table43[[#This Row],[Harga Jual Pcs GT (-PPN)]]*1.11 -> 377.4 | AV10: =Table43[[#This Row],[Harga Jual Krt GT (- PPN)]]*1.11 -> 54345.6 | AW10: =IFERROR(VLOOKUP(Table43[[#This Row],[Kode Pcpl]],'[1]FEB 2026'!$A$3:$X$312,24,0),0) -> 0 | AX10: =Table43[[#This Row],[Harga Jual Pcs MT (-PPN)]]*Table43[[#This Row],[ISI/CTN]] -> 0 | AY10: =Table43[[#This Row],[Harga Jual Pcs MT (-PPN)]]*1.11 -> 0 | AZ10: =Table43[[#This Row],[Harga Jual Pcs MT (+PPN)]]*Table43[[#This Row],[ISI/CTN]] -> 0 | BA10: =(Table43[[#This Row],[Harga Jual Pcs GT (-PPN)]]-Table43[[#This Row],[Harga Beli Pcs (-PPN)]])/Table43[[#This Row],[Harga Jual Pcs GT (-PPN)]] -> 0.065 | BB10: =Table43[[#This Row],[Harga Jual Pcs MT (-PPN)]]-Table43[[#This Row],[Harga Beli Pcs (-PPN)]] -> -317.9 | BC10: =Table43[[#This Row],[Column1]]/Table43[[#This Row],[Harga Jual Pcs MT (-PPN)]] -> #DIV/0! | BF10: =IF(TODAY()-Table43[[#This Row],[Efektif Pembuatan]]>60,"Lama","Baru") -> Lama | BG10: =IF(TODAY()-Table43[[#This Row],[Efektif Naik Harga]]<30,"Naik","Sama") -> Sama | BI10: =IF(Table43[[#This Row],[Kode BARANG Win2]]<>"","IDR","") -> IDR | BJ10: =CONCATENATE(Table43[[#This Row],[kode 1 Digit (Nomor)]],Table43[[#This Row],[kode 4 Digit (Nomor)]]) -> 0020 | BK10: =Table43[[#This Row],[Nama Gramasi atau Jumlah Pack per CTN]] -> 20ML | BN10: =IF(Table43[[#This Row],[SATUAN Fix Win]]<>"","KRT") -> KRT | BO10: =IF(Table43[[#This Row],[SATUAN Fix Win]]<>"","GD01") -> GD01 | BP10: =IF(Table43[[#This Row],[SATUAN Fix Win]]<>"",11611) -> 11611 | BQ10: =IF(Table43[[#This Row],[SATUAN Fix Win]]<>"",11612) -> 11612 | BS10: =IF(Table43[[#This Row],[SATUAN Fix Win]]<>"",1) -> 1 | BU10: =Table43[[#This Row],[ISI/CTN]] -> 144
A11: =CONCATENATE(Table43[[#This Row],[Kode BARANG Win2]],Table43[[#This Row],[No. Urut Item Sama]]) -> G1020000002010 | C11: 30020000700001 | D11: 40035630 | E11: BIOSOL 144 SCH X 20ML 14370 35630 BS01 | F11: 30020000020000 | G11: 0 | H11: BIOSOL SACHET 20 ML+5 ML PROMO 12+1 | I11: 144 | J11: 8992745540892 | K11: =Table43[[#This Row],[NamaJenisKemasan]] -> SCH | L11: =TRIM(CONCATENATE(Table43[[#This Row],[Nama KLP]]," ",Table43[[#This Row],[Nama Sub KLP]])) -> BIOSOL | M11: =CONCATENATE(Table43[[#This Row],[kode 2 Digit (hrf+No)]],Table43[[#This Row],[kode 2 Digit (Nomor)]],Table43[[#This Row],[kode 1 Digit (Nomor)]]) -> G1020 | N11: =IF(AI11="",CONCATENATE(S11,U11,W11,Y11,AA11,AC11,AE11,AG11,Table43[[#This Row],[Tanda Kode Revisi]]),CONCATENATE(S11,U11,W11,Y11,AA11,AC11,AE11,AI11)) -> G1020000002010 | O11: =LEN(N11) -> 14 | P11: =IF(AH11<>"",TRIM(UPPER(CONCATENATE(R11," ",T11," ",V11," ",X11," ",Z11," ",AB11," ","X"," ",Table43[[#This Row],[ISI/CTN]]," ",AH11," ",AD11," ",AF11," ",AJ11))),TRIM(UPPER(CONCATENATE(R11," ",T11," ",V11," ",X11," ",Z11," ",AB11," ","X"," ",Table43[[#This Row],[ISI/CTN]]," ",AD11," ",AF11," ",AJ11)))) -> BIOSOL 20ML X 144 SCH | Q11: =LEN(P11) -> 21 | S11: G1 | T11: BIOSOL | U11: 02 | W11: 0 | Y11: 0 | AA11: 00 | AB11: 20ML | AC11: 0020 | AD11: SCH | AE11: 1 | AG11: 0 | AK11: =Table43[[#This Row],[Column4]] -> 30020000020000 | AN11: =Table43[[#This Row],[ISI/CTN]] -> 144 | AO11: =Table43[[#This Row],[Harga Jual Pcs GT (-PPN)]]-(Table43[[#This Row],[Harga Jual Pcs GT (-PPN)]]*6.5%) -> 317.9 | AP11: =Table43[[#This Row],[Harga Beli Pcs (-PPN)]]*Table43[[#This Row],[ISI/CTN]] -> 45777.6 | AQ11: =Table43[[#This Row],[Harga Beli Pcs (-PPN)]]*1.11 -> 352.869 | AR11: =Table43[[#This Row],[Harga Beli Krt (- PPN)]]*1.11 -> 50813.136 | AS11: 340 | AT11: =Table43[[#This Row],[Harga Jual Pcs GT (-PPN)]]*Table43[[#This Row],[ISI/CTN]] -> 48960 | AU11: =Table43[[#This Row],[Harga Jual Pcs GT (-PPN)]]*1.11 -> 377.4 | AV11: =Table43[[#This Row],[Harga Jual Krt GT (- PPN)]]*1.11 -> 54345.6 | AW11: =IFERROR(VLOOKUP(Table43[[#This Row],[Kode Pcpl]],'[1]FEB 2026'!$A$3:$X$312,24,0),0) -> 0 | AX11: =Table43[[#This Row],[Harga Jual Pcs MT (-PPN)]]*Table43[[#This Row],[ISI/CTN]] -> 0 | AY11: =Table43[[#This Row],[Harga Jual Pcs MT (-PPN)]]*1.11 -> 0 | AZ11: =Table43[[#This Row],[Harga Jual Pcs MT (+PPN)]]*Table43[[#This Row],[ISI/CTN]] -> 0 | BA11: =(Table43[[#This Row],[Harga Jual Pcs GT (-PPN)]]-Table43[[#This Row],[Harga Beli Pcs (-PPN)]])/Table43[[#This Row],[Harga Jual Pcs GT (-PPN)]] -> 0.065 | BB11: =Table43[[#This Row],[Harga Jual Pcs MT (-PPN)]]-Table43[[#This Row],[Harga Beli Pcs (-PPN)]] -> -317.9 | BC11: =Table43[[#This Row],[Column1]]/Table43[[#This Row],[Harga Jual Pcs MT (-PPN)]] -> #DIV/0! | BF11: =IF(TODAY()-Table43[[#This Row],[Efektif Pembuatan]]>60,"Lama","Baru") -> Lama | BG11: =IF(TODAY()-Table43[[#This Row],[Efektif Naik Harga]]<30,"Naik","Sama") -> Sama | BI11: =IF(Table43[[#This Row],[Kode BARANG Win2]]<>"","IDR","") -> IDR | BJ11: =CONCATENATE(Table43[[#This Row],[kode 1 Digit (Nomor)]],Table43[[#This Row],[kode 4 Digit (Nomor)]]) -> 0020 | BK11: =Table43[[#This Row],[Nama Gramasi atau Jumlah Pack per CTN]] -> 20ML | BN11: =IF(Table43[[#This Row],[SATUAN Fix Win]]<>"","KRT") -> KRT | BO11: =IF(Table43[[#This Row],[SATUAN Fix Win]]<>"","GD01") -> GD01 | BP11: =IF(Table43[[#This Row],[SATUAN Fix Win]]<>"",11611) -> 11611 | BQ11: =IF(Table43[[#This Row],[SATUAN Fix Win]]<>"",11612) -> 11612 | BS11: =IF(Table43[[#This Row],[SATUAN Fix Win]]<>"",1) -> 1 | BU11: =Table43[[#This Row],[ISI/CTN]] -> 144
A12: =CONCATENATE(Table43[[#This Row],[Kode BARANG Win2]],Table43[[#This Row],[No. Urut Item Sama]]) -> G1020000040020 | C12: 30020000020000 | D12: 40008247 | E12: BIOSOL 12 POUCH X 400ML 8247 BS02 | F12: 30020000400000 | G12: 0 | H12: BIOSOL POUCH 400 ML | I12: 12 | J12: 8992745730118 | K12: =Table43[[#This Row],[NamaJenisKemasan]] -> PCH | L12: =TRIM(CONCATENATE(Table43[[#This Row],[Nama KLP]]," ",Table43[[#This Row],[Nama Sub KLP]])) -> BIOSOL | M12: =CONCATENATE(Table43[[#This Row],[kode 2 Digit (hrf+No)]],Table43[[#This Row],[kode 2 Digit (Nomor)]],Table43[[#This Row],[kode 1 Digit (Nomor)]]) -> G1020 | N12: =IF(AI12="",CONCATENATE(S12,U12,W12,Y12,AA12,AC12,AE12,AG12,Table43[[#This Row],[Tanda Kode Revisi]]),CONCATENATE(S12,U12,W12,Y12,AA12,AC12,AE12,AI12)) -> G1020000040020 | O12: =LEN(N12) -> 14 | P12: =IF(AH12<>"",TRIM(UPPER(CONCATENATE(R12," ",T12," ",V12," ",X12," ",Z12," ",AB12," ","X"," ",Table43[[#This Row],[ISI/CTN]]," ",AH12," ",AD12," ",AF12," ",AJ12))),TRIM(UPPER(CONCATENATE(R12," ",T12," ",V12," ",X12," ",Z12," ",AB12," ","X"," ",Table43[[#This Row],[ISI/CTN]]," ",AD12," ",AF12," ",AJ12)))) -> BIOSOL 400ML X 12 PCH | Q12: =LEN(P12) -> 21 | S12: G1 | T12: BIOSOL | U12: 02 | W12: 0 | Y12: 0 | AA12: 00 | AB12: 400ML | AC12: 0400 | AD12: PCH | AE12: 2 | AG12: 0 | AK12: =Table43[[#This Row],[Column4]] -> 30020000400000 | AN12: =Table43[[#This Row],[ISI/CTN]] -> 12 | AO12: =Table43[[#This Row],[Harga Jual Pcs GT (-PPN)]]-(Table43[[#This Row],[Harga Jual Pcs GT (-PPN)]]*6.5%) -> 8078.4 | AP12: =Table43[[#This Row],[Harga Beli Pcs (-PPN)]]*Table43[[#This Row],[ISI/CTN]] -> 96940.8 | AQ12: =Table43[[#This Row],[Harga Beli Pcs (-PPN)]]*1.11 -> 8967.024 | AR12: =Table43[[#This Row],[Harga Beli Krt (- PPN)]]*1.11 -> 107604.29 | AS12: 8640 | AT12: =Table43[[#This Row],[Harga Jual Pcs GT (-PPN)]]*Table43[[#This Row],[ISI/CTN]] -> 103680 | AU12: =Table43[[#This Row],[Harga Jual Pcs GT (-PPN)]]*1.11 -> 9590.4 | AV12: =Table43[[#This Row],[Harga Jual Krt GT (- PPN)]]*1.11 -> 115084.8 | AW12: =IFERROR(VLOOKUP(Table43[[#This Row],[Kode Pcpl]],'[1]FEB 2026'!$A$3:$X$312,24,0),0) -> 0 | AX12: =Table43[[#This Row],[Harga Jual Pcs MT (-PPN)]]*Table43[[#This Row],[ISI/CTN]] -> 0 | AY12: =Table43[[#This Row],[Harga Jual Pcs MT (-PPN)]]*1.11 -> 0 | AZ12: =Table43[[#This Row],[Harga Jual Pcs MT (+PPN)]]*Table43[[#This Row],[ISI/CTN]] -> 0 | BA12: =(Table43[[#This Row],[Harga Jual Pcs GT (-PPN)]]-Table43[[#This Row],[Harga Beli Pcs (-PPN)]])/Table43[[#This Row],[Harga Jual Pcs GT (-PPN)]] -> 0.065 | BB12: =Table43[[#This Row],[Harga Jual Pcs MT (-PPN)]]-Table43[[#This Row],[Harga Beli Pcs (-PPN)]] -> -8078.4 | BC12: =Table43[[#This Row],[Column1]]/Table43[[#This Row],[Harga Jual Pcs MT (-PPN)]] -> #DIV/0! | BF12: =IF(TODAY()-Table43[[#This Row],[Efektif Pembuatan]]>60,"Lama","Baru") -> Lama | BG12: =IF(TODAY()-Table43[[#This Row],[Efektif Naik Harga]]<30,"Naik","Sama") -> Sama | BI12: =IF(Table43[[#This Row],[Kode BARANG Win2]]<>"","IDR","") -> IDR | BJ12: =CONCATENATE(Table43[[#This Row],[kode 1 Digit (Nomor)]],Table43[[#This Row],[kode 4 Digit (Nomor)]]) -> 0400 | BK12: =Table43[[#This Row],[Nama Gramasi atau Jumlah Pack per CTN]] -> 400ML | BN12: =IF(Table43[[#This Row],[SATUAN Fix Win]]<>"","KRT") -> KRT | BO12: =IF(Table43[[#This Row],[SATUAN Fix Win]]<>"","GD01") -> GD01 | BP12: =IF(Table43[[#This Row],[SATUAN Fix Win]]<>"",11611) -> 11611 | BQ12: =IF(Table43[[#This Row],[SATUAN Fix Win]]<>"",11612) -> 11612 | BS12: =IF(Table43[[#This Row],[SATUAN Fix Win]]<>"",1) -> 1 | BU12: =Table43[[#This Row],[ISI/CTN]] -> 12
A13: =CONCATENATE(Table43[[#This Row],[Kode BARANG Win2]],Table43[[#This Row],[No. Urut Item Sama]]) -> G1020000040021 | C13: 30020000020000 | D13: 40056288 | E13: BIOSOL 6 POUCH X 400ML BANDED 56288 BS04 | F13: 30020000400001 | G13: 0 | H13: BIOSOL POUCH 400 ML BUY 1 GET 1 | I13: 6 | J13: 8992745730118 | K13: =Table43[[#This Row],[NamaJenisKemasan]] -> PCH | L13: =TRIM(CONCATENATE(Table43[[#This Row],[Nama KLP]]," ",Table43[[#This Row],[Nama Sub KLP]])) -> BIOSOL | M13: =CONCATENATE(Table43[[#This Row],[kode 2 Digit (hrf+No)]],Table43[[#This Row],[kode 2 Digit (Nomor)]],Table43[[#This Row],[kode 1 Digit (Nomor)]]) -> G1020 | N13: =IF(AI13="",CONCATENATE(S13,U13,W13,Y13,AA13,AC13,AE13,AG13,Table43[[#This Row],[Tanda Kode Revisi]]),CONCATENATE(S13,U13,W13,Y13,AA13,AC13,AE13,AI13)) -> G1020000040021 | O13: =LEN(N13) -> 14 | P13: =IF(AH13<>"",TRIM(UPPER(CONCATENATE(R13," ",T13," ",V13," ",X13," ",Z13," ",AB13," ","X"," ",Table43[[#This Row],[ISI/CTN]]," ",AH13," ",AD13," ",AF13," ",AJ13))),TRIM(UPPER(CONCATENATE(R13," ",T13," ",V13," ",X13," ",Z13," ",AB13," ","X"," ",Table43[[#This Row],[ISI/CTN]]," ",AD13," ",AF13," ",AJ13)))) -> BIOSOL 400ML X 6 PCH BOGOF | Q13: =LEN(P13) -> 26 | S13: G1 | T13: BIOSOL | U13: 02 | W13: 0 | Y13: 0 | AA13: 00 | AB13: 400ML | AC13: 0400 | AD13: PCH | AE13: 2 | AF13: BOGOF | AG13: 1 | AK13: =Table43[[#This Row],[Column4]] -> 30020000400001 | AN13: =Table43[[#This Row],[ISI/CTN]] -> 6 | AO13: =Table43[[#This Row],[Harga Jual Pcs GT (-PPN)]]-(Table43[[#This Row],[Harga Jual Pcs GT (-PPN)]]*6.5%) -> 9069.5 | AP13: =Table43[[#This Row],[Harga Beli Pcs (-PPN)]]*Table43[[#This Row],[ISI/CTN]] -> 54417 | AQ13: =Table43[[#This Row],[Harga Beli Pcs (-PPN)]]*1.11 -> 10067.145 | AR13: =Table43[[#This Row],[Harga Beli Krt (- PPN)]]*1.11 -> 60402.87 | AS13: 9700 | AT13: =Table43[[#This Row],[Harga Jual Pcs GT (-PPN)]]*Table43[[#This Row],[ISI/CTN]] -> 58200 | AU13: =Table43[[#This Row],[Harga Jual Pcs GT (-PPN)]]*1.11 -> 10767 | AV13: =Table43[[#This Row],[Harga Jual Krt GT (- PPN)]]*1.11 -> 64602 | AW13: =IFERROR(VLOOKUP(Table43[[#This Row],[Kode Pcpl]],'[1]FEB 2026'!$A$3:$X$312,24,0),0) -> 0 | AX13: =Table43[[#This Row],[Harga Jual Pcs MT (-PPN)]]*Table43[[#This Row],[ISI/CTN]] -> 0 | AY13: =Table43[[#This Row],[Harga Jual Pcs MT (-PPN)]]*1.11 -> 0 | AZ13: =Table43[[#This Row],[Harga Jual Pcs MT (+PPN)]]*Table43[[#This Row],[ISI/CTN]] -> 0 | BA13: =(Table43[[#This Row],[Harga Jual Pcs GT (-PPN)]]-Table43[[#This Row],[Harga Beli Pcs (-PPN)]])/Table43[[#This Row],[Harga Jual Pcs GT (-PPN)]] -> 0.065 | BB13: =Table43[[#This Row],[Harga Jual Pcs MT (-PPN)]]-Table43[[#This Row],[Harga Beli Pcs (-PPN)]] -> -9069.5 | BC13: =Table43[[#This Row],[Column1]]/Table43[[#This Row],[Harga Jual Pcs MT (-PPN)]] -> #DIV/0! | BF13: =IF(TODAY()-Table43[[#This Row],[Efektif Pembuatan]]>60,"Lama","Baru") -> Lama | BG13: =IF(TODAY()-Table43[[#This Row],[Efektif Naik Harga]]<30,"Naik","Sama") -> Sama | BI13: =IF(Table43[[#This Row],[Kode BARANG Win2]]<>"","IDR","") -> IDR | BJ13: =CONCATENATE(Table43[[#This Row],[kode 1 Digit (Nomor)]],Table43[[#This Row],[kode 4 Digit (Nomor)]]) -> 0400 | BK13: =Table43[[#This Row],[Nama Gramasi atau Jumlah Pack per CTN]] -> 400ML | BN13: =IF(Table43[[#This Row],[SATUAN Fix Win]]<>"","KRT") -> KRT | BO13: =IF(Table43[[#This Row],[SATUAN Fix Win]]<>"","GD01") -> GD01 | BP13: =IF(Table43[[#This Row],[SATUAN Fix Win]]<>"",11611) -> 11611 | BQ13: =IF(Table43[[#This Row],[SATUAN Fix Win]]<>"",11612) -> 11612 | BS13: =IF(Table43[[#This Row],[SATUAN Fix Win]]<>"",1) -> 1 | BU13: =Table43[[#This Row],[ISI/CTN]] -> 6
A14: =CONCATENATE(Table43[[#This Row],[Kode BARANG Win2]],Table43[[#This Row],[No. Urut Item Sama]]) -> G1020000070020 | C14: 30020000400001 | D14: 40013979 | E14: BIOSOL 12 POUCH X 700ML 13979 BS03 | F14: 30020000700000 | G14: 0 | H14: BIOSOL POUCH REGULAR 700ML | I14: 12 | J14: 8992745730217 | K14: =Table43[[#This Row],[NamaJenisKemasan]] -> PCH | L14: =TRIM(CONCATENATE(Table43[[#This Row],[Nama KLP]]," ",Table43[[#This Row],[Nama Sub KLP]])) -> BIOSOL | M14: =CONCATENATE(Table43[[#This Row],[kode 2 Digit (hrf+No)]],Table43[[#This Row],[kode 2 Digit (Nomor)]],Table43[[#This Row],[kode 1 Digit (Nomor)]]) -> G1020 | N14: =IF(AI14="",CONCATENATE(S14,U14,W14,Y14,AA14,AC14,AE14,AG14,Table43[[#This Row],[Tanda Kode Revisi]]),CONCATENATE(S14,U14,W14,Y14,AA14,AC14,AE14,AI14)) -> G1020000070020 | O14: =LEN(N14) -> 14 | P14: =IF(AH14<>"",TRIM(UPPER(CONCATENATE(R14," ",T14," ",V14," ",X14," ",Z14," ",AB14," ","X"," ",Table43[[#This Row],[ISI/CTN]]," ",AH14," ",AD14," ",AF14," ",AJ14))),TRIM(UPPER(CONCATENATE(R14," ",T14," ",V14," ",X14," ",Z14," ",AB14," ","X"," ",Table43[[#This Row],[ISI/CTN]]," ",AD14," ",AF14," ",AJ14)))) -> BIOSOL 700ML X 12 PCH | Q14: =LEN(P14) -> 21 | S14: G1 | T14: BIOSOL | U14: 02 | W14: 0 | Y14: 0 | AA14: 00 | AB14: 700ML | AC14: 0700 | AD14: PCH | AE14: 2 | AG14: 0 | AK14: =Table43[[#This Row],[Column4]] -> 30020000700000 | AN14: =Table43[[#This Row],[ISI/CTN]] -> 12 | AO14: =Table43[[#This Row],[Harga Jual Pcs GT (-PPN)]]-(Table43[[#This Row],[Harga Jual Pcs GT (-PPN)]]*6.5%) -> 13430.34 | AP14: =Table43[[#This Row],[Harga Beli Pcs (-PPN)]]*Table43[[#This Row],[ISI/CTN]] -> 161164.08 | AQ14: =Table43[[#This Row],[Harga Beli Pcs (-PPN)]]*1.11 -> 14907.677 | AR14: =Table43[[#This Row],[Harga Beli Krt (- PPN)]]*1.11 -> 178892.13 | AS14: 14364 | AT14: =Table43[[#This Row],[Harga Jual Pcs GT (-PPN)]]*Table43[[#This Row],[ISI/CTN]] -> 172368 | AU14: =Table43[[#This Row],[Harga Jual Pcs GT (-PPN)]]*1.11 -> 15944.04 | AV14: =Table43[[#This Row],[Harga Jual Krt GT (- PPN)]]*1.11 -> 191328.48 | AW14: =IFERROR(VLOOKUP(Table43[[#This Row],[Kode Pcpl]],'[1]FEB 2026'!$A$3:$X$312,24,0),0) -> 0 | AX14: =Table43[[#This Row],[Harga Jual Pcs MT (-PPN)]]*Table43[[#This Row],[ISI/CTN]] -> 0 | AY14: =Table43[[#This Row],[Harga Jual Pcs MT (-PPN)]]*1.11 -> 0 | AZ14: =Table43[[#This Row],[Harga Jual Pcs MT (+PPN)]]*Table43[[#This Row],[ISI/CTN]] -> 0 | BA14: =(Table43[[#This Row],[Harga Jual Pcs GT (-PPN)]]-Table43[[#This Row],[Harga Beli Pcs (-PPN)]])/Table43[[#This Row],[Harga Jual Pcs GT (-PPN)]] -> 0.065 | BB14: =Table43[[#This Row],[Harga Jual Pcs MT (-PPN)]]-Table43[[#This Row],[Harga Beli Pcs (-PPN)]] -> -13430.34 | BC14: =Table43[[#This Row],[Column1]]/Table43[[#This Row],[Harga Jual Pcs MT (-PPN)]] -> #DIV/0! | BF14: =IF(TODAY()-Table43[[#This Row],[Efektif Pembuatan]]>60,"Lama","Baru") -> Lama | BG14: =IF(TODAY()-Table43[[#This Row],[Efektif Naik Harga]]<30,"Naik","Sama") -> Sama | BI14: =IF(Table43[[#This Row],[Kode BARANG Win2]]<>"","IDR","") -> IDR | BJ14: =CONCATENATE(Table43[[#This Row],[kode 1 Digit (Nomor)]],Table43[[#This Row],[kode 4 Digit (Nomor)]]) -> 0700 | BK14: =Table43[[#This Row],[Nama Gramasi atau Jumlah Pack per CTN]] -> 700ML | BN14: =IF(Table43[[#This Row],[SATUAN Fix Win]]<>"","KRT") -> KRT | BO14: =IF(Table43[[#This Row],[SATUAN Fix Win]]<>"","GD01") -> GD01 | BP14: =IF(Table43[[#This Row],[SATUAN Fix Win]]<>"",11611) -> 11611 | BQ14: =IF(Table43[[#This Row],[SATUAN Fix Win]]<>"",11612) -> 11612 | BS14: =IF(Table43[[#This Row],[SATUAN Fix Win]]<>"",1) -> 1 | BU14: =Table43[[#This Row],[ISI/CTN]] -> 12
A15: =CONCATENATE(Table43[[#This Row],[Kode BARANG Win2]],Table43[[#This Row],[No. Urut Item Sama]]) -> G1020000070021 | C15: 30020000400000 | D15: 40056289 | E15: BIOSOL 6 PCH X 700ML BANDED 56289 BS05 | F15: 30020000700001 | G15: 0 | H15: BIOSOL POUCH 700 ML BUY 1 GET 1 | I15: 6 | J15: 8992745730217 | K15: =Table43[[#This Row],[NamaJenisKemasan]] -> PCH | L15: =TRIM(CONCATENATE(Table43[[#This Row],[Nama KLP]]," ",Table43[[#This Row],[Nama Sub KLP]])) -> BIOSOL | M15: =CONCATENATE(Table43[[#This Row],[kode 2 Digit (hrf+No)]],Table43[[#This Row],[kode 2 Digit (Nomor)]],Table43[[#This Row],[kode 1 Digit (Nomor)]]) -> G1020 | N15: =IF(AI15="",CONCATENATE(S15,U15,W15,Y15,AA15,AC15,AE15,AG15,Table43[[#This Row],[Tanda Kode Revisi]]),CONCATENATE(S15,U15,W15,Y15,AA15,AC15,AE15,AI15)) -> G1020000070021 | O15: =LEN(N15) -> 14 | P15: =IF(AH15<>"",TRIM(UPPER(CONCATENATE(R15," ",T15," ",V15," ",X15," ",Z15," ",AB15," ","X"," ",Table43[[#This Row],[ISI/CTN]]," ",AH15," ",AD15," ",AF15," ",AJ15))),TRIM(UPPER(CONCATENATE(R15," ",T15," ",V15," ",X15," ",Z15," ",AB15," ","X"," ",Table43[[#This Row],[ISI/CTN]]," ",AD15," ",AF15," ",AJ15)))) -> BIOSOL 700ML X 6 PCH BOGOF | Q15: =LEN(P15) -> 26 | S15: G1 | T15: BIOSOL | U15: 02 | W15: 0 | Y15: 0 | AA15: 00 | AB15: 700ML | AC15: 0700 | AD15: PCH | AE15: 2 | AF15: BOGOF | AG15: 1 | AK15: =Table43[[#This Row],[Column4]] -> 30020000700001 | AN15: =Table43[[#This Row],[ISI/CTN]] -> 6 | AO15: =Table43[[#This Row],[Harga Jual Pcs GT (-PPN)]]-(Table43[[#This Row],[Harga Jual Pcs GT (-PPN)]]*6.5%) -> 15081.55 | AP15: =Table43[[#This Row],[Harga Beli Pcs (-PPN)]]*Table43[[#This Row],[ISI/CTN]] -> 90489.3 | AQ15: =Table43[[#This Row],[Harga Beli Pcs (-PPN)]]*1.11 -> 16740.521 | AR15: =Table43[[#This Row],[Harga Beli Krt (- PPN)]]*1.11 -> 100443.12 | AS15: 16130 | AT15: =Table43[[#This Row],[Harga Jual Pcs GT (-PPN)]]*Table43[[#This Row],[ISI/CTN]] -> 96780 | AU15: =Table43[[#This Row],[Harga Jual Pcs GT (-PPN)]]*1.11 -> 17904.3 | AV15: =Table43[[#This Row],[Harga Jual Krt GT (- PPN)]]*1.11 -> 107425.8 | AW15: =IFERROR(VLOOKUP(Table43[[#This Row],[Kode Pcpl]],'[1]FEB 2026'!$A$3:$X$312,24,0),0) -> 0 | AX15: =Table43[[#This Row],[Harga Jual Pcs MT (-PPN)]]*Table43[[#This Row],[ISI/CTN]] -> 0 | AY15: =Table43[[#This Row],[Harga Jual Pcs MT (-PPN)]]*1.11 -> 0 | AZ15: =Table43[[#This Row],[Harga Jual Pcs MT (+PPN)]]*Table43[[#This Row],[ISI/CTN]] -> 0 | BA15: =(Table43[[#This Row],[Harga Jual Pcs GT (-PPN)]]-Table43[[#This Row],[Harga Beli Pcs (-PPN)]])/Table43[[#This Row],[Harga Jual Pcs GT (-PPN)]] -> 0.065 | BB15: =Table43[[#This Row],[Harga Jual Pcs MT (-PPN)]]-Table43[[#This Row],[Harga Beli Pcs (-PPN)]] -> -15081.55 | BC15: =Table43[[#This Row],[Column1]]/Table43[[#This Row],[Harga Jual Pcs MT (-PPN)]] -> #DIV/0! | BF15: =IF(TODAY()-Table43[[#This Row],[Efektif Pembuatan]]>60,"Lama","Baru") -> Lama | BG15: =IF(TODAY()-Table43[[#This Row],[Efektif Naik Harga]]<30,"Naik","Sama") -> Sama | BI15: =IF(Table43[[#This Row],[Kode BARANG Win2]]<>"","IDR","") -> IDR | BJ15: =CONCATENATE(Table43[[#This Row],[kode 1 Digit (Nomor)]],Table43[[#This Row],[kode 4 Digit (Nomor)]]) -> 0700 | BK15: =Table43[[#This Row],[Nama Gramasi atau Jumlah Pack per CTN]] -> 700ML | BN15: =IF(Table43[[#This Row],[SATUAN Fix Win]]<>"","KRT") -> KRT | BO15: =IF(Table43[[#This Row],[SATUAN Fix Win]]<>"","GD01") -> GD01 | BP15: =IF(Table43[[#This Row],[SATUAN Fix Win]]<>"",11611) -> 11611 | BQ15: =IF(Table43[[#This Row],[SATUAN Fix Win]]<>"",11612) -> 11612 | BS15: =IF(Table43[[#This Row],[SATUAN Fix Win]]<>"",1) -> 1 | BU15: =Table43[[#This Row],[ISI/CTN]] -> 6
A16: =CONCATENATE(Table43[[#This Row],[Kode BARANG Win2]],Table43[[#This Row],[No. Urut Item Sama]]) -> G1020000070021 | D16: 40063060 | E16: BIOSOL POUCH 700 ML BUY 1 GET 1 ND NEW | G16: 0 | H16: BIOSOL POUCH 700 ML BUY 1 GET 1 | I16: 6 | K16: =Table43[[#This Row],[NamaJenisKemasan]] -> PCH | L16: =TRIM(CONCATENATE(Table43[[#This Row],[Nama KLP]]," ",Table43[[#This Row],[Nama Sub KLP]])) -> BIOSOL | M16: =CONCATENATE(Table43[[#This Row],[kode 2 Digit (hrf+No)]],Table43[[#This Row],[kode 2 Digit (Nomor)]],Table43[[#This Row],[kode 1 Digit (Nomor)]]) -> G1020 | N16: =IF(AI16="",CONCATENATE(S16,U16,W16,Y16,AA16,AC16,AE16,AG16,Table43[[#This Row],[Tanda Kode Revisi]]),CONCATENATE(S16,U16,W16,Y16,AA16,AC16,AE16,AI16)) -> G1020000070021 | O16: =LEN(N16) -> 14 | P16: =IF(AH16<>"",TRIM(UPPER(CONCATENATE(R16," ",T16," ",V16," ",X16," ",Z16," ",AB16," ","X"," ",Table43[[#This Row],[ISI/CTN]]," ",AH16," ",AD16," ",AF16," ",AJ16))),TRIM(UPPER(CONCATENATE(R16," ",T16," ",V16," ",X16," ",Z16," ",AB16," ","X"," ",Table43[[#This Row],[ISI/CTN]]," ",AD16," ",AF16," ",AJ16)))) -> BIOSOL 700ML X 6 PCH BOGOF | Q16: =LEN(P16) -> 26 | S16: G1 | T16: BIOSOL | U16: 02 | W16: 0 | Y16: 0 | AA16: 00 | AB16: 700ML | AC16: 0700 | AD16: PCH | AE16: 2 | AF16: BOGOF | AG16: 1 | AK16: =Table43[[#This Row],[Column4]] -> 0 | AN16: =Table43[[#This Row],[ISI/CTN]] -> 6 | AO16: =Table43[[#This Row],[Harga Jual Pcs GT (-PPN)]]-(Table43[[#This Row],[Harga Jual Pcs GT (-PPN)]]*6.5%) -> 0 | AP16: =Table43[[#This Row],[Harga Beli Pcs (-PPN)]]*Table43[[#This Row],[ISI/CTN]] -> 0 | AQ16: =Table43[[#This Row],[Harga Beli Pcs (-PPN)]]*1.11 -> 0 | AR16: =Table43[[#This Row],[Harga Beli Krt (- PPN)]]*1.11 -> 0 | AT16: =Table43[[#This Row],[Harga Jual Pcs GT (-PPN)]]*Table43[[#This Row],[ISI/CTN]] -> 0 | AU16: =Table43[[#This Row],[Harga Jual Pcs GT (-PPN)]]*1.11 -> 0 | AV16: =Table43[[#This Row],[Harga Jual Krt GT (- PPN)]]*1.11 -> 0 | AW16: =IFERROR(VLOOKUP(Table43[[#This Row],[Kode Pcpl]],'[1]FEB 2026'!$A$3:$X$312,24,0),0) -> 0 | AX16: =Table43[[#This Row],[Harga Jual Pcs MT (-PPN)]]*Table43[[#This Row],[ISI/CTN]] -> 0 | AY16: =Table43[[#This Row],[Harga Jual Pcs MT (-PPN)]]*1.11 -> 0 | AZ16: =Table43[[#This Row],[Harga Jual Pcs MT (+PPN)]]*Table43[[#This Row],[ISI/CTN]] -> 0 | BA16: =(Table43[[#This Row],[Harga Jual Pcs GT (-PPN)]]-Table43[[#This Row],[Harga Beli Pcs (-PPN)]])/Table43[[#This Row],[Harga Jual Pcs GT (-PPN)]] -> #DIV/0! | BB16: =Table43[[#This Row],[Harga Jual Pcs MT (-PPN)]]-Table43[[#This Row],[Harga Beli Pcs (-PPN)]] -> 0 | BC16: =Table43[[#This Row],[Column1]]/Table43[[#This Row],[Harga Jual Pcs MT (-PPN)]] -> #DIV/0! | BF16: =IF(TODAY()-Table43[[#This Row],[Efektif Pembuatan]]>60,"Lama","Baru") -> Lama | BG16: =IF(TODAY()-Table43[[#This Row],[Efektif Naik Harga]]<30,"Naik","Sama") -> Sama | BI16: =IF(Table43[[#This Row],[Kode BARANG Win2]]<>"","IDR","") -> IDR | BJ16: =CONCATENATE(Table43[[#This Row],[kode 1 Digit (Nomor)]],Table43[[#This Row],[kode 4 Digit (Nomor)]]) -> 0700 | BK16: =Table43[[#This Row],[Nama Gramasi atau Jumlah Pack per CTN]] -> 700ML | BN16: =IF(Table43[[#This Row],[SATUAN Fix Win]]<>"","KRT") -> KRT | BO16: =IF(Table43[[#This Row],[SATUAN Fix Win]]<>"","GD01") -> GD01 | BP16: =IF(Table43[[#This Row],[SATUAN Fix Win]]<>"",11611) -> 11611 | BQ16: =IF(Table43[[#This Row],[SATUAN Fix Win]]<>"",11612) -> 11612 | BS16: =IF(Table43[[#This Row],[SATUAN Fix Win]]<>"",1) -> 1 | BU16: =Table43[[#This Row],[ISI/CTN]] -> 6
A17: =CONCATENATE(Table43[[#This Row],[Kode BARANG Win2]],Table43[[#This Row],[No. Urut Item Sama]]) -> G1021101050030 | D17: 40058248 | E17: BIOSOL HIT POWER L2L 500ML B2B PRO | G17: 0 | H17: BIOSOL HIT POWER L2L 500ML B2B PRO | I17: 24 | K17: =Table43[[#This Row],[NamaJenisKemasan]] -> JRG | L17: =TRIM(CONCATENATE(Table43[[#This Row],[Nama KLP]]," ",Table43[[#This Row],[Nama Sub KLP]])) -> BIOSOL HIT POWER | M17: =CONCATENATE(Table43[[#This Row],[kode 2 Digit (hrf+No)]],Table43[[#This Row],[kode 2 Digit (Nomor)]],Table43[[#This Row],[kode 1 Digit (Nomor)]]) -> G1021 | N17: =IF(AI17="",CONCATENATE(S17,U17,W17,Y17,AA17,AC17,AE17,AG17,Table43[[#This Row],[Tanda Kode Revisi]]),CONCATENATE(S17,U17,W17,Y17,AA17,AC17,AE17,AI17)) -> G1021101050030 | O17: =LEN(N17) -> 14 | P17: =IF(AH17<>"",TRIM(UPPER(CONCATENATE(R17," ",T17," ",V17," ",X17," ",Z17," ",AB17," ","X"," ",Table43[[#This Row],[ISI/CTN]]," ",AH17," ",AD17," ",AF17," ",AJ17))),TRIM(UPPER(CONCATENATE(R17," ",T17," ",V17," ",X17," ",Z17," ",AB17," ","X"," ",Table43[[#This Row],[ISI/CTN]]," ",AD17," ",AF17," ",AJ17)))) -> BIOSOL HIT POWER L2L B2B PRO 500ML X 24 JRG | Q17: =LEN(P17) -> 43 | S17: G1 | T17: BIOSOL | U17: 02 | V17: HIT POWER | W17: 1 | X17: L2L | Y17: 1 | Z17: B2B PRO | AA17: 01 | AB17: 500ML | AC17: 0500 | AD17: JRG | AE17: 3 | AG17: 0 | AK17: =Table43[[#This Row],[Column4]] -> 0 | AN17: =Table43[[#This Row],[ISI/CTN]] -> 24 | AO17: =Table43[[#This Row],[Harga Jual Pcs GT (-PPN)]]-(Table43[[#This Row],[Harga Jual Pcs GT (-PPN)]]*6.5%) -> 0 | AP17: =Table43[[#This Row],[Harga Beli Pcs (-PPN)]]*Table43[[#This Row],[ISI/CTN]] -> 0 | AQ17: =Table43[[#This Row],[Harga Beli Pcs (-PPN)]]*1.11 -> 0 | AR17: =Table43[[#This Row],[Harga Beli Krt (- PPN)]]*1.11 -> 0 | AT17: =Table43[[#This Row],[Harga Jual Pcs GT (-PPN)]]*Table43[[#This Row],[ISI/CTN]] -> 0 | AU17: =Table43[[#This Row],[Harga Jual Pcs GT (-PPN)]]*1.11 -> 0 | AV17: =Table43[[#This Row],[Harga Jual Krt GT (- PPN)]]*1.11 -> 0 | AW17: =IFERROR(VLOOKUP(Table43[[#This Row],[Kode Pcpl]],'[1]FEB 2026'!$A$3:$X$312,24,0),0) -> 0 | AX17: =Table43[[#This Row],[Harga Jual Pcs MT (-PPN)]]*Table43[[#This Row],[ISI/CTN]] -> 0 | AY17: =Table43[[#This Row],[Harga Jual Pcs MT (-PPN)]]*1.11 -> 0 | AZ17: =Table43[[#This Row],[Harga Jual Pcs MT (+PPN)]]*Table43[[#This Row],[ISI/CTN]] -> 0 | BA17: =(Table43[[#This Row],[Harga Jual Pcs GT (-PPN)]]-Table43[[#This Row],[Harga Beli Pcs (-PPN)]])/Table43[[#This Row],[Harga Jual Pcs GT (-PPN)]] -> #DIV/0! | BB17: =Table43[[#This Row],[Harga Jual Pcs MT (-PPN)]]-Table43[[#This Row],[Harga Beli Pcs (-PPN)]] -> 0 | BC17: =Table43[[#This Row],[Column1]]/Table43[[#This Row],[Harga Jual Pcs MT (-PPN)]] -> #DIV/0! | BF17: =IF(TODAY()-Table43[[#This Row],[Efektif Pembuatan]]>60,"Lama","Baru") -> Lama | BG17: =IF(TODAY()-Table43[[#This Row],[Efektif Naik Harga]]<30,"Naik","Sama") -> Sama | BI17: =IF(Table43[[#This Row],[Kode BARANG Win2]]<>"","IDR","") -> IDR | BJ17: =CONCATENATE(Table43[[#This Row],[kode 1 Digit (Nomor)]],Table43[[#This Row],[kode 4 Digit (Nomor)]]) -> 0500 | BK17: =Table43[[#This Row],[Nama Gramasi atau Jumlah Pack per CTN]] -> 500ML | BN17: =IF(Table43[[#This Row],[SATUAN Fix Win]]<>"","KRT") -> KRT | BO17: =IF(Table43[[#This Row],[SATUAN Fix Win]]<>"","GD01") -> GD01 | BP17: =IF(Table43[[#This Row],[SATUAN Fix Win]]<>"",11611) -> 11611 | BQ17: =IF(Table43[[#This Row],[SATUAN Fix Win]]<>"",11612) -> 11612 | BS17: =IF(Table43[[#This Row],[SATUAN Fix Win]]<>"",1) -> 1 | BU17: =Table43[[#This Row],[ISI/CTN]] -> 24
A18: =CONCATENATE(Table43[[#This Row],[Kode BARANG Win2]],Table43[[#This Row],[No. Urut Item Sama]]) -> G1031001001210 | C18: 30202050120000 | D18: 40008387 | E18: C.GAJAH LEM LALAT STICK 72 PCS X 12S 8387 CGL02 | F18: 30031020012000 | G18: 0 | H18: LEM Lalat CapGajah Stick 12s New | I18: 72 | J18: 8992748195402 | K18: =Table43[[#This Row],[NamaJenisKemasan]] -> PCS | L18: =TRIM(CONCATENATE(Table43[[#This Row],[Nama KLP]]," ",Table43[[#This Row],[Nama Sub KLP]])) -> CAP GAJAH LEM LALAT | M18: =CONCATENATE(Table43[[#This Row],[kode 2 Digit (hrf+No)]],Table43[[#This Row],[kode 2 Digit (Nomor)]],Table43[[#This Row],[kode 1 Digit (Nomor)]]) -> G1031 | N18: =IF(AI18="",CONCATENATE(S18,U18,W18,Y18,AA18,AC18,AE18,AG18,Table43[[#This Row],[Tanda Kode Revisi]]),CONCATENATE(S18,U18,W18,Y18,AA18,AC18,AE18,AI18)) -> G1031001001210 | O18: =LEN(N18) -> 14 | P18: =IF(AH18<>"",TRIM(UPPER(CONCATENATE(R18," ",T18," ",V18," ",X18," ",Z18," ",AB18," ","X"," ",Table43[[#This Row],[ISI/CTN]]," ",AH18," ",AD18," ",AF18," ",AJ18))),TRIM(UPPER(CONCATENATE(R18," ",T18," ",V18," ",X18," ",Z18," ",AB18," ","X"," ",Table43[[#This Row],[ISI/CTN]]," ",AD18," ",AF18," ",AJ18)))) -> CAP GAJAH LEM LALAT STICK 12S X 72 PCS | Q18: =LEN(P18) -> 38 | S18: G1 | T18: CAP GAJAH | U18: 03 | V18: LEM LALAT | W18: 1 | Y18: 0 | Z18: STICK | AA18: 01 | AB18: 12S | AC18: 0012 | AD18: PCS | AE18: 1 | AG18: 0 | AK18: =Table43[[#This Row],[Column4]] -> 30031020012000 | AN18: =Table43[[#This Row],[ISI/CTN]] -> 72 | AO18: =Table43[[#This Row],[Harga Jual Pcs GT (-PPN)]]-(Table43[[#This Row],[Harga Jual Pcs GT (-PPN)]]*6.5%) -> 7395.85 | AP18: =Table43[[#This Row],[Harga Beli Pcs (-PPN)]]*Table43[[#This Row],[ISI/CTN]] -> 532501.2 | AQ18: =Table43[[#This Row],[Harga Beli Pcs (-PPN)]]*1.11 -> 8209.3935 | AR18: =Table43[[#This Row],[Harga Beli Krt (- PPN)]]*1.11 -> 591076.33 | AS18: 7910 | AT18: =Table43[[#This Row],[Harga Jual Pcs GT (-PPN)]]*Table43[[#This Row],[ISI/CTN]] -> 569520 | AU18: =Table43[[#This Row],[Harga Jual Pcs GT (-PPN)]]*1.11 -> 8780.1 | AV18: =Table43[[#This Row],[Harga Jual Krt GT (- PPN)]]*1.11 -> 632167.2 | AW18: =IFERROR(VLOOKUP(Table43[[#This Row],[Kode Pcpl]],'[1]FEB 2026'!$A$3:$X$312,24,0),0) -> 0 | AX18: =Table43[[#This Row],[Harga Jual Pcs MT (-PPN)]]*Table43[[#This Row],[ISI/CTN]] -> 0 | AY18: =Table43[[#This Row],[Harga Jual Pcs MT (-PPN)]]*1.11 -> 0 | AZ18: =Table43[[#This Row],[Harga Jual Pcs MT (+PPN)]]*Table43[[#This Row],[ISI/CTN]] -> 0 | BA18: =(Table43[[#This Row],[Harga Jual Pcs GT (-PPN)]]-Table43[[#This Row],[Harga Beli Pcs (-PPN)]])/Table43[[#This Row],[Harga Jual Pcs GT (-PPN)]] -> 0.065 | BB18: =Table43[[#This Row],[Harga Jual Pcs MT (-PPN)]]-Table43[[#This Row],[Harga Beli Pcs (-PPN)]] -> -7395.85 | BC18: =Table43[[#This Row],[Column1]]/Table43[[#This Row],[Harga Jual Pcs MT (-PPN)]] -> #DIV/0! | BF18: =IF(TODAY()-Table43[[#This Row],[Efektif Pembuatan]]>60,"Lama","Baru") -> Lama | BG18: =IF(TODAY()-Table43[[#This Row],[Efektif Naik Harga]]<30,"Naik","Sama") -> Sama | BI18: =IF(Table43[[#This Row],[Kode BARANG Win2]]<>"","IDR","") -> IDR | BJ18: =CONCATENATE(Table43[[#This Row],[kode 1 Digit (Nomor)]],Table43[[#This Row],[kode 4 Digit (Nomor)]]) -> 0012 | BK18: =Table43[[#This Row],[Nama Gramasi atau Jumlah Pack per CTN]] -> 12S | BN18: =IF(Table43[[#This Row],[SATUAN Fix Win]]<>"","KRT") -> KRT | BO18: =IF(Table43[[#This Row],[SATUAN Fix Win]]<>"","GD01") -> GD01 | BP18: =IF(Table43[[#This Row],[SATUAN Fix Win]]<>"",11611) -> 11611 | BQ18: =IF(Table43[[#This Row],[SATUAN Fix Win]]<>"",11612) -> 11612 | BS18: =IF(Table43[[#This Row],[SATUAN Fix Win]]<>"",1) -> 1 | BU18: =Table43[[#This Row],[ISI/CTN]] -> 72
A19: =CONCATENATE(Table43[[#This Row],[Kode BARANG Win2]],Table43[[#This Row],[No. Urut Item Sama]]) -> G1031002000310 | C19: 30220001001000 | D19: 40008390 | E19: C.GAJAH LEM LALAT KERTAS 120 PCS X 3S 8390 CGL01 | F19: 30031010003000 | G19: 0 | H19: LEM Lalat Kertas CapGajah 3s | I19: 120 | J19: 8992745195214 | K19: =Table43[[#This Row],[NamaJenisKemasan]] -> PCS | L19: =TRIM(CONCATENATE(Table43[[#This Row],[Nama KLP]]," ",Table43[[#This Row],[Nama Sub KLP]])) -> CAP GAJAH LEM LALAT | M19: =CONCATENATE(Table43[[#This Row],[kode 2 Digit (hrf+No)]],Table43[[#This Row],[kode 2 Digit (Nomor)]],Table43[[#This Row],[kode 1 Digit (Nomor)]]) -> G1031 | N19: =IF(AI19="",CONCATENATE(S19,U19,W19,Y19,AA19,AC19,AE19,AG19,Table43[[#This Row],[Tanda Kode Revisi]]),CONCATENATE(S19,U19,W19,Y19,AA19,AC19,AE19,AI19)) -> G1031002000310 | O19: =LEN(N19) -> 14 | P19: =IF(AH19<>"",TRIM(UPPER(CONCATENATE(R19," ",T19," ",V19," ",X19," ",Z19," ",AB19," ","X"," ",Table43[[#This Row],[ISI/CTN]]," ",AH19," ",AD19," ",AF19," ",AJ19))),TRIM(UPPER(CONCATENATE(R19," ",T19," ",V19," ",X19," ",Z19," ",AB19," ","X"," ",Table43[[#This Row],[ISI/CTN]]," ",AD19," ",AF19," ",AJ19)))) -> CAP GAJAH LEM LALAT KERTAS 3S X 120 PCS | Q19: =LEN(P19) -> 39 | S19: G1 | T19: CAP GAJAH | U19: 03 | V19: LEM LALAT | W19: 1 | Y19: 0 | Z19: KERTAS | AA19: 02 | AB19: 3S | AC19: 0003 | AD19: PCS | AE19: 1 | AG19: 0 | AK19: =Table43[[#This Row],[Column4]] -> 30031010003000 | AN19: =Table43[[#This Row],[ISI/CTN]] -> 120 | AO19: =Table43[[#This Row],[Harga Jual Pcs GT (-PPN)]]-(Table43[[#This Row],[Harga Jual Pcs GT (-PPN)]]*6.5%) -> 4600.2 | AP19: =Table43[[#This Row],[Harga Beli Pcs (-PPN)]]*Table43[[#This Row],[ISI/CTN]] -> 552024 | AQ19: =Table43[[#This Row],[Harga Beli Pcs (-PPN)]]*1.11 -> 5106.222 | AR19: =Table43[[#This Row],[Harga Beli Krt (- PPN)]]*1.11 -> 612746.64 | AS19: 4920 | AT19: =Table43[[#This Row],[Harga Jual Pcs GT (-PPN)]]*Table43[[#This Row],[ISI/CTN]] -> 590400 | AU19: =Table43[[#This Row],[Harga Jual Pcs GT (-PPN)]]*1.11 -> 5461.2 | AV19: =Table43[[#This Row],[Harga Jual Krt GT (- PPN)]]*1.11 -> 655344 | AW19: =IFERROR(VLOOKUP(Table43[[#This Row],[Kode Pcpl]],'[1]FEB 2026'!$A$3:$X$312,24,0),0) -> 0 | AX19: =Table43[[#This Row],[Harga Jual Pcs MT (-PPN)]]*Table43[[#This Row],[ISI/CTN]] -> 0 | AY19: =Table43[[#This Row],[Harga Jual Pcs MT (-PPN)]]*1.11 -> 0 | AZ19: =Table43[[#This Row],[Harga Jual Pcs MT (+PPN)]]*Table43[[#This Row],[ISI/CTN]] -> 0 | BA19: =(Table43[[#This Row],[Harga Jual Pcs GT (-PPN)]]-Table43[[#This Row],[Harga Beli Pcs (-PPN)]])/Table43[[#This Row],[Harga Jual Pcs GT (-PPN)]] -> 0.065 | BB19: =Table43[[#This Row],[Harga Jual Pcs MT (-PPN)]]-Table43[[#This Row],[Harga Beli Pcs (-PPN)]] -> -4600.2 | BC19: =Table43[[#This Row],[Column1]]/Table43[[#This Row],[Harga Jual Pcs MT (-PPN)]] -> #DIV/0! | BF19: =IF(TODAY()-Table43[[#This Row],[Efektif Pembuatan]]>60,"Lama","Baru") -> Lama | BG19: =IF(TODAY()-Table43[[#This Row],[Efektif Naik Harga]]<30,"Naik","Sama") -> Sama | BI19: =IF(Table43[[#This Row],[Kode BARANG Win2]]<>"","IDR","") -> IDR | BJ19: =CONCATENATE(Table43[[#This Row],[kode 1 Digit (Nomor)]],Table43[[#This Row],[kode 4 Digit (Nomor)]]) -> 0003 | BK19: =Table43[[#This Row],[Nama Gramasi atau Jumlah Pack per CTN]] -> 3S | BN19: =IF(Table43[[#This Row],[SATUAN Fix Win]]<>"","KRT") -> KRT | BO19: =IF(Table43[[#This Row],[SATUAN Fix Win]]<>"","GD01") -> GD01 | BP19: =IF(Table43[[#This Row],[SATUAN Fix Win]]<>"",11611) -> 11611 | BQ19: =IF(Table43[[#This Row],[SATUAN Fix Win]]<>"",11612) -> 11612 | BS19: =IF(Table43[[#This Row],[SATUAN Fix Win]]<>"",1) -> 1 | BU19: =Table43[[#This Row],[ISI/CTN]] -> 120
A20: =CONCATENATE(Table43[[#This Row],[Kode BARANG Win2]],Table43[[#This Row],[No. Urut Item Sama]]) -> G1032000005010 | C20: 30230010100000 | D20: 40057428 | E20: C.GAJAH LEM TIKUS 144 TUBE X 50ML 57428 CGT05 | F20: 30032000050010 | G20: 0 | H20: LEM TUBE CAP GAJAH 50ML. | I20: 144 | J20: 8992745000457 | K20: =Table43[[#This Row],[NamaJenisKemasan]] -> TUBE | L20: =TRIM(CONCATENATE(Table43[[#This Row],[Nama KLP]]," ",Table43[[#This Row],[Nama Sub KLP]])) -> CAP GAJAH LEM TIKUS | M20: =CONCATENATE(Table43[[#This Row],[kode 2 Digit (hrf+No)]],Table43[[#This Row],[kode 2 Digit (Nomor)]],Table43[[#This Row],[kode 1 Digit (Nomor)]]) -> G1032 | N20: =IF(AI20="",CONCATENATE(S20,U20,W20,Y20,AA20,AC20,AE20,AG20,Table43[[#This Row],[Tanda Kode Revisi]]),CONCATENATE(S20,U20,W20,Y20,AA20,AC20,AE20,AI20)) -> G1032000005010 | O20: =LEN(N20) -> 14 | P20: =IF(AH20<>"",TRIM(UPPER(CONCATENATE(R20," ",T20," ",V20," ",X20," ",Z20," ",AB20," ","X"," ",Table43[[#This Row],[ISI/CTN]]," ",AH20," ",AD20," ",AF20," ",AJ20))),TRIM(UPPER(CONCATENATE(R20," ",T20," ",V20," ",X20," ",Z20," ",AB20," ","X"," ",Table43[[#This Row],[ISI/CTN]]," ",AD20," ",AF20," ",AJ20)))) -> CAP GAJAH LEM TIKUS 50ML X 144 TUBE | Q20: =LEN(P20) -> 35 | S20: G1 | T20: CAP GAJAH | U20: 03 | V20: LEM TIKUS | W20: 2 | Y20: 0 | AA20: 00 | AB20: 50ML | AC20: 0050 | AD20: TUBE | AE20: 1 | AG20: 0 | AK20: =Table43[[#This Row],[Column4]] -> 30032000050010 | AN20: =Table43[[#This Row],[ISI/CTN]] -> 144 | AO20: =Table43[[#This Row],[Harga Jual Pcs GT (-PPN)]]-(Table43[[#This Row],[Harga Jual Pcs GT (-PPN)]]*6.5%) -> 7489.35 | AP20: =Table43[[#This Row],[Harga Beli Pcs (-PPN)]]*Table43[[#This Row],[ISI/CTN]] -> 1078466.4 | AQ20: =Table43[[#This Row],[Harga Beli Pcs (-PPN)]]*1.11 -> 8313.1785 | AR20: =Table43[[#This Row],[Harga Beli Krt (- PPN)]]*1.11 -> 1197097.7 | AS20: 8010 | AT20: =Table43[[#This Row],[Harga Jual Pcs GT (-PPN)]]*Table43[[#This Row],[ISI/CTN]] -> 1153440 | AU20: =Table43[[#This Row],[Harga Jual Pcs GT (-PPN)]]*1.11 -> 8891.1 | AV20: =Table43[[#This Row],[Harga Jual Krt GT (- PPN)]]*1.11 -> 1280318.4 | AW20: =IFERROR(VLOOKUP(Table43[[#This Row],[Kode Pcpl]],'[1]FEB 2026'!$A$3:$X$312,24,0),0) -> 0 | AX20: =Table43[[#This Row],[Harga Jual Pcs MT (-PPN)]]*Table43[[#This Row],[ISI/CTN]] -> 0 | AY20: =Table43[[#This Row],[Harga Jual Pcs MT (-PPN)]]*1.11 -> 0 | AZ20: =Table43[[#This Row],[Harga Jual Pcs MT (+PPN)]]*Table43[[#This Row],[ISI/CTN]] -> 0 | BA20: =(Table43[[#This Row],[Harga Jual Pcs GT (-PPN)]]-Table43[[#This Row],[Harga Beli Pcs (-PPN)]])/Table43[[#This Row],[Harga Jual Pcs GT (-PPN)]] -> 0.065 | BB20: =Table43[[#This Row],[Harga Jual Pcs MT (-PPN)]]-Table43[[#This Row],[Harga Beli Pcs (-PPN)]] -> -7489.35 | BC20: =Table43[[#This Row],[Column1]]/Table43[[#This Row],[Harga Jual Pcs MT (-PPN)]] -> #DIV/0! | BF20: =IF(TODAY()-Table43[[#This Row],[Efektif Pembuatan]]>60,"Lama","Baru") -> Lama | BG20: =IF(TODAY()-Table43[[#This Row],[Efektif Naik Harga]]<30,"Naik","Sama") -> Sama | BI20: =IF(Table43[[#This Row],[Kode BARANG Win2]]<>"","IDR","") -> IDR | BJ20: =CONCATENATE(Table43[[#This Row],[kode 1 Digit (Nomor)]],Table43[[#This Row],[kode 4 Digit (Nomor)]]) -> 0050 | BK20: =Table43[[#This Row],[Nama Gramasi atau Jumlah Pack per CTN]] -> 50ML | BN20: =IF(Table43[[#This Row],[SATUAN Fix Win]]<>"","KRT") -> KRT | BO20: =IF(Table43[[#This Row],[SATUAN Fix Win]]<>"","GD01") -> GD01 | BP20: =IF(Table43[[#This Row],[SATUAN Fix Win]]<>"",11611) -> 11611 | BQ20: =IF(Table43[[#This Row],[SATUAN Fix Win]]<>"",11612) -> 11612 | BS20: =IF(Table43[[#This Row],[SATUAN Fix Win]]<>"",1) -> 1 | BU20: =Table43[[#This Row],[ISI/CTN]] -> 144
A21: =CONCATENATE(Table43[[#This Row],[Kode BARANG Win2]],Table43[[#This Row],[No. Urut Item Sama]]) -> G1032000010010 | C21: 30230010100000 | D21: 40008380 | E21: C.GAJAH LEM TIKUS 144 TUBE X 100ML 8380 CGT01 | F21: 30032000100010 | G21: 0 | H21: LEM Tube CapGajah 100ml | I21: 144 | J21: 8992748195204 | K21: =Table43[[#This Row],[NamaJenisKemasan]] -> TUBE | L21: =TRIM(CONCATENATE(Table43[[#This Row],[Nama KLP]]," ",Table43[[#This Row],[Nama Sub KLP]])) -> CAP GAJAH LEM TIKUS | M21: =CONCATENATE(Table43[[#This Row],[kode 2 Digit (hrf+No)]],Table43[[#This Row],[kode 2 Digit (Nomor)]],Table43[[#This Row],[kode 1 Digit (Nomor)]]) -> G1032 | N21: =IF(AI21="",CONCATENATE(S21,U21,W21,Y21,AA21,AC21,AE21,AG21,Table43[[#This Row],[Tanda Kode Revisi]]),CONCATENATE(S21,U21,W21,Y21,AA21,AC21,AE21,AI21)) -> G1032000010010 | O21: =LEN(N21) -> 14 | P21: =IF(AH21<>"",TRIM(UPPER(CONCATENATE(R21," ",T21," ",V21," ",X21," ",Z21," ",AB21," ","X"," ",Table43[[#This Row],[ISI/CTN]]," ",AH21," ",AD21," ",AF21," ",AJ21))),TRIM(UPPER(CONCATENATE(R21," ",T21," ",V21," ",X21," ",Z21," ",AB21," ","X"," ",Table43[[#This Row],[ISI/CTN]]," ",AD21," ",AF21," ",AJ21)))) -> CAP GAJAH LEM TIKUS 100ML X 144 TUBE | Q21: =LEN(P21) -> 36 | S21: G1 | T21: CAP GAJAH | U21: 03 | V21: LEM TIKUS | W21: 2 | Y21: 0 | AA21: 00 | AB21: 100ML | AC21: 0100 | AD21: TUBE | AE21: 1 | AG21: 0 | AK21: =Table43[[#This Row],[Column4]] -> 30032000100010 | AN21: =Table43[[#This Row],[ISI/CTN]] -> 144 | AO21: =Table43[[#This Row],[Harga Jual Pcs GT (-PPN)]]-(Table43[[#This Row],[Harga Jual Pcs GT (-PPN)]]*6.5%) -> 13520.1 | AP21: =Table43[[#This Row],[Harga Beli Pcs (-PPN)]]*Table43[[#This Row],[ISI/CTN]] -> 1946894.4 | AQ21: =Table43[[#This Row],[Harga Beli Pcs (-PPN)]]*1.11 -> 15007.311 | AR21: =Table43[[#This Row],[Harga Beli Krt (- PPN)]]*1.11 -> 2161052.8 | AS21: 14460 | AT21: =Table43[[#This Row],[Harga Jual Pcs GT (-PPN)]]*Table43[[#This Row],[ISI/CTN]] -> 2082240 | AU21: =Table43[[#This Row],[Harga Jual Pcs GT (-PPN)]]*1.11 -> 16050.6 | AV21: =Table43[[#This Row],[Harga Jual Krt GT (- PPN)]]*1.11 -> 2311286.4 | AW21: =IFERROR(VLOOKUP(Table43[[#This Row],[Kode Pcpl]],'[1]FEB 2026'!$A$3:$X$312,24,0),0) -> 0 | AX21: =Table43[[#This Row],[Harga Jual Pcs MT (-PPN)]]*Table43[[#This Row],[ISI/CTN]] -> 0 | AY21: =Table43[[#This Row],[Harga Jual Pcs MT (-PPN)]]*1.11 -> 0 | AZ21: =Table43[[#This Row],[Harga Jual Pcs MT (+PPN)]]*Table43[[#This Row],[ISI/CTN]] -> 0 | BA21: =(Table43[[#This Row],[Harga Jual Pcs GT (-PPN)]]-Table43[[#This Row],[Harga Beli Pcs (-PPN)]])/Table43[[#This Row],[Harga Jual Pcs GT (-PPN)]] -> 0.065 | BB21: =Table43[[#This Row],[Harga Jual Pcs MT (-PPN)]]-Table43[[#This Row],[Harga Beli Pcs (-PPN)]] -> -13520.1 | BC21: =Table43[[#This Row],[Column1]]/Table43[[#This Row],[Harga Jual Pcs MT (-PPN)]] -> #DIV/0! | BF21: =IF(TODAY()-Table43[[#This Row],[Efektif Pembuatan]]>60,"Lama","Baru") -> Lama | BG21: =IF(TODAY()-Table43[[#This Row],[Efektif Naik Harga]]<30,"Naik","Sama") -> Sama | BI21: =IF(Table43[[#This Row],[Kode BARANG Win2]]<>"","IDR","") -> IDR | BJ21: =CONCATENATE(Table43[[#This Row],[kode 1 Digit (Nomor)]],Table43[[#This Row],[kode 4 Digit (Nomor)]]) -> 0100 | BK21: =Table43[[#This Row],[Nama Gramasi atau Jumlah Pack per CTN]] -> 100ML | BN21: =IF(Table43[[#This Row],[SATUAN Fix Win]]<>"","KRT") -> KRT | BO21: =IF(Table43[[#This Row],[SATUAN Fix Win]]<>"","GD01") -> GD01 | BP21: =IF(Table43[[#This Row],[SATUAN Fix Win]]<>"",11611) -> 11611 | BQ21: =IF(Table43[[#This Row],[SATUAN Fix Win]]<>"",11612) -> 11612 | BS21: =IF(Table43[[#This Row],[SATUAN Fix Win]]<>"",1) -> 1 | BU21: =Table43[[#This Row],[ISI/CTN]] -> 144
A22: =CONCATENATE(Table43[[#This Row],[Kode BARANG Win2]],Table43[[#This Row],[No. Urut Item Sama]]) -> G1032001006010 | C22: 30230010050000 | D22: 40039248 | E22: C.GJH LEM TKS TRAP 72 PCS X 60GR 29423 39248 CGT02 | F22: 30032030060000 | G22: 30032030070000 | H22: LEM TIKUS TRAP CAP GAJAH | I22: 72 | J22: 8992748195303 | K22: =Table43[[#This Row],[NamaJenisKemasan]] -> PCS | L22: =TRIM(CONCATENATE(Table43[[#This Row],[Nama KLP]]," ",Table43[[#This Row],[Nama Sub KLP]])) -> CAP GAJAH LEM TIKUS | M22: =CONCATENATE(Table43[[#This Row],[kode 2 Digit (hrf+No)]],Table43[[#This Row],[kode 2 Digit (Nomor)]],Table43[[#This Row],[kode 1 Digit (Nomor)]]) -> G1032 | N22: =IF(AI22="",CONCATENATE(S22,U22,W22,Y22,AA22,AC22,AE22,AG22,Table43[[#This Row],[Tanda Kode Revisi]]),CONCATENATE(S22,U22,W22,Y22,AA22,AC22,AE22,AI22)) -> G1032001006010 | O22: =LEN(N22) -> 14 | P22: =IF(AH22<>"",TRIM(UPPER(CONCATENATE(R22," ",T22," ",V22," ",X22," ",Z22," ",AB22," ","X"," ",Table43[[#This Row],[ISI/CTN]]," ",AH22," ",AD22," ",AF22," ",AJ22))),TRIM(UPPER(CONCATENATE(R22," ",T22," ",V22," ",X22," ",Z22," ",AB22," ","X"," ",Table43[[#This Row],[ISI/CTN]]," ",AD22," ",AF22," ",AJ22)))) -> CAP GAJAH LEM TIKUS TRAP 60GR X 72 PCS | Q22: =LEN(P22) -> 38 | S22: G1 | T22: CAP GAJAH | U22: 03 | V22: LEM TIKUS | W22: 2 | Y22: 0 | Z22: TRAP | AA22: 01 | AB22: 60GR | AC22: 0060 | AD22: PCS | AE22: 1 | AG22: 0 | AK22: =Table43[[#This Row],[Column4]] -> 30032030060000 | AN22: =Table43[[#This Row],[ISI/CTN]] -> 72 | AO22: =Table43[[#This Row],[Harga Jual Pcs GT (-PPN)]]-(Table43[[#This Row],[Harga Jual Pcs GT (-PPN)]]*6.5%) -> 11033 | AP22: =Table43[[#This Row],[Harga Beli Pcs (-PPN)]]*Table43[[#This Row],[ISI/CTN]] -> 794376 | AQ22: =Table43[[#This Row],[Harga Beli Pcs (-PPN)]]*1.11 -> 12246.63 | AR22: =Table43[[#This Row],[Harga Beli Krt (- PPN)]]*1.11 -> 881757.36 | AS22: 11800 | AT22: =Table43[[#This Row],[Harga Jual Pcs GT (-PPN)]]*Table43[[#This Row],[ISI/CTN]] -> 849600 | AU22: =Table43[[#This Row],[Harga Jual Pcs GT (-PPN)]]*1.11 -> 13098 | AV22: =Table43[[#This Row],[Harga Jual Krt GT (- PPN)]]*1.11 -> 943056 | AW22: =IFERROR(VLOOKUP(Table43[[#This Row],[Kode Pcpl]],'[1]FEB 2026'!$A$3:$X$312,24,0),0) -> 0 | AX22: =Table43[[#This Row],[Harga Jual Pcs MT (-PPN)]]*Table43[[#This Row],[ISI/CTN]] -> 0 | AY22: =Table43[[#This Row],[Harga Jual Pcs MT (-PPN)]]*1.11 -> 0 | AZ22: =Table43[[#This Row],[Harga Jual Pcs MT (+PPN)]]*Table43[[#This Row],[ISI/CTN]] -> 0 | BA22: =(Table43[[#This Row],[Harga Jual Pcs GT (-PPN)]]-Table43[[#This Row],[Harga Beli Pcs (-PPN)]])/Table43[[#This Row],[Harga Jual Pcs GT (-PPN)]] -> 0.065 | BB22: =Table43[[#This Row],[Harga Jual Pcs MT (-PPN)]]-Table43[[#This Row],[Harga Beli Pcs (-PPN)]] -> -11033 | BC22: =Table43[[#This Row],[Column1]]/Table43[[#This Row],[Harga Jual Pcs MT (-PPN)]] -> #DIV/0! | BF22: =IF(TODAY()-Table43[[#This Row],[Efektif Pembuatan]]>60,"Lama","Baru") -> Lama | BG22: =IF(TODAY()-Table43[[#This Row],[Efektif Naik Harga]]<30,"Naik","Sama") -> Sama | BI22: =IF(Table43[[#This Row],[Kode BARANG Win2]]<>"","IDR","") -> IDR | BJ22: =CONCATENATE(Table43[[#This Row],[kode 1 Digit (Nomor)]],Table43[[#This Row],[kode 4 Digit (Nomor)]]) -> 0060 | BK22: =Table43[[#This Row],[Nama Gramasi atau Jumlah Pack per CTN]] -> 60GR | BN22: =IF(Table43[[#This Row],[SATUAN Fix Win]]<>"","KRT") -> KRT | BO22: =IF(Table43[[#This Row],[SATUAN Fix Win]]<>"","GD01") -> GD01 | BP22: =IF(Table43[[#This Row],[SATUAN Fix Win]]<>"",11611) -> 11611 | BQ22: =IF(Table43[[#This Row],[SATUAN Fix Win]]<>"",11612) -> 11612 | BS22: =IF(Table43[[#This Row],[SATUAN Fix Win]]<>"",1) -> 1 | BU22: =Table43[[#This Row],[ISI/CTN]] -> 72
A23: =CONCATENATE(Table43[[#This Row],[Kode BARANG Win2]],Table43[[#This Row],[No. Urut Item Sama]]) -> G1032001006010 | D23: 40029423 | I23: 72 | J23: 8992748195303 | K23: =Table43[[#This Row],[NamaJenisKemasan]] -> PCS | L23: =TRIM(CONCATENATE(Table43[[#This Row],[Nama KLP]]," ",Table43[[#This Row],[Nama Sub KLP]])) -> CAP GAJAH LEM TIKUS | M23: =CONCATENATE(Table43[[#This Row],[kode 2 Digit (hrf+No)]],Table43[[#This Row],[kode 2 Digit (Nomor)]],Table43[[#This Row],[kode 1 Digit (Nomor)]]) -> G1032 | N23: =IF(AI23="",CONCATENATE(S23,U23,W23,Y23,AA23,AC23,AE23,AG23,Table43[[#This Row],[Tanda Kode Revisi]]),CONCATENATE(S23,U23,W23,Y23,AA23,AC23,AE23,AI23)) -> G1032001006010 | O23: =LEN(N23) -> 14 | P23: =IF(AH23<>"",TRIM(UPPER(CONCATENATE(R23," ",T23," ",V23," ",X23," ",Z23," ",AB23," ","X"," ",Table43[[#This Row],[ISI/CTN]]," ",AH23," ",AD23," ",AF23," ",AJ23))),TRIM(UPPER(CONCATENATE(R23," ",T23," ",V23," ",X23," ",Z23," ",AB23," ","X"," ",Table43[[#This Row],[ISI/CTN]]," ",AD23," ",AF23," ",AJ23)))) -> CAP GAJAH LEM TIKUS TRAP 60GR X 72 PCS | Q23: =LEN(P23) -> 38 | S23: G1 | T23: CAP GAJAH | U23: 03 | V23: LEM TIKUS | W23: 2 | Y23: 0 | Z23: TRAP | AA23: 01 | AB23: 60GR | AC23: 0060 | AD23: PCS | AE23: 1 | AG23: 0 | AK23: =Table43[[#This Row],[Column4]] -> 0 | AN23: =Table43[[#This Row],[ISI/CTN]] -> 72 | AO23: =Table43[[#This Row],[Harga Jual Pcs GT (-PPN)]]-(Table43[[#This Row],[Harga Jual Pcs GT (-PPN)]]*6.5%) -> 0 | AP23: =Table43[[#This Row],[Harga Beli Pcs (-PPN)]]*Table43[[#This Row],[ISI/CTN]] -> 0 | AQ23: =Table43[[#This Row],[Harga Beli Pcs (-PPN)]]*1.11 -> 0 | AR23: =Table43[[#This Row],[Harga Beli Krt (- PPN)]]*1.11 -> 0 | AT23: =Table43[[#This Row],[Harga Jual Pcs GT (-PPN)]]*Table43[[#This Row],[ISI/CTN]] -> 0 | AU23: =Table43[[#This Row],[Harga Jual Pcs GT (-PPN)]]*1.11 -> 0 | AV23: =Table43[[#This Row],[Harga Jual Krt GT (- PPN)]]*1.11 -> 0 | AW23: =IFERROR(VLOOKUP(Table43[[#This Row],[Kode Pcpl]],'[1]FEB 2026'!$A$3:$X$312,24,0),0) -> 0 | AX23: =Table43[[#This Row],[Harga Jual Pcs MT (-PPN)]]*Table43[[#This Row],[ISI/CTN]] -> 0 | AY23: =Table43[[#This Row],[Harga Jual Pcs MT (-PPN)]]*1.11 -> 0 | AZ23: =Table43[[#This Row],[Harga Jual Pcs MT (+PPN)]]*Table43[[#This Row],[ISI/CTN]] -> 0 | BA23: =(Table43[[#This Row],[Harga Jual Pcs GT (-PPN)]]-Table43[[#This Row],[Harga Beli Pcs (-PPN)]])/Table43[[#This Row],[Harga Jual Pcs GT (-PPN)]] -> #DIV/0! | BB23: =Table43[[#This Row],[Harga Jual Pcs MT (-PPN)]]-Table43[[#This Row],[Harga Beli Pcs (-PPN)]] -> 0 | BC23: =Table43[[#This Row],[Column1]]/Table43[[#This Row],[Harga Jual Pcs MT (-PPN)]] -> #DIV/0! | BF23: =IF(TODAY()-Table43[[#This Row],[Efektif Pembuatan]]>60,"Lama","Baru") -> Lama | BG23: =IF(TODAY()-Table43[[#This Row],[Efektif Naik Harga]]<30,"Naik","Sama") -> Sama | BI23: =IF(Table43[[#This Row],[Kode BARANG Win2]]<>"","IDR","") -> IDR | BJ23: =CONCATENATE(Table43[[#This Row],[kode 1 Digit (Nomor)]],Table43[[#This Row],[kode 4 Digit (Nomor)]]) -> 0060 | BK23: =Table43[[#This Row],[Nama Gramasi atau Jumlah Pack per CTN]] -> 60GR | BN23: =IF(Table43[[#This Row],[SATUAN Fix Win]]<>"","KRT") -> KRT | BO23: =IF(Table43[[#This Row],[SATUAN Fix Win]]<>"","GD01") -> GD01 | BP23: =IF(Table43[[#This Row],[SATUAN Fix Win]]<>"",11611) -> 11611 | BQ23: =IF(Table43[[#This Row],[SATUAN Fix Win]]<>"",11612) -> 11612 | BS23: =IF(Table43[[#This Row],[SATUAN Fix Win]]<>"",1) -> 1 | BU23: =Table43[[#This Row],[ISI/CTN]] -> 72
A24: =CONCATENATE(Table43[[#This Row],[Kode BARANG Win2]],Table43[[#This Row],[No. Urut Item Sama]]) -> G1032001007010 | C24: 30032030070000 | D24: 40017673 | E24: C.GAJAH LEM TIKUS TRAP 72 PCS X 70GR "17673"CGT04 | F24: 30032030070000 | G24: 0 | H24: 0 | I24: 72 | J24: 0 | K24: =Table43[[#This Row],[NamaJenisKemasan]] -> PCS | L24: =TRIM(CONCATENATE(Table43[[#This Row],[Nama KLP]]," ",Table43[[#This Row],[Nama Sub KLP]])) -> CAP GAJAH LEM TIKUS | M24: =CONCATENATE(Table43[[#This Row],[kode 2 Digit (hrf+No)]],Table43[[#This Row],[kode 2 Digit (Nomor)]],Table43[[#This Row],[kode 1 Digit (Nomor)]]) -> G1032 | N24: =IF(AI24="",CONCATENATE(S24,U24,W24,Y24,AA24,AC24,AE24,AG24,Table43[[#This Row],[Tanda Kode Revisi]]),CONCATENATE(S24,U24,W24,Y24,AA24,AC24,AE24,AI24)) -> G1032001007010 | O24: =LEN(N24) -> 14 | P24: =IF(AH24<>"",TRIM(UPPER(CONCATENATE(R24," ",T24," ",V24," ",X24," ",Z24," ",AB24," ","X"," ",Table43[[#This Row],[ISI/CTN]]," ",AH24," ",AD24," ",AF24," ",AJ24))),TRIM(UPPER(CONCATENATE(R24," ",T24," ",V24," ",X24," ",Z24," ",AB24," ","X"," ",Table43[[#This Row],[ISI/CTN]]," ",AD24," ",AF24," ",AJ24)))) -> CAP GAJAH LEM TIKUS TRAP 70GR X 72 PCS | Q24: =LEN(P24) -> 38 | S24: G1 | T24: CAP GAJAH | U24: 03 | V24: LEM TIKUS | W24: 2 | Y24: 0 | Z24: TRAP | AA24: 01 | AB24: 70GR | AC24: 0070 | AD24: PCS | AE24: 1 | AG24: 0 | AK24: =Table43[[#This Row],[Column4]] -> 30032030070000 | AN24: =Table43[[#This Row],[ISI/CTN]] -> 72 | AO24: =Table43[[#This Row],[Harga Jual Pcs GT (-PPN)]]-(Table43[[#This Row],[Harga Jual Pcs GT (-PPN)]]*6.5%) -> 11033 | AP24: =Table43[[#This Row],[Harga Beli Pcs (-PPN)]]*Table43[[#This Row],[ISI/CTN]] -> 794376 | AQ24: =Table43[[#This Row],[Harga Beli Pcs (-PPN)]]*1.11 -> 12246.63 | AR24: =Table43[[#This Row],[Harga Beli Krt (- PPN)]]*1.11 -> 881757.36 | AS24: 11800 | AT24: =Table43[[#This Row],[Harga Jual Pcs GT (-PPN)]]*Table43[[#This Row],[ISI/CTN]] -> 849600 | AU24: =Table43[[#This Row],[Harga Jual Pcs GT (-PPN)]]*1.11 -> 13098 | AV24: =Table43[[#This Row],[Harga Jual Krt GT (- PPN)]]*1.11 -> 943056 | AW24: =IFERROR(VLOOKUP(Table43[[#This Row],[Kode Pcpl]],'[1]FEB 2026'!$A$3:$X$312,24,0),0) -> 0 | AX24: =Table43[[#This Row],[Harga Jual Pcs MT (-PPN)]]*Table43[[#This Row],[ISI/CTN]] -> 0 | AY24: =Table43[[#This Row],[Harga Jual Pcs MT (-PPN)]]*1.11 -> 0 | AZ24: =Table43[[#This Row],[Harga Jual Pcs MT (+PPN)]]*Table43[[#This Row],[ISI/CTN]] -> 0 | BA24: =(Table43[[#This Row],[Harga Jual Pcs GT (-PPN)]]-Table43[[#This Row],[Harga Beli Pcs (-PPN)]])/Table43[[#This Row],[Harga Jual Pcs GT (-PPN)]] -> 0.065 | BB24: =Table43[[#This Row],[Harga Jual Pcs MT (-PPN)]]-Table43[[#This Row],[Harga Beli Pcs (-PPN)]] -> -11033 | BC24: =Table43[[#This Row],[Column1]]/Table43[[#This Row],[Harga Jual Pcs MT (-PPN)]] -> #DIV/0! | BF24: =IF(TODAY()-Table43[[#This Row],[Efektif Pembuatan]]>60,"Lama","Baru") -> Lama | BG24: =IF(TODAY()-Table43[[#This Row],[Efektif Naik Harga]]<30,"Naik","Sama") -> Sama | BI24: =IF(Table43[[#This Row],[Kode BARANG Win2]]<>"","IDR","") -> IDR | BJ24: =CONCATENATE(Table43[[#This Row],[kode 1 Digit (Nomor)]],Table43[[#This Row],[kode 4 Digit (Nomor)]]) -> 0070 | BK24: =Table43[[#This Row],[Nama Gramasi atau Jumlah Pack per CTN]] -> 70GR | BN24: =IF(Table43[[#This Row],[SATUAN Fix Win]]<>"","KRT") -> KRT | BO24: =IF(Table43[[#This Row],[SATUAN Fix Win]]<>"","GD01") -> GD01 | BP24: =IF(Table43[[#This Row],[SATUAN Fix Win]]<>"",11611) -> 11611 | BQ24: =IF(Table43[[#This Row],[SATUAN Fix Win]]<>"",11612) -> 11612 | BS24: =IF(Table43[[#This Row],[SATUAN Fix Win]]<>"",1) -> 1 | BU24: =Table43[[#This Row],[ISI/CTN]] -> 72
A25: =CONCATENATE(Table43[[#This Row],[Kode BARANG Win2]],Table43[[#This Row],[No. Urut Item Sama]]) -> G1032101006011 | C25: 30032030060001 | D25: 40034355 | E25: C.GJH LEM TKS TRP 12 PCSX60GR MTP 5+1"34355"CGT03 | F25: 30032030060001 | G25: 0 | H25: 0 | I25: 12 | J25: 0 | K25: =Table43[[#This Row],[NamaJenisKemasan]] -> PCS | L25: =TRIM(CONCATENATE(Table43[[#This Row],[Nama KLP]]," ",Table43[[#This Row],[Nama Sub KLP]])) -> CAP GAJAH LEM TIKUS | M25: =CONCATENATE(Table43[[#This Row],[kode 2 Digit (hrf+No)]],Table43[[#This Row],[kode 2 Digit (Nomor)]],Table43[[#This Row],[kode 1 Digit (Nomor)]]) -> G1032 | N25: =IF(AI25="",CONCATENATE(S25,U25,W25,Y25,AA25,AC25,AE25,AG25,Table43[[#This Row],[Tanda Kode Revisi]]),CONCATENATE(S25,U25,W25,Y25,AA25,AC25,AE25,AI25)) -> G1032101006011 | O25: =LEN(N25) -> 14 | P25: =IF(AH25<>"",TRIM(UPPER(CONCATENATE(R25," ",T25," ",V25," ",X25," ",Z25," ",AB25," ","X"," ",Table43[[#This Row],[ISI/CTN]]," ",AH25," ",AD25," ",AF25," ",AJ25))),TRIM(UPPER(CONCATENATE(R25," ",T25," ",V25," ",X25," ",Z25," ",AB25," ","X"," ",Table43[[#This Row],[ISI/CTN]]," ",AD25," ",AF25," ",AJ25)))) -> CAP GAJAH LEM TIKUS MULTI PACK TRAP 60GR X 12 PCS 5+1 | Q25: =LEN(P25) -> 53 | S25: G1 | T25: CAP GAJAH | U25: 03 | V25: LEM TIKUS | W25: 2 | X25: MULTI PACK | Y25: 1 | Z25: TRAP | AA25: 01 | AB25: 60GR | AC25: 0060 | AD25: PCS | AE25: 1 | AF25: 5+1 | AG25: 1 | AK25: =Table43[[#This Row],[Column4]] -> 30032030060001 | AN25: =Table43[[#This Row],[ISI/CTN]] -> 12 | AO25: =Table43[[#This Row],[Harga Jual Pcs GT (-PPN)]]-(Table43[[#This Row],[Harga Jual Pcs GT (-PPN)]]*6.5%) -> 64159.7 | AP25: =Table43[[#This Row],[Harga Beli Pcs (-PPN)]]*Table43[[#This Row],[ISI/CTN]] -> 769916.4 | AQ25: =Table43[[#This Row],[Harga Beli Pcs (-PPN)]]*1.11 -> 71217.267 | AR25: =Table43[[#This Row],[Harga Beli Krt (- PPN)]]*1.11 -> 854607.2 | AS25: 68620 | AT25: =Table43[[#This Row],[Harga Jual Pcs GT (-PPN)]]*Table43[[#This Row],[ISI/CTN]] -> 823440 | AU25: =Table43[[#This Row],[Harga Jual Pcs GT (-PPN)]]*1.11 -> 76168.2 | AV25: =Table43[[#This Row],[Harga Jual Krt GT (- PPN)]]*1.11 -> 914018.4 | AW25: =IFERROR(VLOOKUP(Table43[[#This Row],[Kode Pcpl]],'[1]FEB 2026'!$A$3:$X$312,24,0),0) -> 0 | AX25: =Table43[[#This Row],[Harga Jual Pcs MT (-PPN)]]*Table43[[#This Row],[ISI/CTN]] -> 0 | AY25: =Table43[[#This Row],[Harga Jual Pcs MT (-PPN)]]*1.11 -> 0 | AZ25: =Table43[[#This Row],[Harga Jual Pcs MT (+PPN)]]*Table43[[#This Row],[ISI/CTN]] -> 0 | BA25: =(Table43[[#This Row],[Harga Jual Pcs GT (-PPN)]]-Table43[[#This Row],[Harga Beli Pcs (-PPN)]])/Table43[[#This Row],[Harga Jual Pcs GT (-PPN)]] -> 0.065 | BB25: =Table43[[#This Row],[Harga Jual Pcs MT (-PPN)]]-Table43[[#This Row],[Harga Beli Pcs (-PPN)]] -> -64159.7 | BC25: =Table43[[#This Row],[Column1]]/Table43[[#This Row],[Harga Jual Pcs MT (-PPN)]] -> #DIV/0! | BF25: =IF(TODAY()-Table43[[#This Row],[Efektif Pembuatan]]>60,"Lama","Baru") -> Lama | BG25: =IF(TODAY()-Table43[[#This Row],[Efektif Naik Harga]]<30,"Naik","Sama") -> Sama | BI25: =IF(Table43[[#This Row],[Kode BARANG Win2]]<>"","IDR","") -> IDR | BJ25: =CONCATENATE(Table43[[#This Row],[kode 1 Digit (Nomor)]],Table43[[#This Row],[kode 4 Digit (Nomor)]]) -> 0060 | BK25: =Table43[[#This Row],[Nama Gramasi atau Jumlah Pack per CTN]] -> 60GR | BN25: =IF(Table43[[#This Row],[SATUAN Fix Win]]<>"","KRT") -> KRT | BO25: =IF(Table43[[#This Row],[SATUAN Fix Win]]<>"","GD01") -> GD01 | BP25: =IF(Table43[[#This Row],[SATUAN Fix Win]]<>"",11611) -> 11611 | BQ25: =IF(Table43[[#This Row],[SATUAN Fix Win]]<>"",11612) -> 11612 | BS25: =IF(Table43[[#This Row],[SATUAN Fix Win]]<>"",1) -> 1 | BU25: =Table43[[#This Row],[ISI/CTN]] -> 12
A26: =CONCATENATE(Table43[[#This Row],[Kode BARANG Win2]],Table43[[#This Row],[No. Urut Item Sama]]) -> G1032001075010 | D26: 40028405 | E26: PERANGKAP MEKANIS CAP GAJAH | F26: 30033000750000 | I26: 12 | K26: =Table43[[#This Row],[NamaJenisKemasan]] -> PCS | L26: =TRIM(CONCATENATE(Table43[[#This Row],[Nama KLP]]," ",Table43[[#This Row],[Nama Sub KLP]])) -> CAP GAJAH LEM TIKUS | M26: =CONCATENATE(Table43[[#This Row],[kode 2 Digit (hrf+No)]],Table43[[#This Row],[kode 2 Digit (Nomor)]],Table43[[#This Row],[kode 1 Digit (Nomor)]]) -> G1032 | N26: =IF(AI26="",CONCATENATE(S26,U26,W26,Y26,AA26,AC26,AE26,AG26,Table43[[#This Row],[Tanda Kode Revisi]]),CONCATENATE(S26,U26,W26,Y26,AA26,AC26,AE26,AI26)) -> G1032001075010 | O26: =LEN(N26) -> 14 | P26: =IF(AH26<>"",TRIM(UPPER(CONCATENATE(R26," ",T26," ",V26," ",X26," ",Z26," ",AB26," ","X"," ",Table43[[#This Row],[ISI/CTN]]," ",AH26," ",AD26," ",AF26," ",AJ26))),TRIM(UPPER(CONCATENATE(R26," ",T26," ",V26," ",X26," ",Z26," ",AB26," ","X"," ",Table43[[#This Row],[ISI/CTN]]," ",AD26," ",AF26," ",AJ26)))) -> CAP GAJAH LEM TIKUS TRAP 750GR X 12 PCS | Q26: =LEN(P26) -> 39 | S26: G1 | T26: CAP GAJAH | U26: 03 | V26: LEM TIKUS | W26: 2 | Y26: 0 | Z26: TRAP | AA26: 01 | AB26: 750GR | AC26: 0750 | AD26: PCS | AE26: 1 | AG26: 0 | AK26: =Table43[[#This Row],[Column4]] -> 30033000750000 | AN26: =Table43[[#This Row],[ISI/CTN]] -> 12 | AO26: =Table43[[#This Row],[Harga Jual Pcs GT (-PPN)]]-(Table43[[#This Row],[Harga Jual Pcs GT (-PPN)]]*6.5%) -> 0 | AP26: =Table43[[#This Row],[Harga Beli Pcs (-PPN)]]*Table43[[#This Row],[ISI/CTN]] -> 0 | AQ26: =Table43[[#This Row],[Harga Beli Pcs (-PPN)]]*1.11 -> 0 | AR26: =Table43[[#This Row],[Harga Beli Krt (- PPN)]]*1.11 -> 0 | AT26: =Table43[[#This Row],[Harga Jual Pcs GT (-PPN)]]*Table43[[#This Row],[ISI/CTN]] -> 0 | AU26: =Table43[[#This Row],[Harga Jual Pcs GT (-PPN)]]*1.11 -> 0 | AV26: =Table43[[#This Row],[Harga Jual Krt GT (- PPN)]]*1.11 -> 0 | AW26: =IFERROR(VLOOKUP(Table43[[#This Row],[Kode Pcpl]],'[1]FEB 2026'!$A$3:$X$312,24,0),0) -> 0 | AX26: =Table43[[#This Row],[Harga Jual Pcs MT (-PPN)]]*Table43[[#This Row],[ISI/CTN]] -> 0 | AY26: =Table43[[#This Row],[Harga Jual Pcs MT (-PPN)]]*1.11 -> 0 | AZ26: =Table43[[#This Row],[Harga Jual Pcs MT (+PPN)]]*Table43[[#This Row],[ISI/CTN]] -> 0 | BA26: =(Table43[[#This Row],[Harga Jual Pcs GT (-PPN)]]-Table43[[#This Row],[Harga Beli Pcs (-PPN)]])/Table43[[#This Row],[Harga Jual Pcs GT (-PPN)]] -> #DIV/0! | BB26: =Table43[[#This Row],[Harga Jual Pcs MT (-PPN)]]-Table43[[#This Row],[Harga Beli Pcs (-PPN)]] -> 0 | BC26: =Table43[[#This Row],[Column1]]/Table43[[#This Row],[Harga Jual Pcs MT (-PPN)]] -> #DIV/0! | BF26: =IF(TODAY()-Table43[[#This Row],[Efektif Pembuatan]]>60,"Lama","Baru") -> Lama | BG26: =IF(TODAY()-Table43[[#This Row],[Efektif Naik Harga]]<30,"Naik","Sama") -> Sama | BI26: =IF(Table43[[#This Row],[Kode BARANG Win2]]<>"","IDR","") -> IDR | BJ26: =CONCATENATE(Table43[[#This Row],[kode 1 Digit (Nomor)]],Table43[[#This Row],[kode 4 Digit (Nomor)]]) -> 0750 | BK26: =Table43[[#This Row],[Nama Gramasi atau Jumlah Pack per CTN]] -> 750GR | BN26: =IF(Table43[[#This Row],[SATUAN Fix Win]]<>"","KRT") -> KRT | BO26: =IF(Table43[[#This Row],[SATUAN Fix Win]]<>"","GD01") -> GD01 | BP26: =IF(Table43[[#This Row],[SATUAN Fix Win]]<>"",11611) -> 11611 | BQ26: =IF(Table43[[#This Row],[SATUAN Fix Win]]<>"",11612) -> 11612 | BS26: =IF(Table43[[#This Row],[SATUAN Fix Win]]<>"",1) -> 1 | BU26: =Table43[[#This Row],[ISI/CTN]] -> 12
A27: =CONCATENATE(Table43[[#This Row],[Kode BARANG Win2]],Table43[[#This Row],[No. Urut Item Sama]]) -> G1041000017510 | C27: 30031010003000 | D27: 40008251 | E27: CARRERA D.CLEANER 12 BTL X 175ML 8251 CR01 | F27: 30040010175000 | G27: 0 | H27: Carrera Dashb.Cleaner Btl.175m | I27: 12 | J27: 8992746700806 | K27: =Table43[[#This Row],[NamaJenisKemasan]] -> BTL | L27: =TRIM(CONCATENATE(Table43[[#This Row],[Nama KLP]]," ",Table43[[#This Row],[Nama Sub KLP]])) -> CARRERA DASHBOARD CLEANER | M27: =CONCATENATE(Table43[[#This Row],[kode 2 Digit (hrf+No)]],Table43[[#This Row],[kode 2 Digit (Nomor)]],Table43[[#This Row],[kode 1 Digit (Nomor)]]) -> G1041 | N27: =IF(AI27="",CONCATENATE(S27,U27,W27,Y27,AA27,AC27,AE27,AG27,Table43[[#This Row],[Tanda Kode Revisi]]),CONCATENATE(S27,U27,W27,Y27,AA27,AC27,AE27,AI27)) -> G1041000017510 | O27: =LEN(N27) -> 14 | P27: =IF(AH27<>"",TRIM(UPPER(CONCATENATE(R27," ",T27," ",V27," ",X27," ",Z27," ",AB27," ","X"," ",Table43[[#This Row],[ISI/CTN]]," ",AH27," ",AD27," ",AF27," ",AJ27))),TRIM(UPPER(CONCATENATE(R27," ",T27," ",V27," ",X27," ",Z27," ",AB27," ","X"," ",Table43[[#This Row],[ISI/CTN]]," ",AD27," ",AF27," ",AJ27)))) -> CARRERA DASHBOARD CLEANER 175ML X 12 BTL | Q27: =LEN(P27) -> 40 | S27: G1 | T27: CARRERA | U27: 04 | V27: DASHBOARD CLEANER | W27: 1 | Y27: 0 | AA27: 00 | AB27: 175ML | AC27: 0175 | AD27: BTL | AE27: 1 | AG27: 0 | AK27: =Table43[[#This Row],[Column4]] -> 30040010175000 | AN27: =Table43[[#This Row],[ISI/CTN]] -> 12 | AO27: =Table43[[#This Row],[Harga Jual Pcs GT (-PPN)]]-(Table43[[#This Row],[Harga Jual Pcs GT (-PPN)]]*6.5%) -> 18297.95 | AP27: =Table43[[#This Row],[Harga Beli Pcs (-PPN)]]*Table43[[#This Row],[ISI/CTN]] -> 219575.4 | AQ27: =Table43[[#This Row],[Harga Beli Pcs (-PPN)]]*1.11 -> 20310.725 | AR27: =Table43[[#This Row],[Harga Beli Krt (- PPN)]]*1.11 -> 243728.69 | AS27: 19570 | AT27: =Table43[[#This Row],[Harga Jual Pcs GT (-PPN)]]*Table43[[#This Row],[ISI/CTN]] -> 234840 | AU27: =Table43[[#This Row],[Harga Jual Pcs GT (-PPN)]]*1.11 -> 21722.7 | AV27: =Table43[[#This Row],[Harga Jual Krt GT (- PPN)]]*1.11 -> 260672.4 | AW27: =IFERROR(VLOOKUP(Table43[[#This Row],[Kode Pcpl]],'[1]FEB 2026'!$A$3:$X$312,24,0),0) -> 0 | AX27: =Table43[[#This Row],[Harga Jual Pcs MT (-PPN)]]*Table43[[#This Row],[ISI/CTN]] -> 0 | AY27: =Table43[[#This Row],[Harga Jual Pcs MT (-PPN)]]*1.11 -> 0 | AZ27: =Table43[[#This Row],[Harga Jual Pcs MT (+PPN)]]*Table43[[#This Row],[ISI/CTN]] -> 0 | BA27: =(Table43[[#This Row],[Harga Jual Pcs GT (-PPN)]]-Table43[[#This Row],[Harga Beli Pcs (-PPN)]])/Table43[[#This Row],[Harga Jual Pcs GT (-PPN)]] -> 0.065 | BB27: =Table43[[#This Row],[Harga Jual Pcs MT (-PPN)]]-Table43[[#This Row],[Harga Beli Pcs (-PPN)]] -> -18297.95 | BC27: =Table43[[#This Row],[Column1]]/Table43[[#This Row],[Harga Jual Pcs MT (-PPN)]] -> #DIV/0! | BF27: =IF(TODAY()-Table43[[#This Row],[Efektif Pembuatan]]>60,"Lama","Baru") -> Lama | BG27: =IF(TODAY()-Table43[[#This Row],[Efektif Naik Harga]]<30,"Naik","Sama") -> Sama | BI27: =IF(Table43[[#This Row],[Kode BARANG Win2]]<>"","IDR","") -> IDR | BJ27: =CONCATENATE(Table43[[#This Row],[kode 1 Digit (Nomor)]],Table43[[#This Row],[kode 4 Digit (Nomor)]]) -> 0175 | BK27: =Table43[[#This Row],[Nama Gramasi atau Jumlah Pack per CTN]] -> 175ML | BN27: =IF(Table43[[#This Row],[SATUAN Fix Win]]<>"","KRT") -> KRT | BO27: =IF(Table43[[#This Row],[SATUAN Fix Win]]<>"","GD01") -> GD01 | BP27: =IF(Table43[[#This Row],[SATUAN Fix Win]]<>"",11611) -> 11611 | BQ27: =IF(Table43[[#This Row],[SATUAN Fix Win]]<>"",11612) -> 11612 | BS27: =IF(Table43[[#This Row],[SATUAN Fix Win]]<>"",1) -> 1 | BU27: =Table43[[#This Row],[ISI/CTN]] -> 12
A28: =CONCATENATE(Table43[[#This Row],[Kode BARANG Win2]],Table43[[#This Row],[No. Urut Item Sama]]) -> G1042001011010 | C28: 30031020012000 | D28: 40008813 | E28: CARRERA LUBE MOTOR CHAIN 12 BTL X 110ML 8813 CR08 | F28: 30042030110000 | G28: 0 | H28: Carrera Motor Chain Lube 110 ml | I28: 12 | J28: 8992745380665 | K28: =Table43[[#This Row],[NamaJenisKemasan]] -> BTL | L28: =TRIM(CONCATENATE(Table43[[#This Row],[Nama KLP]]," ",Table43[[#This Row],[Nama Sub KLP]])) -> CARRERA MOTOR CHAIN | M28: =CONCATENATE(Table43[[#This Row],[kode 2 Digit (hrf+No)]],Table43[[#This Row],[kode 2 Digit (Nomor)]],Table43[[#This Row],[kode 1 Digit (Nomor)]]) -> G1042 | N28: =IF(AI28="",CONCATENATE(S28,U28,W28,Y28,AA28,AC28,AE28,AG28,Table43[[#This Row],[Tanda Kode Revisi]]),CONCATENATE(S28,U28,W28,Y28,AA28,AC28,AE28,AI28)) -> G1042001011010 | O28: =LEN(N28) -> 14 | P28: =IF(AH28<>"",TRIM(UPPER(CONCATENATE(R28," ",T28," ",V28," ",X28," ",Z28," ",AB28," ","X"," ",Table43[[#This Row],[ISI/CTN]]," ",AH28," ",AD28," ",AF28," ",AJ28))),TRIM(UPPER(CONCATENATE(R28," ",T28," ",V28," ",X28," ",Z28," ",AB28," ","X"," ",Table43[[#This Row],[ISI/CTN]]," ",AD28," ",AF28," ",AJ28)))) -> CARRERA MOTOR CHAIN LUBE 110ML X 12 BTL | Q28: =LEN(P28) -> 39 | S28: G1 | T28: CARRERA | U28: 04 | V28: MOTOR CHAIN | W28: 2 | Y28: 0 | Z28: LUBE | AA28: 01 | AB28: 110ML | AC28: 0110 | AD28: BTL | AE28: 1 | AG28: 0 | AK28: =Table43[[#This Row],[Column4]] -> 30042030110000 | AN28: =Table43[[#This Row],[ISI/CTN]] -> 12 | AO28: =Table43[[#This Row],[Harga Jual Pcs GT (-PPN)]]-(Table43[[#This Row],[Harga Jual Pcs GT (-PPN)]]*6.5%) -> 18167.05 | AP28: =Table43[[#This Row],[Harga Beli Pcs (-PPN)]]*Table43[[#This Row],[ISI/CTN]] -> 218004.6 | AQ28: =Table43[[#This Row],[Harga Beli Pcs (-PPN)]]*1.11 -> 20165.426 | AR28: =Table43[[#This Row],[Harga Beli Krt (- PPN)]]*1.11 -> 241985.11 | AS28: 19430 | AT28: =Table43[[#This Row],[Harga Jual Pcs GT (-PPN)]]*Table43[[#This Row],[ISI/CTN]] -> 233160 | AU28: =Table43[[#This Row],[Harga Jual Pcs GT (-PPN)]]*1.11 -> 21567.3 | AV28: =Table43[[#This Row],[Harga Jual Krt GT (- PPN)]]*1.11 -> 258807.6 | AW28: =IFERROR(VLOOKUP(Table43[[#This Row],[Kode Pcpl]],'[1]FEB 2026'!$A$3:$X$312,24,0),0) -> 0 | AX28: =Table43[[#This Row],[Harga Jual Pcs MT (-PPN)]]*Table43[[#This Row],[ISI/CTN]] -> 0 | AY28: =Table43[[#This Row],[Harga Jual Pcs MT (-PPN)]]*1.11 -> 0 | AZ28: =Table43[[#This Row],[Harga Jual Pcs MT (+PPN)]]*Table43[[#This Row],[ISI/CTN]] -> 0 | BA28: =(Table43[[#This Row],[Harga Jual Pcs GT (-PPN)]]-Table43[[#This Row],[Harga Beli Pcs (-PPN)]])/Table43[[#This Row],[Harga Jual Pcs GT (-PPN)]] -> 0.065 | BB28: =Table43[[#This Row],[Harga Jual Pcs MT (-PPN)]]-Table43[[#This Row],[Harga Beli Pcs (-PPN)]] -> -18167.05 | BC28: =Table43[[#This Row],[Column1]]/Table43[[#This Row],[Harga Jual Pcs MT (-PPN)]] -> #DIV/0! | BF28: =IF(TODAY()-Table43[[#This Row],[Efektif Pembuatan]]>60,"Lama","Baru") -> Lama | BG28: =IF(TODAY()-Table43[[#This Row],[Efektif Naik Harga]]<30,"Naik","Sama") -> Sama | BI28: =IF(Table43[[#This Row],[Kode BARANG Win2]]<>"","IDR","") -> IDR | BJ28: =CONCATENATE(Table43[[#This Row],[kode 1 Digit (Nomor)]],Table43[[#This Row],[kode 4 Digit (Nomor)]]) -> 0110 | BK28: =Table43[[#This Row],[Nama Gramasi atau Jumlah Pack per CTN]] -> 110ML | BN28: =IF(Table43[[#This Row],[SATUAN Fix Win]]<>"","KRT") -> KRT | BO28: =IF(Table43[[#This Row],[SATUAN Fix Win]]<>"","GD01") -> GD01 | BP28: =IF(Table43[[#This Row],[SATUAN Fix Win]]<>"",11611) -> 11611 | BQ28: =IF(Table43[[#This Row],[SATUAN Fix Win]]<>"",11612) -> 11612 | BS28: =IF(Table43[[#This Row],[SATUAN Fix Win]]<>"",1) -> 1 | BU28: =Table43[[#This Row],[ISI/CTN]] -> 12
A29: =CONCATENATE(Table43[[#This Row],[Kode BARANG Win2]],Table43[[#This Row],[No. Urut Item Sama]]) -> G1043001020010 | C29: 30045050800020 | D29: 40008279 | E29: CARRERA PELUMAS XP-1000 12 BTL X 200ML 8279 CR18 | F29: 30047110200000 | G29: 0 | H29: Carrera XP-1000 Pelumas 200ml | I29: 12 | J29: 8992746700738 | K29: =Table43[[#This Row],[NamaJenisKemasan]] -> BTL | L29: =TRIM(CONCATENATE(Table43[[#This Row],[Nama KLP]]," ",Table43[[#This Row],[Nama Sub KLP]])) -> CARRERA PELUMAS | M29: =CONCATENATE(Table43[[#This Row],[kode 2 Digit (hrf+No)]],Table43[[#This Row],[kode 2 Digit (Nomor)]],Table43[[#This Row],[kode 1 Digit (Nomor)]]) -> G1043 | N29: =IF(AI29="",CONCATENATE(S29,U29,W29,Y29,AA29,AC29,AE29,AG29,Table43[[#This Row],[Tanda Kode Revisi]]),CONCATENATE(S29,U29,W29,Y29,AA29,AC29,AE29,AI29)) -> G1043001020010 | O29: =LEN(N29) -> 14 | P29: =IF(AH29<>"",TRIM(UPPER(CONCATENATE(R29," ",T29," ",V29," ",X29," ",Z29," ",AB29," ","X"," ",Table43[[#This Row],[ISI/CTN]]," ",AH29," ",AD29," ",AF29," ",AJ29))),TRIM(UPPER(CONCATENATE(R29," ",T29," ",V29," ",X29," ",Z29," ",AB29," ","X"," ",Table43[[#This Row],[ISI/CTN]]," ",AD29," ",AF29," ",AJ29)))) -> CARRERA PELUMAS XP-1000 200ML X 12 BTL | Q29: =LEN(P29) -> 38 | S29: G1 | T29: CARRERA | U29: 04 | V29: PELUMAS | W29: 3 | Y29: 0 | Z29: XP-1000 | AA29: 01 | AB29: 200ML | AC29: 0200 | AD29: BTL | AE29: 1 | AG29: 0 | AK29: =Table43[[#This Row],[Column4]] -> 30047110200000 | AN29: =Table43[[#This Row],[ISI/CTN]] -> 12 | AO29: =Table43[[#This Row],[Harga Jual Pcs GT (-PPN)]]-(Table43[[#This Row],[Harga Jual Pcs GT (-PPN)]]*6.5%) -> 27806.9 | AP29: =Table43[[#This Row],[Harga Beli Pcs (-PPN)]]*Table43[[#This Row],[ISI/CTN]] -> 333682.8 | AQ29: =Table43[[#This Row],[Harga Beli Pcs (-PPN)]]*1.11 -> 30865.659 | AR29: =Table43[[#This Row],[Harga Beli Krt (- PPN)]]*1.11 -> 370387.91 | AS29: 29740 | AT29: =Table43[[#This Row],[Harga Jual Pcs GT (-PPN)]]*Table43[[#This Row],[ISI/CTN]] -> 356880 | AU29: =Table43[[#This Row],[Harga Jual Pcs GT (-PPN)]]*1.11 -> 33011.4 | AV29: =Table43[[#This Row],[Harga Jual Krt GT (- PPN)]]*1.11 -> 396136.8 | AW29: =IFERROR(VLOOKUP(Table43[[#This Row],[Kode Pcpl]],'[1]FEB 2026'!$A$3:$X$312,24,0),0) -> 0 | AX29: =Table43[[#This Row],[Harga Jual Pcs MT (-PPN)]]*Table43[[#This Row],[ISI/CTN]] -> 0 | AY29: =Table43[[#This Row],[Harga Jual Pcs MT (-PPN)]]*1.11 -> 0 | AZ29: =Table43[[#This Row],[Harga Jual Pcs MT (+PPN)]]*Table43[[#This Row],[ISI/CTN]] -> 0 | BA29: =(Table43[[#This Row],[Harga Jual Pcs GT (-PPN)]]-Table43[[#This Row],[Harga Beli Pcs (-PPN)]])/Table43[[#This Row],[Harga Jual Pcs GT (-PPN)]] -> 0.065 | BB29: =Table43[[#This Row],[Harga Jual Pcs MT (-PPN)]]-Table43[[#This Row],[Harga Beli Pcs (-PPN)]] -> -27806.9 | BC29: =Table43[[#This Row],[Column1]]/Table43[[#This Row],[Harga Jual Pcs MT (-PPN)]] -> #DIV/0! | BF29: =IF(TODAY()-Table43[[#This Row],[Efektif Pembuatan]]>60,"Lama","Baru") -> Lama | BG29: =IF(TODAY()-Table43[[#This Row],[Efektif Naik Harga]]<30,"Naik","Sama") -> Sama | BI29: =IF(Table43[[#This Row],[Kode BARANG Win2]]<>"","IDR","") -> IDR | BJ29: =CONCATENATE(Table43[[#This Row],[kode 1 Digit (Nomor)]],Table43[[#This Row],[kode 4 Digit (Nomor)]]) -> 0200 | BK29: =Table43[[#This Row],[Nama Gramasi atau Jumlah Pack per CTN]] -> 200ML | BN29: =IF(Table43[[#This Row],[SATUAN Fix Win]]<>"","KRT") -> KRT | BO29: =IF(Table43[[#This Row],[SATUAN Fix Win]]<>"","GD01") -> GD01 | BP29: =IF(Table43[[#This Row],[SATUAN Fix Win]]<>"",11611) -> 11611 | BQ29: =IF(Table43[[#This Row],[SATUAN Fix Win]]<>"",11612) -> 11612 | BS29: =IF(Table43[[#This Row],[SATUAN Fix Win]]<>"",1) -> 1 | BU29: =Table43[[#This Row],[ISI/CTN]] -> 12
A30: =CONCATENATE(Table43[[#This Row],[Kode BARANG Win2]],Table43[[#This Row],[No. Urut Item Sama]]) -> G1044000020010 | C30: 30032000100010 | D30: 40008275 | E30: CARRERA PENGKILAP BAN 48 PCH X 200ML 8275 CR03 | F30: 30040040200020 | G30: 0 | H30: Carrera Pengkilap Ban 200 ml | I30: 48 | J30: 8992746700417 | K30: =Table43[[#This Row],[NamaJenisKemasan]] -> PCH | L30: =TRIM(CONCATENATE(Table43[[#This Row],[Nama KLP]]," ",Table43[[#This Row],[Nama Sub KLP]])) -> CARRERA PENGKILAP BAN | M30: =CONCATENATE(Table43[[#This Row],[kode 2 Digit (hrf+No)]],Table43[[#This Row],[kode 2 Digit (Nomor)]],Table43[[#This Row],[kode 1 Digit (Nomor)]]) -> G1044 | N30: =IF(AI30="",CONCATENATE(S30,U30,W30,Y30,AA30,AC30,AE30,AG30,Table43[[#This Row],[Tanda Kode Revisi]]),CONCATENATE(S30,U30,W30,Y30,AA30,AC30,AE30,AI30)) -> G1044000020010 | O30: =LEN(N30) -> 14 | P30: =IF(AH30<>"",TRIM(UPPER(CONCATENATE(R30," ",T30," ",V30," ",X30," ",Z30," ",AB30," ","X"," ",Table43[[#This Row],[ISI/CTN]]," ",AH30," ",AD30," ",AF30," ",AJ30))),TRIM(UPPER(CONCATENATE(R30," ",T30," ",V30," ",X30," ",Z30," ",AB30," ","X"," ",Table43[[#This Row],[ISI/CTN]]," ",AD30," ",AF30," ",AJ30)))) -> CARRERA PENGKILAP BAN 200ML X 48 PCH | Q30: =LEN(P30) -> 36 | S30: G1 | T30: CARRERA | U30: 04 | V30: PENGKILAP BAN | W30: 4 | Y30: 0 | AA30: 00 | AB30: 200ML | AC30: 0200 | AD30: PCH | AE30: 1 | AG30: 0 | AK30: =Table43[[#This Row],[Column4]] -> 30040040200020 | AN30: =Table43[[#This Row],[ISI/CTN]] -> 48 | AO30: =Table43[[#This Row],[Harga Jual Pcs GT (-PPN)]]-(Table43[[#This Row],[Harga Jual Pcs GT (-PPN)]]*6.5%) -> 11930.6 | AP30: =Table43[[#This Row],[Harga Beli Pcs (-PPN)]]*Table43[[#This Row],[ISI/CTN]] -> 572668.8 | AQ30: =Table43[[#This Row],[Harga Beli Pcs (-PPN)]]*1.11 -> 13242.966 | AR30: =Table43[[#This Row],[Harga Beli Krt (- PPN)]]*1.11 -> 635662.37 | AS30: 12760 | AT30: =Table43[[#This Row],[Harga Jual Pcs GT (-PPN)]]*Table43[[#This Row],[ISI/CTN]] -> 612480 | AU30: =Table43[[#This Row],[Harga Jual Pcs GT (-PPN)]]*1.11 -> 14163.6 | AV30: =Table43[[#This Row],[Harga Jual Krt GT (- PPN)]]*1.11 -> 679852.8 | AW30: =IFERROR(VLOOKUP(Table43[[#This Row],[Kode Pcpl]],'[1]FEB 2026'!$A$3:$X$312,24,0),0) -> 0 | AX30: =Table43[[#This Row],[Harga Jual Pcs MT (-PPN)]]*Table43[[#This Row],[ISI/CTN]] -> 0 | AY30: =Table43[[#This Row],[Harga Jual Pcs MT (-PPN)]]*1.11 -> 0 | AZ30: =Table43[[#This Row],[Harga Jual Pcs MT (+PPN)]]*Table43[[#This Row],[ISI/CTN]] -> 0 | BA30: =(Table43[[#This Row],[Harga Jual Pcs GT (-PPN)]]-Table43[[#This Row],[Harga Beli Pcs (-PPN)]])/Table43[[#This Row],[Harga Jual Pcs GT (-PPN)]] -> 0.065 | BB30: =Table43[[#This Row],[Harga Jual Pcs MT (-PPN)]]-Table43[[#This Row],[Harga Beli Pcs (-PPN)]] -> -11930.6 | BC30: =Table43[[#This Row],[Column1]]/Table43[[#This Row],[Harga Jual Pcs MT (-PPN)]] -> #DIV/0! | BF30: =IF(TODAY()-Table43[[#This Row],[Efektif Pembuatan]]>60,"Lama","Baru") -> Lama | BG30: =IF(TODAY()-Table43[[#This Row],[Efektif Naik Harga]]<30,"Naik","Sama") -> Sama | BI30: =IF(Table43[[#This Row],[Kode BARANG Win2]]<>"","IDR","") -> IDR | BJ30: =CONCATENATE(Table43[[#This Row],[kode 1 Digit (Nomor)]],Table43[[#This Row],[kode 4 Digit (Nomor)]]) -> 0200 | BK30: =Table43[[#This Row],[Nama Gramasi atau Jumlah Pack per CTN]] -> 200ML | BN30: =IF(Table43[[#This Row],[SATUAN Fix Win]]<>"","KRT") -> KRT | BO30: =IF(Table43[[#This Row],[SATUAN Fix Win]]<>"","GD01") -> GD01 | BP30: =IF(Table43[[#This Row],[SATUAN Fix Win]]<>"",11611) -> 11611 | BQ30: =IF(Table43[[#This Row],[SATUAN Fix Win]]<>"",11612) -> 11612 | BS30: =IF(Table43[[#This Row],[SATUAN Fix Win]]<>"",1) -> 1 | BU30: =Table43[[#This Row],[ISI/CTN]] -> 48
A31: =CONCATENATE(Table43[[#This Row],[Kode BARANG Win2]],Table43[[#This Row],[No. Urut Item Sama]]) -> G1044000040010 | C31: 30032000050010 | D31: 40014989 | E31: CARRERA PENGKILAP BAN 12 BTL X 400ML 14989 CR09 | F31: 30043040400000 | G31: 0 | H31: CARRERA P`KILAP BAN FOAM 400ML | I31: 12 | J31: 8992745705314 | K31: =Table43[[#This Row],[NamaJenisKemasan]] -> BTL | L31: =TRIM(CONCATENATE(Table43[[#This Row],[Nama KLP]]," ",Table43[[#This Row],[Nama Sub KLP]])) -> CARRERA PENGKILAP BAN | M31: =CONCATENATE(Table43[[#This Row],[kode 2 Digit (hrf+No)]],Table43[[#This Row],[kode 2 Digit (Nomor)]],Table43[[#This Row],[kode 1 Digit (Nomor)]]) -> G1044 | N31: =IF(AI31="",CONCATENATE(S31,U31,W31,Y31,AA31,AC31,AE31,AG31,Table43[[#This Row],[Tanda Kode Revisi]]),CONCATENATE(S31,U31,W31,Y31,AA31,AC31,AE31,AI31)) -> G1044000040010 | O31: =LEN(N31) -> 14 | P31: =IF(AH31<>"",TRIM(UPPER(CONCATENATE(R31," ",T31," ",V31," ",X31," ",Z31," ",AB31," ","X"," ",Table43[[#This Row],[ISI/CTN]]," ",AH31," ",AD31," ",AF31," ",AJ31))),TRIM(UPPER(CONCATENATE(R31," ",T31," ",V31," ",X31," ",Z31," ",AB31," ","X"," ",Table43[[#This Row],[ISI/CTN]]," ",AD31," ",AF31," ",AJ31)))) -> CARRERA PENGKILAP BAN 400ML X 12 BTL | Q31: =LEN(P31) -> 36 | S31: G1 | T31: CARRERA | U31: 04 | V31: PENGKILAP BAN | W31: 4 | Y31: 0 | AA31: 00 | AB31: 400ML | AC31: 0400 | AD31: BTL | AE31: 1 | AG31: 0 | AK31: =Table43[[#This Row],[Column4]] -> 30043040400000 | AN31: =Table43[[#This Row],[ISI/CTN]] -> 12 | AO31: =Table43[[#This Row],[Harga Jual Pcs GT (-PPN)]]-(Table43[[#This Row],[Harga Jual Pcs GT (-PPN)]]*6.5%) -> 34379.95 | AP31: =Table43[[#This Row],[Harga Beli Pcs (-PPN)]]*Table43[[#This Row],[ISI/CTN]] -> 412559.4 | AQ31: =Table43[[#This Row],[Harga Beli Pcs (-PPN)]]*1.11 -> 38161.745 | AR31: =Table43[[#This Row],[Harga Beli Krt (- PPN)]]*1.11 -> 457940.93 | AS31: 36770 | AT31: =Table43[[#This Row],[Harga Jual Pcs GT (-PPN)]]*Table43[[#This Row],[ISI/CTN]] -> 441240 | AU31: =Table43[[#This Row],[Harga Jual Pcs GT (-PPN)]]*1.11 -> 40814.7 | AV31: =Table43[[#This Row],[Harga Jual Krt GT (- PPN)]]*1.11 -> 489776.4 | AW31: =IFERROR(VLOOKUP(Table43[[#This Row],[Kode Pcpl]],'[1]FEB 2026'!$A$3:$X$312,24,0),0) -> 0 | AX31: =Table43[[#This Row],[Harga Jual Pcs MT (-PPN)]]*Table43[[#This Row],[ISI/CTN]] -> 0 | AY31: =Table43[[#This Row],[Harga Jual Pcs MT (-PPN)]]*1.11 -> 0 | AZ31: =Table43[[#This Row],[Harga Jual Pcs MT (+PPN)]]*Table43[[#This Row],[ISI/CTN]] -> 0 | BA31: =(Table43[[#This Row],[Harga Jual Pcs GT (-PPN)]]-Table43[[#This Row],[Harga Beli Pcs (-PPN)]])/Table43[[#This Row],[Harga Jual Pcs GT (-PPN)]] -> 0.065 | BB31: =Table43[[#This Row],[Harga Jual Pcs MT (-PPN)]]-Table43[[#This Row],[Harga Beli Pcs (-PPN)]] -> -34379.95 | BC31: =Table43[[#This Row],[Column1]]/Table43[[#This Row],[Harga Jual Pcs MT (-PPN)]] -> #DIV/0! | BF31: =IF(TODAY()-Table43[[#This Row],[Efektif Pembuatan]]>60,"Lama","Baru") -> Lama | BG31: =IF(TODAY()-Table43[[#This Row],[Efektif Naik Harga]]<30,"Naik","Sama") -> Sama | BI31: =IF(Table43[[#This Row],[Kode BARANG Win2]]<>"","IDR","") -> IDR | BJ31: =CONCATENATE(Table43[[#This Row],[kode 1 Digit (Nomor)]],Table43[[#This Row],[kode 4 Digit (Nomor)]]) -> 0400 | BK31: =Table43[[#This Row],[Nama Gramasi atau Jumlah Pack per CTN]] -> 400ML | BN31: =IF(Table43[[#This Row],[SATUAN Fix Win]]<>"","KRT") -> KRT | BO31: =IF(Table43[[#This Row],[SATUAN Fix Win]]<>"","GD01") -> GD01 | BP31: =IF(Table43[[#This Row],[SATUAN Fix Win]]<>"",11611) -> 11611 | BQ31: =IF(Table43[[#This Row],[SATUAN Fix Win]]<>"",11612) -> 11612 | BS31: =IF(Table43[[#This Row],[SATUAN Fix Win]]<>"",1) -> 1 | BU31: =Table43[[#This Row],[ISI/CTN]] -> 12
A32: =CONCATENATE(Table43[[#This Row],[Kode BARANG Win2]],Table43[[#This Row],[No. Urut Item Sama]]) -> G1045000010010 | C32: 30032030060000 | D32: 40009093 | E32: CARRERA POLES MOTOR 24 PUMP X 100ML 9093 CR12 | F32: 30044060100040 | G32: 0 | H32: Carrera PolesMtr SG PUMP 100ml | I32: 24 | J32: 8992745705284 | K32: =Table43[[#This Row],[NamaJenisKemasan]] -> PUMP | L32: =TRIM(CONCATENATE(Table43[[#This Row],[Nama KLP]]," ",Table43[[#This Row],[Nama Sub KLP]])) -> CARRERA POLES MOTOR | M32: =CONCATENATE(Table43[[#This Row],[kode 2 Digit (hrf+No)]],Table43[[#This Row],[kode 2 Digit (Nomor)]],Table43[[#This Row],[kode 1 Digit (Nomor)]]) -> G1045 | N32: =IF(AI32="",CONCATENATE(S32,U32,W32,Y32,AA32,AC32,AE32,AG32,Table43[[#This Row],[Tanda Kode Revisi]]),CONCATENATE(S32,U32,W32,Y32,AA32,AC32,AE32,AI32)) -> G1045000010010 | O32: =LEN(N32) -> 14 | P32: =IF(AH32<>"",TRIM(UPPER(CONCATENATE(R32," ",T32," ",V32," ",X32," ",Z32," ",AB32," ","X"," ",Table43[[#This Row],[ISI/CTN]]," ",AH32," ",AD32," ",AF32," ",AJ32))),TRIM(UPPER(CONCATENATE(R32," ",T32," ",V32," ",X32," ",Z32," ",AB32," ","X"," ",Table43[[#This Row],[ISI/CTN]]," ",AD32," ",AF32," ",AJ32)))) -> CARRERA POLES MOTOR 100ML X 24 PUMP | Q32: =LEN(P32) -> 35 | S32: G1 | T32: CARRERA | U32: 04 | V32: POLES MOTOR | W32: 5 | Y32: 0 | AA32: 00 | AB32: 100ML | AC32: 0100 | AD32: PUMP | AE32: 1 | AG32: 0 | AK32: =Table43[[#This Row],[Column4]] -> 30044060100040 | AN32: =Table43[[#This Row],[ISI/CTN]] -> 24 | AO32: =Table43[[#This Row],[Harga Jual Pcs GT (-PPN)]]-(Table43[[#This Row],[Harga Jual Pcs GT (-PPN)]]*6.5%) -> 10415.9 | AP32: =Table43[[#This Row],[Harga Beli Pcs (-PPN)]]*Table43[[#This Row],[ISI/CTN]] -> 249981.6 | AQ32: =Table43[[#This Row],[Harga Beli Pcs (-PPN)]]*1.11 -> 11561.649 | AR32: =Table43[[#This Row],[Harga Beli Krt (- PPN)]]*1.11 -> 277479.58 | AS32: 11140 | AT32: =Table43[[#This Row],[Harga Jual Pcs GT (-PPN)]]*Table43[[#This Row],[ISI/CTN]] -> 267360 | AU32: =Table43[[#This Row],[Harga Jual Pcs GT (-PPN)]]*1.11 -> 12365.4 | AV32: =Table43[[#This Row],[Harga Jual Krt GT (- PPN)]]*1.11 -> 296769.6 | AW32: =IFERROR(VLOOKUP(Table43[[#This Row],[Kode Pcpl]],'[1]FEB 2026'!$A$3:$X$312,24,0),0) -> 0 | AX32: =Table43[[#This Row],[Harga Jual Pcs MT (-PPN)]]*Table43[[#This Row],[ISI/CTN]] -> 0 | AY32: =Table43[[#This Row],[Harga Jual Pcs MT (-PPN)]]*1.11 -> 0 | AZ32: =Table43[[#This Row],[Harga Jual Pcs MT (+PPN)]]*Table43[[#This Row],[ISI/CTN]] -> 0 | BA32: =(Table43[[#This Row],[Harga Jual Pcs GT (-PPN)]]-Table43[[#This Row],[Harga Beli Pcs (-PPN)]])/Table43[[#This Row],[Harga Jual Pcs GT (-PPN)]] -> 0.065 | BB32: =Table43[[#This Row],[Harga Jual Pcs MT (-PPN)]]-Table43[[#This Row],[Harga Beli Pcs (-PPN)]] -> -10415.9 | BC32: =Table43[[#This Row],[Column1]]/Table43[[#This Row],[Harga Jual Pcs MT (-PPN)]] -> #DIV/0! | BF32: =IF(TODAY()-Table43[[#This Row],[Efektif Pembuatan]]>60,"Lama","Baru") -> Lama | BG32: =IF(TODAY()-Table43[[#This Row],[Efektif Naik Harga]]<30,"Naik","Sama") -> Sama | BI32: =IF(Table43[[#This Row],[Kode BARANG Win2]]<>"","IDR","") -> IDR | BJ32: =CONCATENATE(Table43[[#This Row],[kode 1 Digit (Nomor)]],Table43[[#This Row],[kode 4 Digit (Nomor)]]) -> 0100 | BK32: =Table43[[#This Row],[Nama Gramasi atau Jumlah Pack per CTN]] -> 100ML | BN32: =IF(Table43[[#This Row],[SATUAN Fix Win]]<>"","KRT") -> KRT | BO32: =IF(Table43[[#This Row],[SATUAN Fix Win]]<>"","GD01") -> GD01 | BP32: =IF(Table43[[#This Row],[SATUAN Fix Win]]<>"",11611) -> 11611 | BQ32: =IF(Table43[[#This Row],[SATUAN Fix Win]]<>"",11612) -> 11612 | BS32: =IF(Table43[[#This Row],[SATUAN Fix Win]]<>"",1) -> 1 | BU32: =Table43[[#This Row],[ISI/CTN]] -> 24
A33: =CONCATENATE(Table43[[#This Row],[Kode BARANG Win2]],Table43[[#This Row],[No. Urut Item Sama]]) -> G1046101040010 | C33: 30045050400020 | D33: 40008273 | E33: CARRERA REF WASH&WAX 12 PCH X 400ML 8273 CR07 | F33: 30041100180020 | G33: 0 | H33: Carrera Wash& Wax Refill 400ml | I33: 12 | J33: 8992745700401 | K33: =Table43[[#This Row],[NamaJenisKemasan]] -> PCH | L33: =TRIM(CONCATENATE(Table43[[#This Row],[Nama KLP]]," ",Table43[[#This Row],[Nama Sub KLP]])) -> CARRERA WASH&WAX | M33: =CONCATENATE(Table43[[#This Row],[kode 2 Digit (hrf+No)]],Table43[[#This Row],[kode 2 Digit (Nomor)]],Table43[[#This Row],[kode 1 Digit (Nomor)]]) -> G1046 | N33: =IF(AI33="",CONCATENATE(S33,U33,W33,Y33,AA33,AC33,AE33,AG33,Table43[[#This Row],[Tanda Kode Revisi]]),CONCATENATE(S33,U33,W33,Y33,AA33,AC33,AE33,AI33)) -> G1046101040010 | O33: =LEN(N33) -> 14 | P33: =IF(AH33<>"",TRIM(UPPER(CONCATENATE(R33," ",T33," ",V33," ",X33," ",Z33," ",AB33," ","X"," ",Table43[[#This Row],[ISI/CTN]]," ",AH33," ",AD33," ",AF33," ",AJ33))),TRIM(UPPER(CONCATENATE(R33," ",T33," ",V33," ",X33," ",Z33," ",AB33," ","X"," ",Table43[[#This Row],[ISI/CTN]]," ",AD33," ",AF33," ",AJ33)))) -> CARRERA WASH&WAX REFILL 400ML X 12 PCH | Q33: =LEN(P33) -> 38 | S33: G1 | T33: CARRERA | U33: 04 | V33: WASH&WAX | W33: 6 | X33: REFILL | Y33: 1 | AA33: 01 | AB33: 400ML | AC33: 0400 | AD33: PCH | AE33: 1 | AG33: 0 | AK33: =Table43[[#This Row],[Column4]] -> 30041100180020 | AN33: =Table43[[#This Row],[ISI/CTN]] -> 12 | AO33: =Table43[[#This Row],[Harga Jual Pcs GT (-PPN)]]-(Table43[[#This Row],[Harga Jual Pcs GT (-PPN)]]*6.5%) -> 15118.95 | AP33: =Table43[[#This Row],[Harga Beli Pcs (-PPN)]]*Table43[[#This Row],[ISI/CTN]] -> 181427.4 | AQ33: =Table43[[#This Row],[Harga Beli Pcs (-PPN)]]*1.11 -> 16782.035 | AR33: =Table43[[#This Row],[Harga Beli Krt (- PPN)]]*1.11 -> 201384.41 | AS33: 16170 | AT33: =Table43[[#This Row],[Harga Jual Pcs GT (-PPN)]]*Table43[[#This Row],[ISI/CTN]] -> 194040 | AU33: =Table43[[#This Row],[Harga Jual Pcs GT (-PPN)]]*1.11 -> 17948.7 | AV33: =Table43[[#This Row],[Harga Jual Krt GT (- PPN)]]*1.11 -> 215384.4 | AW33: =IFERROR(VLOOKUP(Table43[[#This Row],[Kode Pcpl]],'[1]FEB 2026'!$A$3:$X$312,24,0),0) -> 0 | AX33: =Table43[[#This Row],[Harga Jual Pcs MT (-PPN)]]*Table43[[#This Row],[ISI/CTN]] -> 0 | AY33: =Table43[[#This Row],[Harga Jual Pcs MT (-PPN)]]*1.11 -> 0 | AZ33: =Table43[[#This Row],[Harga Jual Pcs MT (+PPN)]]*Table43[[#This Row],[ISI/CTN]] -> 0 | BA33: =(Table43[[#This Row],[Harga Jual Pcs GT (-PPN)]]-Table43[[#This Row],[Harga Beli Pcs (-PPN)]])/Table43[[#This Row],[Harga Jual Pcs GT (-PPN)]] -> 0.065 | BB33: =Table43[[#This Row],[Harga Jual Pcs MT (-PPN)]]-Table43[[#This Row],[Harga Beli Pcs (-PPN)]] -> -15118.95 | BC33: =Table43[[#This Row],[Column1]]/Table43[[#This Row],[Harga Jual Pcs MT (-PPN)]] -> #DIV/0! | BF33: =IF(TODAY()-Table43[[#This Row],[Efektif Pembuatan]]>60,"Lama","Baru") -> Lama | BG33: =IF(TODAY()-Table43[[#This Row],[Efektif Naik Harga]]<30,"Naik","Sama") -> Sama | BI33: =IF(Table43[[#This Row],[Kode BARANG Win2]]<>"","IDR","") -> IDR | BJ33: =CONCATENATE(Table43[[#This Row],[kode 1 Digit (Nomor)]],Table43[[#This Row],[kode 4 Digit (Nomor)]]) -> 0400 | BK33: =Table43[[#This Row],[Nama Gramasi atau Jumlah Pack per CTN]] -> 400ML | BN33: =IF(Table43[[#This Row],[SATUAN Fix Win]]<>"","KRT") -> KRT | BO33: =IF(Table43[[#This Row],[SATUAN Fix Win]]<>"","GD01") -> GD01 | BP33: =IF(Table43[[#This Row],[SATUAN Fix Win]]<>"",11611) -> 11611 | BQ33: =IF(Table43[[#This Row],[SATUAN Fix Win]]<>"",11612) -> 11612 | BS33: =IF(Table43[[#This Row],[SATUAN Fix Win]]<>"",1) -> 1 | BU33: =Table43[[#This Row],[ISI/CTN]] -> 12
A34: =CONCATENATE(Table43[[#This Row],[Kode BARANG Win2]],Table43[[#This Row],[No. Urut Item Sama]]) -> G1047101040010 | C34: 30040010175000 | D34: 40008267 | E34: CARRERA SHP MOBIL 12 PCH X 400ML 8267 CR13 | F34: 30045050400020 | G34: 0 | H34: Carrera Shampoo Mobil 400 ml | I34: 12 | J34: 8992746700844 | K34: =Table43[[#This Row],[NamaJenisKemasan]] -> PCH | L34: =TRIM(CONCATENATE(Table43[[#This Row],[Nama KLP]]," ",Table43[[#This Row],[Nama Sub KLP]])) -> CARRERA SHAMPOO | M34: =CONCATENATE(Table43[[#This Row],[kode 2 Digit (hrf+No)]],Table43[[#This Row],[kode 2 Digit (Nomor)]],Table43[[#This Row],[kode 1 Digit (Nomor)]]) -> G1047 | N34: =IF(AI34="",CONCATENATE(S34,U34,W34,Y34,AA34,AC34,AE34,AG34,Table43[[#This Row],[Tanda Kode Revisi]]),CONCATENATE(S34,U34,W34,Y34,AA34,AC34,AE34,AI34)) -> G1047101040010 | O34: =LEN(N34) -> 14 | P34: =IF(AH34<>"",TRIM(UPPER(CONCATENATE(R34," ",T34," ",V34," ",X34," ",Z34," ",AB34," ","X"," ",Table43[[#This Row],[ISI/CTN]]," ",AH34," ",AD34," ",AF34," ",AJ34))),TRIM(UPPER(CONCATENATE(R34," ",T34," ",V34," ",X34," ",Z34," ",AB34," ","X"," ",Table43[[#This Row],[ISI/CTN]]," ",AD34," ",AF34," ",AJ34)))) -> CARRERA SHAMPOO MOBIL 400ML X 12 PCH | Q34: =LEN(P34) -> 36 | S34: G1 | T34: CARRERA | U34: 04 | V34: SHAMPOO | W34: 7 | X34: MOBIL | Y34: 1 | AA34: 01 | AB34: 400ML | AC34: 0400 | AD34: PCH | AE34: 1 | AG34: 0 | AK34: =Table43[[#This Row],[Column4]] -> 30045050400020 | AN34: =Table43[[#This Row],[ISI/CTN]] -> 12 | AO34: =Table43[[#This Row],[Harga Jual Pcs GT (-PPN)]]-(Table43[[#This Row],[Harga Jual Pcs GT (-PPN)]]*6.5%) -> 6068.15 | AP34: =Table43[[#This Row],[Harga Beli Pcs (-PPN)]]*Table43[[#This Row],[ISI/CTN]] -> 72817.8 | AQ34: =Table43[[#This Row],[Harga Beli Pcs (-PPN)]]*1.11 -> 6735.6465 | AR34: =Table43[[#This Row],[Harga Beli Krt (- PPN)]]*1.11 -> 80827.758 | AS34: 6490 | AT34: =Table43[[#This Row],[Harga Jual Pcs GT (-PPN)]]*Table43[[#This Row],[ISI/CTN]] -> 77880 | AU34: =Table43[[#This Row],[Harga Jual Pcs GT (-PPN)]]*1.11 -> 7203.9 | AV34: =Table43[[#This Row],[Harga Jual Krt GT (- PPN)]]*1.11 -> 86446.8 | AW34: =IFERROR(VLOOKUP(Table43[[#This Row],[Kode Pcpl]],'[1]FEB 2026'!$A$3:$X$312,24,0),0) -> 0 | AX34: =Table43[[#This Row],[Harga Jual Pcs MT (-PPN)]]*Table43[[#This Row],[ISI/CTN]] -> 0 | AY34: =Table43[[#This Row],[Harga Jual Pcs MT (-PPN)]]*1.11 -> 0 | AZ34: =Table43[[#This Row],[Harga Jual Pcs MT (+PPN)]]*Table43[[#This Row],[ISI/CTN]] -> 0 | BA34: =(Table43[[#This Row],[Harga Jual Pcs GT (-PPN)]]-Table43[[#This Row],[Harga Beli Pcs (-PPN)]])/Table43[[#This Row],[Harga Jual Pcs GT (-PPN)]] -> 0.065 | BB34: =Table43[[#This Row],[Harga Jual Pcs MT (-PPN)]]-Table43[[#This Row],[Harga Beli Pcs (-PPN)]] -> -6068.15 | BC34: =Table43[[#This Row],[Column1]]/Table43[[#This Row],[Harga Jual Pcs MT (-PPN)]] -> #DIV/0! | BF34: =IF(TODAY()-Table43[[#This Row],[Efektif Pembuatan]]>60,"Lama","Baru") -> Lama | BG34: =IF(TODAY()-Table43[[#This Row],[Efektif Naik Harga]]<30,"Naik","Sama") -> Sama | BI34: =IF(Table43[[#This Row],[Kode BARANG Win2]]<>"","IDR","") -> IDR | BJ34: =CONCATENATE(Table43[[#This Row],[kode 1 Digit (Nomor)]],Table43[[#This Row],[kode 4 Digit (Nomor)]]) -> 0400 | BK34: =Table43[[#This Row],[Nama Gramasi atau Jumlah Pack per CTN]] -> 400ML | BN34: =IF(Table43[[#This Row],[SATUAN Fix Win]]<>"","KRT") -> KRT | BO34: =IF(Table43[[#This Row],[SATUAN Fix Win]]<>"","GD01") -> GD01 | BP34: =IF(Table43[[#This Row],[SATUAN Fix Win]]<>"",11611) -> 11611 | BQ34: =IF(Table43[[#This Row],[SATUAN Fix Win]]<>"",11612) -> 11612 | BS34: =IF(Table43[[#This Row],[SATUAN Fix Win]]<>"",1) -> 1 | BU34: =Table43[[#This Row],[ISI/CTN]] -> 12
A35: =CONCATENATE(Table43[[#This Row],[Kode BARANG Win2]],Table43[[#This Row],[No. Urut Item Sama]]) -> G1047101080010 | C35: 30040040200020 | D35: 40008266 | E35: CARRERA SHP MOBIL 12 PCH X 800ML 8266 CR14 | F35: 30045050800020 | G35: 0 | H35: Carrera Shampoo Mobil 800 ml | I35: 12 | J35: 8992746700875 | K35: =Table43[[#This Row],[NamaJenisKemasan]] -> PCH | L35: =TRIM(CONCATENATE(Table43[[#This Row],[Nama KLP]]," ",Table43[[#This Row],[Nama Sub KLP]])) -> CARRERA SHAMPOO | M35: =CONCATENATE(Table43[[#This Row],[kode 2 Digit (hrf+No)]],Table43[[#This Row],[kode 2 Digit (Nomor)]],Table43[[#This Row],[kode 1 Digit (Nomor)]]) -> G1047 | N35: =IF(AI35="",CONCATENATE(S35,U35,W35,Y35,AA35,AC35,AE35,AG35,Table43[[#This Row],[Tanda Kode Revisi]]),CONCATENATE(S35,U35,W35,Y35,AA35,AC35,AE35,AI35)) -> G1047101080010 | O35: =LEN(N35) -> 14 | P35: =IF(AH35<>"",TRIM(UPPER(CONCATENATE(R35," ",T35," ",V35," ",X35," ",Z35," ",AB35," ","X"," ",Table43[[#This Row],[ISI/CTN]]," ",AH35," ",AD35," ",AF35," ",AJ35))),TRIM(UPPER(CONCATENATE(R35," ",T35," ",V35," ",X35," ",Z35," ",AB35," ","X"," ",Table43[[#This Row],[ISI/CTN]]," ",AD35," ",AF35," ",AJ35)))) -> CARRERA SHAMPOO MOBIL 800ML X 12 PCH | Q35: =LEN(P35) -> 36 | S35: G1 | T35: CARRERA | U35: 04 | V35: SHAMPOO | W35: 7 | X35: MOBIL | Y35: 1 | AA35: 01 | AB35: 800ML | AC35: 0800 | AD35: PCH | AE35: 1 | AG35: 0 | AK35: =Table43[[#This Row],[Column4]] -> 30045050800020 | AN35: =Table43[[#This Row],[ISI/CTN]] -> 12 | AO35: =Table43[[#This Row],[Harga Jual Pcs GT (-PPN)]]-(Table43[[#This Row],[Harga Jual Pcs GT (-PPN)]]*6.5%) -> 9901.65 | AP35: =Table43[[#This Row],[Harga Beli Pcs (-PPN)]]*Table43[[#This Row],[ISI/CTN]] -> 118819.8 | AQ35: =Table43[[#This Row],[Harga Beli Pcs (-PPN)]]*1.11 -> 10990.832 | AR35: =Table43[[#This Row],[Harga Beli Krt (- PPN)]]*1.11 -> 131889.98 | AS35: 10590 | AT35: =Table43[[#This Row],[Harga Jual Pcs GT (-PPN)]]*Table43[[#This Row],[ISI/CTN]] -> 127080 | AU35: =Table43[[#This Row],[Harga Jual Pcs GT (-PPN)]]*1.11 -> 11754.9 | AV35: =Table43[[#This Row],[Harga Jual Krt GT (- PPN)]]*1.11 -> 141058.8 | AW35: =IFERROR(VLOOKUP(Table43[[#This Row],[Kode Pcpl]],'[1]FEB 2026'!$A$3:$X$312,24,0),0) -> 0 | AX35: =Table43[[#This Row],[Harga Jual Pcs MT (-PPN)]]*Table43[[#This Row],[ISI/CTN]] -> 0 | AY35: =Table43[[#This Row],[Harga Jual Pcs MT (-PPN)]]*1.11 -> 0 | AZ35: =Table43[[#This Row],[Harga Jual Pcs MT (+PPN)]]*Table43[[#This Row],[ISI/CTN]] -> 0 | BA35: =(Table43[[#This Row],[Harga Jual Pcs GT (-PPN)]]-Table43[[#This Row],[Harga Beli Pcs (-PPN)]])/Table43[[#This Row],[Harga Jual Pcs GT (-PPN)]] -> 0.065 | BB35: =Table43[[#This Row],[Harga Jual Pcs MT (-PPN)]]-Table43[[#This Row],[Harga Beli Pcs (-PPN)]] -> -9901.65 | BC35: =Table43[[#This Row],[Column1]]/Table43[[#This Row],[Harga Jual Pcs MT (-PPN)]] -> #DIV/0! | BF35: =IF(TODAY()-Table43[[#This Row],[Efektif Pembuatan]]>60,"Lama","Baru") -> Lama | BG35: =IF(TODAY()-Table43[[#This Row],[Efektif Naik Harga]]<30,"Naik","Sama") -> Sama | BI35: =IF(Table43[[#This Row],[Kode BARANG Win2]]<>"","IDR","") -> IDR | BJ35: =CONCATENATE(Table43[[#This Row],[kode 1 Digit (Nomor)]],Table43[[#This Row],[kode 4 Digit (Nomor)]]) -> 0800 | BK35: =Table43[[#This Row],[Nama Gramasi atau Jumlah Pack per CTN]] -> 800ML | BN35: =IF(Table43[[#This Row],[SATUAN Fix Win]]<>"","KRT") -> KRT | BO35: =IF(Table43[[#This Row],[SATUAN Fix Win]]<>"","GD01") -> GD01 | BP35: =IF(Table43[[#This Row],[SATUAN Fix Win]]<>"",11611) -> 11611 | BQ35: =IF(Table43[[#This Row],[SATUAN Fix Win]]<>"",11612) -> 11612 | BS35: =IF(Table43[[#This Row],[SATUAN Fix Win]]<>"",1) -> 1 | BU35: =Table43[[#This Row],[ISI/CTN]] -> 12
A36: =CONCATENATE(Table43[[#This Row],[Kode BARANG Win2]],Table43[[#This Row],[No. Urut Item Sama]]) -> G1047202002020 | C36: 30041100180020 | D36: 40009997 | E36: CARRERA SHP MOTOR 144 PCS X 20ML 24'S 09997 CR21 | F36: 30045060020010 | G36: 0 | H36: Carrera SHAMPOOMotor 24`S 20ml | I36: 144 | J36: 8992746700769 | K36: =Table43[[#This Row],[NamaJenisKemasan]] -> PCS | L36: =TRIM(CONCATENATE(Table43[[#This Row],[Nama KLP]]," ",Table43[[#This Row],[Nama Sub KLP]])) -> CARRERA SHAMPOO | M36: =CONCATENATE(Table43[[#This Row],[kode 2 Digit (hrf+No)]],Table43[[#This Row],[kode 2 Digit (Nomor)]],Table43[[#This Row],[kode 1 Digit (Nomor)]]) -> G1047 | N36: =IF(AI36="",CONCATENATE(S36,U36,W36,Y36,AA36,AC36,AE36,AG36,Table43[[#This Row],[Tanda Kode Revisi]]),CONCATENATE(S36,U36,W36,Y36,AA36,AC36,AE36,AI36)) -> G1047202002020 | O36: =LEN(N36) -> 14 | P36: =IF(AH36<>"",TRIM(UPPER(CONCATENATE(R36," ",T36," ",V36," ",X36," ",Z36," ",AB36," ","X"," ",Table43[[#This Row],[ISI/CTN]]," ",AH36," ",AD36," ",AF36," ",AJ36))),TRIM(UPPER(CONCATENATE(R36," ",T36," ",V36," ",X36," ",Z36," ",AB36," ","X"," ",Table43[[#This Row],[ISI/CTN]]," ",AD36," ",AF36," ",AJ36)))) -> CARRERA SHAMPOO MOTOR 20ML X 144 PCS | Q36: =LEN(P36) -> 36 | S36: G1 | T36: CARRERA | U36: 04 | V36: SHAMPOO | W36: 7 | X36: MOTOR | Y36: 2 | AA36: 02 | AB36: 20ML | AC36: 0020 | AD36: PCS | AE36: 2 | AG36: 0 | AK36: =Table43[[#This Row],[Column4]] -> 30045060020010 | AN36: =Table43[[#This Row],[ISI/CTN]] -> 144 | AO36: =Table43[[#This Row],[Harga Jual Pcs GT (-PPN)]]-(Table43[[#This Row],[Harga Jual Pcs GT (-PPN)]]*6.5%) -> 336.6 | AP36: =Table43[[#This Row],[Harga Beli Pcs (-PPN)]]*Table43[[#This Row],[ISI/CTN]] -> 48470.4 | AQ36: =Table43[[#This Row],[Harga Beli Pcs (-PPN)]]*1.11 -> 373.626 | AR36: =Table43[[#This Row],[Harga Beli Krt (- PPN)]]*1.11 -> 53802.144 | AS36: 360 | AT36: =Table43[[#This Row],[Harga Jual Pcs GT (-PPN)]]*Table43[[#This Row],[ISI/CTN]] -> 51840 | AU36: =Table43[[#This Row],[Harga Jual Pcs GT (-PPN)]]*1.11 -> 399.6 | AV36: =Table43[[#This Row],[Harga Jual Krt GT (- PPN)]]*1.11 -> 57542.4 | AW36: =IFERROR(VLOOKUP(Table43[[#This Row],[Kode Pcpl]],'[1]FEB 2026'!$A$3:$X$312,24,0),0) -> 0 | AX36: =Table43[[#This Row],[Harga Jual Pcs MT (-PPN)]]*Table43[[#This Row],[ISI/CTN]] -> 0 | AY36: =Table43[[#This Row],[Harga Jual Pcs MT (-PPN)]]*1.11 -> 0 | AZ36: =Table43[[#This Row],[Harga Jual Pcs MT (+PPN)]]*Table43[[#This Row],[ISI/CTN]] -> 0 | BA36: =(Table43[[#This Row],[Harga Jual Pcs GT (-PPN)]]-Table43[[#This Row],[Harga Beli Pcs (-PPN)]])/Table43[[#This Row],[Harga Jual Pcs GT (-PPN)]] -> 0.065 | BB36: =Table43[[#This Row],[Harga Jual Pcs MT (-PPN)]]-Table43[[#This Row],[Harga Beli Pcs (-PPN)]] -> -336.6 | BC36: =Table43[[#This Row],[Column1]]/Table43[[#This Row],[Harga Jual Pcs MT (-PPN)]] -> #DIV/0! | BF36: =IF(TODAY()-Table43[[#This Row],[Efektif Pembuatan]]>60,"Lama","Baru") -> Lama | BG36: =IF(TODAY()-Table43[[#This Row],[Efektif Naik Harga]]<30,"Naik","Sama") -> Sama | BI36: =IF(Table43[[#This Row],[Kode BARANG Win2]]<>"","IDR","") -> IDR | BJ36: =CONCATENATE(Table43[[#This Row],[kode 1 Digit (Nomor)]],Table43[[#This Row],[kode 4 Digit (Nomor)]]) -> 0020 | BK36: =Table43[[#This Row],[Nama Gramasi atau Jumlah Pack per CTN]] -> 20ML | BN36: =IF(Table43[[#This Row],[SATUAN Fix Win]]<>"","KRT") -> KRT | BO36: =IF(Table43[[#This Row],[SATUAN Fix Win]]<>"","GD01") -> GD01 | BP36: =IF(Table43[[#This Row],[SATUAN Fix Win]]<>"",11611) -> 11611 | BQ36: =IF(Table43[[#This Row],[SATUAN Fix Win]]<>"",11612) -> 11612 | BS36: =IF(Table43[[#This Row],[SATUAN Fix Win]]<>"",1) -> 1 | BU36: =Table43[[#This Row],[ISI/CTN]] -> 144
A37: =CONCATENATE(Table43[[#This Row],[Kode BARANG Win2]],Table43[[#This Row],[No. Urut Item Sama]]) -> G1048101018010 | C37: 30043040400000 | D37: 40007529 | E37: CARRERA SPON MOBIL 24 PCS X 180GR 7529 CR15 | F37: 30046050180010 | G37: 0 | H37: CARRERA SPON SABUT MOBIL | I37: 24 | J37: 8992745700913 | K37: =Table43[[#This Row],[NamaJenisKemasan]] -> PCS | L37: =TRIM(CONCATENATE(Table43[[#This Row],[Nama KLP]]," ",Table43[[#This Row],[Nama Sub KLP]])) -> CARRERA SPON | M37: =CONCATENATE(Table43[[#This Row],[kode 2 Digit (hrf+No)]],Table43[[#This Row],[kode 2 Digit (Nomor)]],Table43[[#This Row],[kode 1 Digit (Nomor)]]) -> G1048 | N37: =IF(AI37="",CONCATENATE(S37,U37,W37,Y37,AA37,AC37,AE37,AG37,Table43[[#This Row],[Tanda Kode Revisi]]),CONCATENATE(S37,U37,W37,Y37,AA37,AC37,AE37,AI37)) -> G1048101018010 | O37: =LEN(N37) -> 14 | P37: =IF(AH37<>"",TRIM(UPPER(CONCATENATE(R37," ",T37," ",V37," ",X37," ",Z37," ",AB37," ","X"," ",Table43[[#This Row],[ISI/CTN]]," ",AH37," ",AD37," ",AF37," ",AJ37))),TRIM(UPPER(CONCATENATE(R37," ",T37," ",V37," ",X37," ",Z37," ",AB37," ","X"," ",Table43[[#This Row],[ISI/CTN]]," ",AD37," ",AF37," ",AJ37)))) -> CARRERA SPON MOBIL 180GR X 24 PCS | Q37: =LEN(P37) -> 33 | S37: G1 | T37: CARRERA | U37: 04 | V37: SPON | W37: 8 | X37: MOBIL | Y37: 1 | AA37: 01 | AB37: 180GR | AC37: 0180 | AD37: PCS | AE37: 1 | AG37: 0 | AK37: =Table43[[#This Row],[Column4]] -> 30046050180010 | AN37: =Table43[[#This Row],[ISI/CTN]] -> 24 | AO37: =Table43[[#This Row],[Harga Jual Pcs GT (-PPN)]]-(Table43[[#This Row],[Harga Jual Pcs GT (-PPN)]]*6.5%) -> 11537.9 | AP37: =Table43[[#This Row],[Harga Beli Pcs (-PPN)]]*Table43[[#This Row],[ISI/CTN]] -> 276909.6 | AQ37: =Table43[[#This Row],[Harga Beli Pcs (-PPN)]]*1.11 -> 12807.069 | AR37: =Table43[[#This Row],[Harga Beli Krt (- PPN)]]*1.11 -> 307369.66 | AS37: 12340 | AT37: =Table43[[#This Row],[Harga Jual Pcs GT (-PPN)]]*Table43[[#This Row],[ISI/CTN]] -> 296160 | AU37: =Table43[[#This Row],[Harga Jual Pcs GT (-PPN)]]*1.11 -> 13697.4 | AV37: =Table43[[#This Row],[Harga Jual Krt GT (- PPN)]]*1.11 -> 328737.6 | AW37: =IFERROR(VLOOKUP(Table43[[#This Row],[Kode Pcpl]],'[1]FEB 2026'!$A$3:$X$312,24,0),0) -> 0 | AX37: =Table43[[#This Row],[Harga Jual Pcs MT (-PPN)]]*Table43[[#This Row],[ISI/CTN]] -> 0 | AY37: =Table43[[#This Row],[Harga Jual Pcs MT (-PPN)]]*1.11 -> 0 | AZ37: =Table43[[#This Row],[Harga Jual Pcs MT (+PPN)]]*Table43[[#This Row],[ISI/CTN]] -> 0 | BA37: =(Table43[[#This Row],[Harga Jual Pcs GT (-PPN)]]-Table43[[#This Row],[Harga Beli Pcs (-PPN)]])/Table43[[#This Row],[Harga Jual Pcs GT (-PPN)]] -> 0.065 | BB37: =Table43[[#This Row],[Harga Jual Pcs MT (-PPN)]]-Table43[[#This Row],[Harga Beli Pcs (-PPN)]] -> -11537.9 | BC37: =Table43[[#This Row],[Column1]]/Table43[[#This Row],[Harga Jual Pcs MT (-PPN)]] -> #DIV/0! | BF37: =IF(TODAY()-Table43[[#This Row],[Efektif Pembuatan]]>60,"Lama","Baru") -> Lama | BG37: =IF(TODAY()-Table43[[#This Row],[Efektif Naik Harga]]<30,"Naik","Sama") -> Sama | BI37: =IF(Table43[[#This Row],[Kode BARANG Win2]]<>"","IDR","") -> IDR | BJ37: =CONCATENATE(Table43[[#This Row],[kode 1 Digit (Nomor)]],Table43[[#This Row],[kode 4 Digit (Nomor)]]) -> 0180 | BK37: =Table43[[#This Row],[Nama Gramasi atau Jumlah Pack per CTN]] -> 180GR | BN37: =IF(Table43[[#This Row],[SATUAN Fix Win]]<>"","KRT") -> KRT | BO37: =IF(Table43[[#This Row],[SATUAN Fix Win]]<>"","GD01") -> GD01 | BP37: =IF(Table43[[#This Row],[SATUAN Fix Win]]<>"",11611) -> 11611 | BQ37: =IF(Table43[[#This Row],[SATUAN Fix Win]]<>"",11612) -> 11612 | BS37: =IF(Table43[[#This Row],[SATUAN Fix Win]]<>"",1) -> 1 | BU37: =Table43[[#This Row],[ISI/CTN]] -> 24
A38: =CONCATENATE(Table43[[#This Row],[Kode BARANG Win2]],Table43[[#This Row],[No. Urut Item Sama]]) -> G1048202018010 | C38: 30042030110000 | D38: 40008280 | E38: CARRERA SPON MOTOR 144 PCS X 180GR 8280 CR16 | F38: 30046060180010 | G38: 0 | H38: CARRERA SPON MOTOR | I38: 144 | J38: 8992745705031 | K38: =Table43[[#This Row],[NamaJenisKemasan]] -> PCS | L38: =TRIM(CONCATENATE(Table43[[#This Row],[Nama KLP]]," ",Table43[[#This Row],[Nama Sub KLP]])) -> CARRERA SPON | M38: =CONCATENATE(Table43[[#This Row],[kode 2 Digit (hrf+No)]],Table43[[#This Row],[kode 2 Digit (Nomor)]],Table43[[#This Row],[kode 1 Digit (Nomor)]]) -> G1048 | N38: =IF(AI38="",CONCATENATE(S38,U38,W38,Y38,AA38,AC38,AE38,AG38,Table43[[#This Row],[Tanda Kode Revisi]]),CONCATENATE(S38,U38,W38,Y38,AA38,AC38,AE38,AI38)) -> G1048202018010 | O38: =LEN(N38) -> 14 | P38: =IF(AH38<>"",TRIM(UPPER(CONCATENATE(R38," ",T38," ",V38," ",X38," ",Z38," ",AB38," ","X"," ",Table43[[#This Row],[ISI/CTN]]," ",AH38," ",AD38," ",AF38," ",AJ38))),TRIM(UPPER(CONCATENATE(R38," ",T38," ",V38," ",X38," ",Z38," ",AB38," ","X"," ",Table43[[#This Row],[ISI/CTN]]," ",AD38," ",AF38," ",AJ38)))) -> CARRERA SPON MOTOR 180GR X 144 PCS | Q38: =LEN(P38) -> 34 | S38: G1 | T38: CARRERA | U38: 04 | V38: SPON | W38: 8 | X38: MOTOR | Y38: 2 | AA38: 02 | AB38: 180GR | AC38: 0180 | AD38: PCS | AE38: 1 | AG38: 0 | AK38: =Table43[[#This Row],[Column4]] -> 30046060180010 | AN38: =Table43[[#This Row],[ISI/CTN]] -> 144 | AO38: =Table43[[#This Row],[Harga Jual Pcs GT (-PPN)]]-(Table43[[#This Row],[Harga Jual Pcs GT (-PPN)]]*6.5%) -> 2215.95 | AP38: =Table43[[#This Row],[Harga Beli Pcs (-PPN)]]*Table43[[#This Row],[ISI/CTN]] -> 319096.8 | AQ38: =Table43[[#This Row],[Harga Beli Pcs (-PPN)]]*1.11 -> 2459.7045 | AR38: =Table43[[#This Row],[Harga Beli Krt (- PPN)]]*1.11 -> 354197.45 | AS38: 2370 | AT38: =Table43[[#This Row],[Harga Jual Pcs GT (-PPN)]]*Table43[[#This Row],[ISI/CTN]] -> 341280 | AU38: =Table43[[#This Row],[Harga Jual Pcs GT (-PPN)]]*1.11 -> 2630.7 | AV38: =Table43[[#This Row],[Harga Jual Krt GT (- PPN)]]*1.11 -> 378820.8 | AW38: =IFERROR(VLOOKUP(Table43[[#This Row],[Kode Pcpl]],'[1]FEB 2026'!$A$3:$X$312,24,0),0) -> 0 | AX38: =Table43[[#This Row],[Harga Jual Pcs MT (-PPN)]]*Table43[[#This Row],[ISI/CTN]] -> 0 | AY38: =Table43[[#This Row],[Harga Jual Pcs MT (-PPN)]]*1.11 -> 0 | AZ38: =Table43[[#This Row],[Harga Jual Pcs MT (+PPN)]]*Table43[[#This Row],[ISI/CTN]] -> 0 | BA38: =(Table43[[#This Row],[Harga Jual Pcs GT (-PPN)]]-Table43[[#This Row],[Harga Beli Pcs (-PPN)]])/Table43[[#This Row],[Harga Jual Pcs GT (-PPN)]] -> 0.065 | BB38: =Table43[[#This Row],[Harga Jual Pcs MT (-PPN)]]-Table43[[#This Row],[Harga Beli Pcs (-PPN)]] -> -2215.95 | BC38: =Table43[[#This Row],[Column1]]/Table43[[#This Row],[Harga Jual Pcs MT (-PPN)]] -> #DIV/0! | BF38: =IF(TODAY()-Table43[[#This Row],[Efektif Pembuatan]]>60,"Lama","Baru") -> Lama | BG38: =IF(TODAY()-Table43[[#This Row],[Efektif Naik Harga]]<30,"Naik","Sama") -> Sama | BI38: =IF(Table43[[#This Row],[Kode BARANG Win2]]<>"","IDR","") -> IDR | BJ38: =CONCATENATE(Table43[[#This Row],[kode 1 Digit (Nomor)]],Table43[[#This Row],[kode 4 Digit (Nomor)]]) -> 0180 | BK38: =Table43[[#This Row],[Nama Gramasi atau Jumlah Pack per CTN]] -> 180GR | BN38: =IF(Table43[[#This Row],[SATUAN Fix Win]]<>"","KRT") -> KRT | BO38: =IF(Table43[[#This Row],[SATUAN Fix Win]]<>"","GD01") -> GD01 | BP38: =IF(Table43[[#This Row],[SATUAN Fix Win]]<>"",11611) -> 11611 | BQ38: =IF(Table43[[#This Row],[SATUAN Fix Win]]<>"",11612) -> 11612 | BS38: =IF(Table43[[#This Row],[SATUAN Fix Win]]<>"",1) -> 1 | BU38: =Table43[[#This Row],[ISI/CTN]] -> 144
A39: =CONCATENATE(Table43[[#This Row],[Kode BARANG Win2]],Table43[[#This Row],[No. Urut Item Sama]]) -> G1048303018010 | C39: 30044060100040 | D39: 40007530 | E39: CARRERA SPON SERBA GUNA 24 PCS X 180GR 7530 CR17 | F39: 30046090180010 | G39: 0 | H39: Carrera Spon Serba Guna | I39: 24 | J39: 8992745700951 | K39: =Table43[[#This Row],[NamaJenisKemasan]] -> PCS | L39: =TRIM(CONCATENATE(Table43[[#This Row],[Nama KLP]]," ",Table43[[#This Row],[Nama Sub KLP]])) -> CARRERA SPON | M39: =CONCATENATE(Table43[[#This Row],[kode 2 Digit (hrf+No)]],Table43[[#This Row],[kode 2 Digit (Nomor)]],Table43[[#This Row],[kode 1 Digit (Nomor)]]) -> G1048 | N39: =IF(AI39="",CONCATENATE(S39,U39,W39,Y39,AA39,AC39,AE39,AG39,Table43[[#This Row],[Tanda Kode Revisi]]),CONCATENATE(S39,U39,W39,Y39,AA39,AC39,AE39,AI39)) -> G1048303018010 | O39: =LEN(N39) -> 14 | P39: =IF(AH39<>"",TRIM(UPPER(CONCATENATE(R39," ",T39," ",V39," ",X39," ",Z39," ",AB39," ","X"," ",Table43[[#This Row],[ISI/CTN]]," ",AH39," ",AD39," ",AF39," ",AJ39))),TRIM(UPPER(CONCATENATE(R39," ",T39," ",V39," ",X39," ",Z39," ",AB39," ","X"," ",Table43[[#This Row],[ISI/CTN]]," ",AD39," ",AF39," ",AJ39)))) -> CARRERA SPON SERBA GUNA 180GR X 24 PCS | Q39: =LEN(P39) -> 38 | S39: G1 | T39: CARRERA | U39: 04 | V39: SPON | W39: 8 | X39: SERBA GUNA | Y39: 3 | AA39: 03 | AB39: 180GR | AC39: 0180 | AD39: PCS | AE39: 1 | AG39: 0 | AK39: =Table43[[#This Row],[Column4]] -> 30046090180010 | AN39: =Table43[[#This Row],[ISI/CTN]] -> 24 | AO39: =Table43[[#This Row],[Harga Jual Pcs GT (-PPN)]]-(Table43[[#This Row],[Harga Jual Pcs GT (-PPN)]]*6.5%) -> 7077.95 | AP39: =Table43[[#This Row],[Harga Beli Pcs (-PPN)]]*Table43[[#This Row],[ISI/CTN]] -> 169870.8 | AQ39: =Table43[[#This Row],[Harga Beli Pcs (-PPN)]]*1.11 -> 7856.5245 | AR39: =Table43[[#This Row],[Harga Beli Krt (- PPN)]]*1.11 -> 188556.59 | AS39: 7570 | AT39: =Table43[[#This Row],[Harga Jual Pcs GT (-PPN)]]*Table43[[#This Row],[ISI/CTN]] -> 181680 | AU39: =Table43[[#This Row],[Harga Jual Pcs GT (-PPN)]]*1.11 -> 8402.7 | AV39: =Table43[[#This Row],[Harga Jual Krt GT (- PPN)]]*1.11 -> 201664.8 | AW39: =IFERROR(VLOOKUP(Table43[[#This Row],[Kode Pcpl]],'[1]FEB 2026'!$A$3:$X$312,24,0),0) -> 0 | AX39: =Table43[[#This Row],[Harga Jual Pcs MT (-PPN)]]*Table43[[#This Row],[ISI/CTN]] -> 0 | AY39: =Table43[[#This Row],[Harga Jual Pcs MT (-PPN)]]*1.11 -> 0 | AZ39: =Table43[[#This Row],[Harga Jual Pcs MT (+PPN)]]*Table43[[#This Row],[ISI/CTN]] -> 0 | BA39: =(Table43[[#This Row],[Harga Jual Pcs GT (-PPN)]]-Table43[[#This Row],[Harga Beli Pcs (-PPN)]])/Table43[[#This Row],[Harga Jual Pcs GT (-PPN)]] -> 0.065 | BB39: =Table43[[#This Row],[Harga Jual Pcs MT (-PPN)]]-Table43[[#This Row],[Harga Beli Pcs (-PPN)]] -> -7077.95 | BC39: =Table43[[#This Row],[Column1]]/Table43[[#This Row],[Harga Jual Pcs MT (-PPN)]] -> #DIV/0! | BF39: =IF(TODAY()-Table43[[#This Row],[Efektif Pembuatan]]>60,"Lama","Baru") -> Lama | BG39: =IF(TODAY()-Table43[[#This Row],[Efektif Naik Harga]]<30,"Naik","Sama") -> Sama | BI39: =IF(Table43[[#This Row],[Kode BARANG Win2]]<>"","IDR","") -> IDR | BJ39: =CONCATENATE(Table43[[#This Row],[kode 1 Digit (Nomor)]],Table43[[#This Row],[kode 4 Digit (Nomor)]]) -> 0180 | BK39: =Table43[[#This Row],[Nama Gramasi atau Jumlah Pack per CTN]] -> 180GR | BN39: =IF(Table43[[#This Row],[SATUAN Fix Win]]<>"","KRT") -> KRT | BO39: =IF(Table43[[#This Row],[SATUAN Fix Win]]<>"","GD01") -> GD01 | BP39: =IF(Table43[[#This Row],[SATUAN Fix Win]]<>"",11611) -> 11611 | BQ39: =IF(Table43[[#This Row],[SATUAN Fix Win]]<>"",11612) -> 11612 | BS39: =IF(Table43[[#This Row],[SATUAN Fix Win]]<>"",1) -> 1 | BU39: =Table43[[#This Row],[ISI/CTN]] -> 24
A40: =CONCATENATE(Table43[[#This Row],[Kode BARANG Win2]],Table43[[#This Row],[No. Urut Item Sama]]) -> G1049000025010 | C40: 30040070250000 | D40: 40008271 | E40: CARRERA WIPER&WASH 12 BTL X 250ML "8271"CR04 | F40: 30040070250000 | G40: 0 | H40: 0 | I40: 12 | J40: 0 | K40: =Table43[[#This Row],[NamaJenisKemasan]] -> BTL | L40: =TRIM(CONCATENATE(Table43[[#This Row],[Nama KLP]]," ",Table43[[#This Row],[Nama Sub KLP]])) -> CARRERA WIPER&WASH | M40: =CONCATENATE(Table43[[#This Row],[kode 2 Digit (hrf+No)]],Table43[[#This Row],[kode 2 Digit (Nomor)]],Table43[[#This Row],[kode 1 Digit (Nomor)]]) -> G1049 | N40: =IF(AI40="",CONCATENATE(S40,U40,W40,Y40,AA40,AC40,AE40,AG40,Table43[[#This Row],[Tanda Kode Revisi]]),CONCATENATE(S40,U40,W40,Y40,AA40,AC40,AE40,AI40)) -> G1049000025010 | O40: =LEN(N40) -> 14 | P40: =IF(AH40<>"",TRIM(UPPER(CONCATENATE(R40," ",T40," ",V40," ",X40," ",Z40," ",AB40," ","X"," ",Table43[[#This Row],[ISI/CTN]]," ",AH40," ",AD40," ",AF40," ",AJ40))),TRIM(UPPER(CONCATENATE(R40," ",T40," ",V40," ",X40," ",Z40," ",AB40," ","X"," ",Table43[[#This Row],[ISI/CTN]]," ",AD40," ",AF40," ",AJ40)))) -> CARRERA WIPER&WASH 250ML X 12 BTL | Q40: =LEN(P40) -> 33 | S40: G1 | T40: CARRERA | U40: 04 | V40: WIPER&WASH | W40: 9 | Y40: 0 | AA40: 00 | AB40: 250ML | AC40: 0250 | AD40: BTL | AE40: 1 | AG40: 0 | AK40: =Table43[[#This Row],[Column4]] -> 30040070250000 | AN40: =Table43[[#This Row],[ISI/CTN]] -> 12 | AO40: =Table43[[#This Row],[Harga Jual Pcs GT (-PPN)]]-(Table43[[#This Row],[Harga Jual Pcs GT (-PPN)]]*6.5%) -> 4338.4 | AP40: =Table43[[#This Row],[Harga Beli Pcs (-PPN)]]*Table43[[#This Row],[ISI/CTN]] -> 52060.8 | AQ40: =Table43[[#This Row],[Harga Beli Pcs (-PPN)]]*1.11 -> 4815.624 | AR40: =Table43[[#This Row],[Harga Beli Krt (- PPN)]]*1.11 -> 57787.488 | AS40: 4640 | AT40: =Table43[[#This Row],[Harga Jual Pcs GT (-PPN)]]*Table43[[#This Row],[ISI/CTN]] -> 55680 | AU40: =Table43[[#This Row],[Harga Jual Pcs GT (-PPN)]]*1.11 -> 5150.4 | AV40: =Table43[[#This Row],[Harga Jual Krt GT (- PPN)]]*1.11 -> 61804.8 | AW40: =IFERROR(VLOOKUP(Table43[[#This Row],[Kode Pcpl]],'[1]FEB 2026'!$A$3:$X$312,24,0),0) -> 0 | AX40: =Table43[[#This Row],[Harga Jual Pcs MT (-PPN)]]*Table43[[#This Row],[ISI/CTN]] -> 0 | AY40: =Table43[[#This Row],[Harga Jual Pcs MT (-PPN)]]*1.11 -> 0 | AZ40: =Table43[[#This Row],[Harga Jual Pcs MT (+PPN)]]*Table43[[#This Row],[ISI/CTN]] -> 0 | BA40: =(Table43[[#This Row],[Harga Jual Pcs GT (-PPN)]]-Table43[[#This Row],[Harga Beli Pcs (-PPN)]])/Table43[[#This Row],[Harga Jual Pcs GT (-PPN)]] -> 0.065 | BB40: =Table43[[#This Row],[Harga Jual Pcs MT (-PPN)]]-Table43[[#This Row],[Harga Beli Pcs (-PPN)]] -> -4338.4 | BC40: =Table43[[#This Row],[Column1]]/Table43[[#This Row],[Harga Jual Pcs MT (-PPN)]] -> #DIV/0! | BF40: =IF(TODAY()-Table43[[#This Row],[Efektif Pembuatan]]>60,"Lama","Baru") -> Lama | BG40: =IF(TODAY()-Table43[[#This Row],[Efektif Naik Harga]]<30,"Naik","Sama") -> Sama | BI40: =IF(Table43[[#This Row],[Kode BARANG Win2]]<>"","IDR","") -> IDR | BJ40: =CONCATENATE(Table43[[#This Row],[kode 1 Digit (Nomor)]],Table43[[#This Row],[kode 4 Digit (Nomor)]]) -> 0250 | BK40: =Table43[[#This Row],[Nama Gramasi atau Jumlah Pack per CTN]] -> 250ML | BN40: =IF(Table43[[#This Row],[SATUAN Fix Win]]<>"","KRT") -> KRT | BO40: =IF(Table43[[#This Row],[SATUAN Fix Win]]<>"","GD01") -> GD01 | BP40: =IF(Table43[[#This Row],[SATUAN Fix Win]]<>"",11611) -> 11611 | BQ40: =IF(Table43[[#This Row],[SATUAN Fix Win]]<>"",11612) -> 11612 | BS40: =IF(Table43[[#This Row],[SATUAN Fix Win]]<>"",1) -> 1 | BU40: =Table43[[#This Row],[ISI/CTN]] -> 12
A41: =CONCATENATE(Table43[[#This Row],[Kode BARANG Win2]],Table43[[#This Row],[No. Urut Item Sama]]) -> G1051001003010 | C41: 30050020030000 | D41: 40008198 | E41: FOGO PENG. LEMARI BREEZE 72 PCS X 30GR"8198"FPL02 | F41: 30050020030000 | G41: 0 | H41: 0 | I41: 72 | J41: 0 | K41: =Table43[[#This Row],[NamaJenisKemasan]] -> PCS | L41: =TRIM(CONCATENATE(Table43[[#This Row],[Nama KLP]]," ",Table43[[#This Row],[Nama Sub KLP]])) -> FOGO PENGHARUM LEMARI | M41: =CONCATENATE(Table43[[#This Row],[kode 2 Digit (hrf+No)]],Table43[[#This Row],[kode 2 Digit (Nomor)]],Table43[[#This Row],[kode 1 Digit (Nomor)]]) -> G1051 | N41: =IF(AI41="",CONCATENATE(S41,U41,W41,Y41,AA41,AC41,AE41,AG41,Table43[[#This Row],[Tanda Kode Revisi]]),CONCATENATE(S41,U41,W41,Y41,AA41,AC41,AE41,AI41)) -> G1051001003010 | O41: =LEN(N41) -> 14 | P41: =IF(AH41<>"",TRIM(UPPER(CONCATENATE(R41," ",T41," ",V41," ",X41," ",Z41," ",AB41," ","X"," ",Table43[[#This Row],[ISI/CTN]]," ",AH41," ",AD41," ",AF41," ",AJ41))),TRIM(UPPER(CONCATENATE(R41," ",T41," ",V41," ",X41," ",Z41," ",AB41," ","X"," ",Table43[[#This Row],[ISI/CTN]]," ",AD41," ",AF41," ",AJ41)))) -> FOGO PENGHARUM LEMARI BREEZE 30GR X 72 PCS | Q41: =LEN(P41) -> 42 | S41: G1 | T41: FOGO | U41: 05 | V41: PENGHARUM LEMARI | W41: 1 | Y41: 0 | Z41: BREEZE | AA41: 01 | AB41: 30GR | AC41: 0030 | AD41: PCS | AE41: 1 | AG41: 0 | AK41: =Table43[[#This Row],[Column4]] -> 30050020030000 | AN41: =Table43[[#This Row],[ISI/CTN]] -> 72 | AO41: =Table43[[#This Row],[Harga Jual Pcs GT (-PPN)]]-(Table43[[#This Row],[Harga Jual Pcs GT (-PPN)]]*6.5%) -> 5792.325 | AP41: =Table43[[#This Row],[Harga Beli Pcs (-PPN)]]*Table43[[#This Row],[ISI/CTN]] -> 417047.4 | AQ41: =Table43[[#This Row],[Harga Beli Pcs (-PPN)]]*1.11 -> 6429.4808 | AR41: =Table43[[#This Row],[Harga Beli Krt (- PPN)]]*1.11 -> 462922.61 | AS41: 6195 | AT41: =Table43[[#This Row],[Harga Jual Pcs GT (-PPN)]]*Table43[[#This Row],[ISI/CTN]] -> 446040 | AU41: =Table43[[#This Row],[Harga Jual Pcs GT (-PPN)]]*1.11 -> 6876.45 | AV41: =Table43[[#This Row],[Harga Jual Krt GT (- PPN)]]*1.11 -> 495104.4 | AW41: =IFERROR(VLOOKUP(Table43[[#This Row],[Kode Pcpl]],'[1]FEB 2026'!$A$3:$X$312,24,0),0) -> 0 | AX41: =Table43[[#This Row],[Harga Jual Pcs MT (-PPN)]]*Table43[[#This Row],[ISI/CTN]] -> 0 | AY41: =Table43[[#This Row],[Harga Jual Pcs MT (-PPN)]]*1.11 -> 0 | AZ41: =Table43[[#This Row],[Harga Jual Pcs MT (+PPN)]]*Table43[[#This Row],[ISI/CTN]] -> 0 | BA41: =(Table43[[#This Row],[Harga Jual Pcs GT (-PPN)]]-Table43[[#This Row],[Harga Beli Pcs (-PPN)]])/Table43[[#This Row],[Harga Jual Pcs GT (-PPN)]] -> 0.065 | BB41: =Table43[[#This Row],[Harga Jual Pcs MT (-PPN)]]-Table43[[#This Row],[Harga Beli Pcs (-PPN)]] -> -5792.325 | BC41: =Table43[[#This Row],[Column1]]/Table43[[#This Row],[Harga Jual Pcs MT (-PPN)]] -> #DIV/0! | BF41: =IF(TODAY()-Table43[[#This Row],[Efektif Pembuatan]]>60,"Lama","Baru") -> Lama | BG41: =IF(TODAY()-Table43[[#This Row],[Efektif Naik Harga]]<30,"Naik","Sama") -> Sama | BI41: =IF(Table43[[#This Row],[Kode BARANG Win2]]<>"","IDR","") -> IDR | BJ41: =CONCATENATE(Table43[[#This Row],[kode 1 Digit (Nomor)]],Table43[[#This Row],[kode 4 Digit (Nomor)]]) -> 0030 | BK41: =Table43[[#This Row],[Nama Gramasi atau Jumlah Pack per CTN]] -> 30GR | BN41: =IF(Table43[[#This Row],[SATUAN Fix Win]]<>"","KRT") -> KRT | BO41: =IF(Table43[[#This Row],[SATUAN Fix Win]]<>"","GD01") -> GD01 | BP41: =IF(Table43[[#This Row],[SATUAN Fix Win]]<>"",11611) -> 11611 | BQ41: =IF(Table43[[#This Row],[SATUAN Fix Win]]<>"",11612) -> 11612 | BS41: =IF(Table43[[#This Row],[SATUAN Fix Win]]<>"",1) -> 1 | BU41: =Table43[[#This Row],[ISI/CTN]] -> 72
A42: =CONCATENATE(Table43[[#This Row],[Kode BARANG Win2]],Table43[[#This Row],[No. Urut Item Sama]]) -> G1051002003010 | C42: 30045060020010 | D42: 40008199 | E42: FOGO PENG. LEMARI FLORAL 72 PCS X 30GR 8199 FPL03 | F42: 30050030030000 | G42: 0 | H42: Fogo Lemari Floral 30 gr | I42: 72 | J42: 8992745330110 | K42: =Table43[[#This Row],[NamaJenisKemasan]] -> PCS | L42: =TRIM(CONCATENATE(Table43[[#This Row],[Nama KLP]]," ",Table43[[#This Row],[Nama Sub KLP]])) -> FOGO PENGHARUM LEMARI | M42: =CONCATENATE(Table43[[#This Row],[kode 2 Digit (hrf+No)]],Table43[[#This Row],[kode 2 Digit (Nomor)]],Table43[[#This Row],[kode 1 Digit (Nomor)]]) -> G1051 | N42: =IF(AI42="",CONCATENATE(S42,U42,W42,Y42,AA42,AC42,AE42,AG42,Table43[[#This Row],[Tanda Kode Revisi]]),CONCATENATE(S42,U42,W42,Y42,AA42,AC42,AE42,AI42)) -> G1051002003010 | O42: =LEN(N42) -> 14 | P42: =IF(AH42<>"",TRIM(UPPER(CONCATENATE(R42," ",T42," ",V42," ",X42," ",Z42," ",AB42," ","X"," ",Table43[[#This Row],[ISI/CTN]]," ",AH42," ",AD42," ",AF42," ",AJ42))),TRIM(UPPER(CONCATENATE(R42," ",T42," ",V42," ",X42," ",Z42," ",AB42," ","X"," ",Table43[[#This Row],[ISI/CTN]]," ",AD42," ",AF42," ",AJ42)))) -> FOGO PENGHARUM LEMARI FLORAL 30GR X 72 PCS | Q42: =LEN(P42) -> 42 | S42: G1 | T42: FOGO | U42: 05 | V42: PENGHARUM LEMARI | W42: 1 | Y42: 0 | Z42: FLORAL | AA42: 02 | AB42: 30GR | AC42: 0030 | AD42: PCS | AE42: 1 | AG42: 0 | AK42: =Table43[[#This Row],[Column4]] -> 30050030030000 | AN42: =Table43[[#This Row],[ISI/CTN]] -> 72 | AO42: =Table43[[#This Row],[Harga Jual Pcs GT (-PPN)]]-(Table43[[#This Row],[Harga Jual Pcs GT (-PPN)]]*6.5%) -> 6390.725 | AP42: =Table43[[#This Row],[Harga Beli Pcs (-PPN)]]*Table43[[#This Row],[ISI/CTN]] -> 460132.2 | AQ42: =Table43[[#This Row],[Harga Beli Pcs (-PPN)]]*1.11 -> 7093.7048 | AR42: =Table43[[#This Row],[Harga Beli Krt (- PPN)]]*1.11 -> 510746.74 | AS42: 6835 | AT42: =Table43[[#This Row],[Harga Jual Pcs GT (-PPN)]]*Table43[[#This Row],[ISI/CTN]] -> 492120 | AU42: =Table43[[#This Row],[Harga Jual Pcs GT (-PPN)]]*1.11 -> 7586.85 | AV42: =Table43[[#This Row],[Harga Jual Krt GT (- PPN)]]*1.11 -> 546253.2 | AW42: =IFERROR(VLOOKUP(Table43[[#This Row],[Kode Pcpl]],'[1]FEB 2026'!$A$3:$X$312,24,0),0) -> 0 | AX42: =Table43[[#This Row],[Harga Jual Pcs MT (-PPN)]]*Table43[[#This Row],[ISI/CTN]] -> 0 | AY42: =Table43[[#This Row],[Harga Jual Pcs MT (-PPN)]]*1.11 -> 0 | AZ42: =Table43[[#This Row],[Harga Jual Pcs MT (+PPN)]]*Table43[[#This Row],[ISI/CTN]] -> 0 | BA42: =(Table43[[#This Row],[Harga Jual Pcs GT (-PPN)]]-Table43[[#This Row],[Harga Beli Pcs (-PPN)]])/Table43[[#This Row],[Harga Jual Pcs GT (-PPN)]] -> 0.065 | BB42: =Table43[[#This Row],[Harga Jual Pcs MT (-PPN)]]-Table43[[#This Row],[Harga Beli Pcs (-PPN)]] -> -6390.725 | BC42: =Table43[[#This Row],[Column1]]/Table43[[#This Row],[Harga Jual Pcs MT (-PPN)]] -> #DIV/0! | BF42: =IF(TODAY()-Table43[[#This Row],[Efektif Pembuatan]]>60,"Lama","Baru") -> Lama | BG42: =IF(TODAY()-Table43[[#This Row],[Efektif Naik Harga]]<30,"Naik","Sama") -> Sama | BI42: =IF(Table43[[#This Row],[Kode BARANG Win2]]<>"","IDR","") -> IDR | BJ42: =CONCATENATE(Table43[[#This Row],[kode 1 Digit (Nomor)]],Table43[[#This Row],[kode 4 Digit (Nomor)]]) -> 0030 | BK42: =Table43[[#This Row],[Nama Gramasi atau Jumlah Pack per CTN]] -> 30GR | BN42: =IF(Table43[[#This Row],[SATUAN Fix Win]]<>"","KRT") -> KRT | BO42: =IF(Table43[[#This Row],[SATUAN Fix Win]]<>"","GD01") -> GD01 | BP42: =IF(Table43[[#This Row],[SATUAN Fix Win]]<>"",11611) -> 11611 | BQ42: =IF(Table43[[#This Row],[SATUAN Fix Win]]<>"",11612) -> 11612 | BS42: =IF(Table43[[#This Row],[SATUAN Fix Win]]<>"",1) -> 1 | BU42: =Table43[[#This Row],[ISI/CTN]] -> 72
A43: =CONCATENATE(Table43[[#This Row],[Kode BARANG Win2]],Table43[[#This Row],[No. Urut Item Sama]]) -> G1051003003010 | C43: 30046050180010 | D43: 40008200 | E43: FOGO PENG. LEMARI FRESH 72 PCS X 30GR 8200 FPL04 | F43: 30050040030000 | G43: 0 | H43: Fogo Lemari Fresh 30 gr | I43: 72 | J43: 8992745330127 | K43: =Table43[[#This Row],[NamaJenisKemasan]] -> PCS | L43: =TRIM(CONCATENATE(Table43[[#This Row],[Nama KLP]]," ",Table43[[#This Row],[Nama Sub KLP]])) -> FOGO PENGHARUM LEMARI | M43: =CONCATENATE(Table43[[#This Row],[kode 2 Digit (hrf+No)]],Table43[[#This Row],[kode 2 Digit (Nomor)]],Table43[[#This Row],[kode 1 Digit (Nomor)]]) -> G1051 | N43: =IF(AI43="",CONCATENATE(S43,U43,W43,Y43,AA43,AC43,AE43,AG43,Table43[[#This Row],[Tanda Kode Revisi]]),CONCATENATE(S43,U43,W43,Y43,AA43,AC43,AE43,AI43)) -> G1051003003010 | O43: =LEN(N43) -> 14 | P43: =IF(AH43<>"",TRIM(UPPER(CONCATENATE(R43," ",T43," ",V43," ",X43," ",Z43," ",AB43," ","X"," ",Table43[[#This Row],[ISI/CTN]]," ",AH43," ",AD43," ",AF43," ",AJ43))),TRIM(UPPER(CONCATENATE(R43," ",T43," ",V43," ",X43," ",Z43," ",AB43," ","X"," ",Table43[[#This Row],[ISI/CTN]]," ",AD43," ",AF43," ",AJ43)))) -> FOGO PENGHARUM LEMARI FRESH 30GR X 72 PCS | Q43: =LEN(P43) -> 41 | S43: G1 | T43: FOGO | U43: 05 | V43: PENGHARUM LEMARI | W43: 1 | Y43: 0 | Z43: FRESH | AA43: 03 | AB43: 30GR | AC43: 0030 | AD43: PCS | AE43: 1 | AG43: 0 | AK43: =Table43[[#This Row],[Column4]] -> 30050040030000 | AN43: =Table43[[#This Row],[ISI/CTN]] -> 72 | AO43: =Table43[[#This Row],[Harga Jual Pcs GT (-PPN)]]-(Table43[[#This Row],[Harga Jual Pcs GT (-PPN)]]*6.5%) -> 6390.725 | AP43: =Table43[[#This Row],[Harga Beli Pcs (-PPN)]]*Table43[[#This Row],[ISI/CTN]] -> 460132.2 | AQ43: =Table43[[#This Row],[Harga Beli Pcs (-PPN)]]*1.11 -> 7093.7048 | AR43: =Table43[[#This Row],[Harga Beli Krt (- PPN)]]*1.11 -> 510746.74 | AS43: 6835 | AT43: =Table43[[#This Row],[Harga Jual Pcs GT (-PPN)]]*Table43[[#This Row],[ISI/CTN]] -> 492120 | AU43: =Table43[[#This Row],[Harga Jual Pcs GT (-PPN)]]*1.11 -> 7586.85 | AV43: =Table43[[#This Row],[Harga Jual Krt GT (- PPN)]]*1.11 -> 546253.2 | AW43: =IFERROR(VLOOKUP(Table43[[#This Row],[Kode Pcpl]],'[1]FEB 2026'!$A$3:$X$312,24,0),0) -> 0 | AX43: =Table43[[#This Row],[Harga Jual Pcs MT (-PPN)]]*Table43[[#This Row],[ISI/CTN]] -> 0 | AY43: =Table43[[#This Row],[Harga Jual Pcs MT (-PPN)]]*1.11 -> 0 | AZ43: =Table43[[#This Row],[Harga Jual Pcs MT (+PPN)]]*Table43[[#This Row],[ISI/CTN]] -> 0 | BA43: =(Table43[[#This Row],[Harga Jual Pcs GT (-PPN)]]-Table43[[#This Row],[Harga Beli Pcs (-PPN)]])/Table43[[#This Row],[Harga Jual Pcs GT (-PPN)]] -> 0.065 | BB43: =Table43[[#This Row],[Harga Jual Pcs MT (-PPN)]]-Table43[[#This Row],[Harga Beli Pcs (-PPN)]] -> -6390.725 | BC43: =Table43[[#This Row],[Column1]]/Table43[[#This Row],[Harga Jual Pcs MT (-PPN)]] -> #DIV/0! | BF43: =IF(TODAY()-Table43[[#This Row],[Efektif Pembuatan]]>60,"Lama","Baru") -> Lama | BG43: =IF(TODAY()-Table43[[#This Row],[Efektif Naik Harga]]<30,"Naik","Sama") -> Sama | BI43: =IF(Table43[[#This Row],[Kode BARANG Win2]]<>"","IDR","") -> IDR | BJ43: =CONCATENATE(Table43[[#This Row],[kode 1 Digit (Nomor)]],Table43[[#This Row],[kode 4 Digit (Nomor)]]) -> 0030 | BK43: =Table43[[#This Row],[Nama Gramasi atau Jumlah Pack per CTN]] -> 30GR | BN43: =IF(Table43[[#This Row],[SATUAN Fix Win]]<>"","KRT") -> KRT | BO43: =IF(Table43[[#This Row],[SATUAN Fix Win]]<>"","GD01") -> GD01 | BP43: =IF(Table43[[#This Row],[SATUAN Fix Win]]<>"",11611) -> 11611 | BQ43: =IF(Table43[[#This Row],[SATUAN Fix Win]]<>"",11612) -> 11612 | BS43: =IF(Table43[[#This Row],[SATUAN Fix Win]]<>"",1) -> 1 | BU43: =Table43[[#This Row],[ISI/CTN]] -> 72
A44: =CONCATENATE(Table43[[#This Row],[Kode BARANG Win2]],Table43[[#This Row],[No. Urut Item Sama]]) -> G1051004001210 | C44: 30046060180010 | D44: 40014892 | E44: FOGO PENG. LEMARI PRINCES 72 PCSX12GR 14892 FPL01 | F44: 30050010012000 | G44: 0 | H44: FOGO LEMARI PAPER PRINCESS 12G | I44: 72 | J44: 8992745330134 | K44: =Table43[[#This Row],[NamaJenisKemasan]] -> PCS | L44: =TRIM(CONCATENATE(Table43[[#This Row],[Nama KLP]]," ",Table43[[#This Row],[Nama Sub KLP]])) -> FOGO PENGHARUM LEMARI | M44: =CONCATENATE(Table43[[#This Row],[kode 2 Digit (hrf+No)]],Table43[[#This Row],[kode 2 Digit (Nomor)]],Table43[[#This Row],[kode 1 Digit (Nomor)]]) -> G1051 | N44: =IF(AI44="",CONCATENATE(S44,U44,W44,Y44,AA44,AC44,AE44,AG44,Table43[[#This Row],[Tanda Kode Revisi]]),CONCATENATE(S44,U44,W44,Y44,AA44,AC44,AE44,AI44)) -> G1051004001210 | O44: =LEN(N44) -> 14 | P44: =IF(AH44<>"",TRIM(UPPER(CONCATENATE(R44," ",T44," ",V44," ",X44," ",Z44," ",AB44," ","X"," ",Table43[[#This Row],[ISI/CTN]]," ",AH44," ",AD44," ",AF44," ",AJ44))),TRIM(UPPER(CONCATENATE(R44," ",T44," ",V44," ",X44," ",Z44," ",AB44," ","X"," ",Table43[[#This Row],[ISI/CTN]]," ",AD44," ",AF44," ",AJ44)))) -> FOGO PENGHARUM LEMARI PRINCESS 12GR X 72 PCS | Q44: =LEN(P44) -> 44 | S44: G1 | T44: FOGO | U44: 05 | V44: PENGHARUM LEMARI | W44: 1 | Y44: 0 | Z44: PRINCESS | AA44: 04 | AB44: 12GR | AC44: 0012 | AD44: PCS | AE44: 1 | AG44: 0 | AK44: =Table43[[#This Row],[Column4]] -> 30050010012000 | AN44: =Table43[[#This Row],[ISI/CTN]] -> 72 | AO44: =Table43[[#This Row],[Harga Jual Pcs GT (-PPN)]]-(Table43[[#This Row],[Harga Jual Pcs GT (-PPN)]]*6.5%) -> 6390.725 | AP44: =Table43[[#This Row],[Harga Beli Pcs (-PPN)]]*Table43[[#This Row],[ISI/CTN]] -> 460132.2 | AQ44: =Table43[[#This Row],[Harga Beli Pcs (-PPN)]]*1.11 -> 7093.7048 | AR44: =Table43[[#This Row],[Harga Beli Krt (- PPN)]]*1.11 -> 510746.74 | AS44: 6835 | AT44: =Table43[[#This Row],[Harga Jual Pcs GT (-PPN)]]*Table43[[#This Row],[ISI/CTN]] -> 492120 | AU44: =Table43[[#This Row],[Harga Jual Pcs GT (-PPN)]]*1.11 -> 7586.85 | AV44: =Table43[[#This Row],[Harga Jual Krt GT (- PPN)]]*1.11 -> 546253.2 | AW44: =IFERROR(VLOOKUP(Table43[[#This Row],[Kode Pcpl]],'[1]FEB 2026'!$A$3:$X$312,24,0),0) -> 0 | AX44: =Table43[[#This Row],[Harga Jual Pcs MT (-PPN)]]*Table43[[#This Row],[ISI/CTN]] -> 0 | AY44: =Table43[[#This Row],[Harga Jual Pcs MT (-PPN)]]*1.11 -> 0 | AZ44: =Table43[[#This Row],[Harga Jual Pcs MT (+PPN)]]*Table43[[#This Row],[ISI/CTN]] -> 0 | BA44: =(Table43[[#This Row],[Harga Jual Pcs GT (-PPN)]]-Table43[[#This Row],[Harga Beli Pcs (-PPN)]])/Table43[[#This Row],[Harga Jual Pcs GT (-PPN)]] -> 0.065 | BB44: =Table43[[#This Row],[Harga Jual Pcs MT (-PPN)]]-Table43[[#This Row],[Harga Beli Pcs (-PPN)]] -> -6390.725 | BC44: =Table43[[#This Row],[Column1]]/Table43[[#This Row],[Harga Jual Pcs MT (-PPN)]] -> #DIV/0! | BF44: =IF(TODAY()-Table43[[#This Row],[Efektif Pembuatan]]>60,"Lama","Baru") -> Lama | BG44: =IF(TODAY()-Table43[[#This Row],[Efektif Naik Harga]]<30,"Naik","Sama") -> Sama | BI44: =IF(Table43[[#This Row],[Kode BARANG Win2]]<>"","IDR","") -> IDR | BJ44: =CONCATENATE(Table43[[#This Row],[kode 1 Digit (Nomor)]],Table43[[#This Row],[kode 4 Digit (Nomor)]]) -> 0012 | BK44: =Table43[[#This Row],[Nama Gramasi atau Jumlah Pack per CTN]] -> 12GR | BN44: =IF(Table43[[#This Row],[SATUAN Fix Win]]<>"","KRT") -> KRT | BO44: =IF(Table43[[#This Row],[SATUAN Fix Win]]<>"","GD01") -> GD01 | BP44: =IF(Table43[[#This Row],[SATUAN Fix Win]]<>"",11611) -> 11611 | BQ44: =IF(Table43[[#This Row],[SATUAN Fix Win]]<>"",11612) -> 11612 | BS44: =IF(Table43[[#This Row],[SATUAN Fix Win]]<>"",1) -> 1 | BU44: =Table43[[#This Row],[ISI/CTN]] -> 72
A45: =CONCATENATE(Table43[[#This Row],[Kode BARANG Win2]],Table43[[#This Row],[No. Urut Item Sama]]) -> G1061000022010 | C45: 30046090180010 | D45: 40007868 | E45: GAS WONDERFUEL 12 KLG X 220GR 7868 GAS01 | F45: 30700010220000 | G45: 0 | H45: GAS WONDERFUEL 220gr | I45: 12 | J45: 8992745600350 | K45: =Table43[[#This Row],[NamaJenisKemasan]] -> KLG | L45: =TRIM(CONCATENATE(Table43[[#This Row],[Nama KLP]]," ",Table43[[#This Row],[Nama Sub KLP]])) -> GAS WONDERFUEL | M45: =CONCATENATE(Table43[[#This Row],[kode 2 Digit (hrf+No)]],Table43[[#This Row],[kode 2 Digit (Nomor)]],Table43[[#This Row],[kode 1 Digit (Nomor)]]) -> G1061 | N45: =IF(AI45="",CONCATENATE(S45,U45,W45,Y45,AA45,AC45,AE45,AG45,Table43[[#This Row],[Tanda Kode Revisi]]),CONCATENATE(S45,U45,W45,Y45,AA45,AC45,AE45,AI45)) -> G1061000022010 | O45: =LEN(N45) -> 14 | P45: =IF(AH45<>"",TRIM(UPPER(CONCATENATE(R45," ",T45," ",V45," ",X45," ",Z45," ",AB45," ","X"," ",Table43[[#This Row],[ISI/CTN]]," ",AH45," ",AD45," ",AF45," ",AJ45))),TRIM(UPPER(CONCATENATE(R45," ",T45," ",V45," ",X45," ",Z45," ",AB45," ","X"," ",Table43[[#This Row],[ISI/CTN]]," ",AD45," ",AF45," ",AJ45)))) -> GAS WONDERFUEL 220GR X 12 KLG | Q45: =LEN(P45) -> 29 | S45: G1 | T45: GAS | U45: 06 | V45: WONDERFUEL | W45: 1 | Y45: 0 | AA45: 00 | AB45: 220GR | AC45: 0220 | AD45: KLG | AE45: 1 | AG45: 0 | AK45: =Table43[[#This Row],[Column4]] -> 30700010220000 | AN45: =Table43[[#This Row],[ISI/CTN]] -> 12 | AO45: =Table43[[#This Row],[Harga Jual Pcs GT (-PPN)]]-(Table43[[#This Row],[Harga Jual Pcs GT (-PPN)]]*6.5%) -> 19167.5 | AP45: =Table43[[#This Row],[Harga Beli Pcs (-PPN)]]*Table43[[#This Row],[ISI/CTN]] -> 230010 | AQ45: =Table43[[#This Row],[Harga Beli Pcs (-PPN)]]*1.11 -> 21275.925 | AR45: =Table43[[#This Row],[Harga Beli Krt (- PPN)]]*1.11 -> 255311.1 | AS45: 20500 | AT45: =Table43[[#This Row],[Harga Jual Pcs GT (-PPN)]]*Table43[[#This Row],[ISI/CTN]] -> 246000 | AU45: =Table43[[#This Row],[Harga Jual Pcs GT (-PPN)]]*1.11 -> 22755 | AV45: =Table43[[#This Row],[Harga Jual Krt GT (- PPN)]]*1.11 -> 273060 | AW45: =IFERROR(VLOOKUP(Table43[[#This Row],[Kode Pcpl]],'[1]FEB 2026'!$A$3:$X$312,24,0),0) -> 0 | AX45: =Table43[[#This Row],[Harga Jual Pcs MT (-PPN)]]*Table43[[#This Row],[ISI/CTN]] -> 0 | AY45: =Table43[[#This Row],[Harga Jual Pcs MT (-PPN)]]*1.11 -> 0 | AZ45: =Table43[[#This Row],[Harga Jual Pcs MT (+PPN)]]*Table43[[#This Row],[ISI/CTN]] -> 0 | BA45: =(Table43[[#This Row],[Harga Jual Pcs GT (-PPN)]]-Table43[[#This Row],[Harga Beli Pcs (-PPN)]])/Table43[[#This Row],[Harga Jual Pcs GT (-PPN)]] -> 0.065 | BB45: =Table43[[#This Row],[Harga Jual Pcs MT (-PPN)]]-Table43[[#This Row],[Harga Beli Pcs (-PPN)]] -> -19167.5 | BC45: =Table43[[#This Row],[Column1]]/Table43[[#This Row],[Harga Jual Pcs MT (-PPN)]] -> #DIV/0! | BF45: =IF(TODAY()-Table43[[#This Row],[Efektif Pembuatan]]>60,"Lama","Baru") -> Lama | BG45: =IF(TODAY()-Table43[[#This Row],[Efektif Naik Harga]]<30,"Naik","Sama") -> Sama | BI45: =IF(Table43[[#This Row],[Kode BARANG Win2]]<>"","IDR","") -> IDR | BJ45: =CONCATENATE(Table43[[#This Row],[kode 1 Digit (Nomor)]],Table43[[#This Row],[kode 4 Digit (Nomor)]]) -> 0220 | BK45: =Table43[[#This Row],[Nama Gramasi atau Jumlah Pack per CTN]] -> 220GR | BN45: =IF(Table43[[#This Row],[SATUAN Fix Win]]<>"","KRT") -> KRT | BO45: =IF(Table43[[#This Row],[SATUAN Fix Win]]<>"","GD01") -> GD01 | BP45: =IF(Table43[[#This Row],[SATUAN Fix Win]]<>"",11611) -> 11611 | BQ45: =IF(Table43[[#This Row],[SATUAN Fix Win]]<>"",11612) -> 11612 | BS45: =IF(Table43[[#This Row],[SATUAN Fix Win]]<>"",1) -> 1 | BU45: =Table43[[#This Row],[ISI/CTN]] -> 12
A46: =CONCATENATE(Table43[[#This Row],[Kode BARANG Win2]],Table43[[#This Row],[No. Urut Item Sama]]) -> G1070001000010 | C46: 30132060045010 | D46: 40049639 | E46: HIT POMPA PLASTIK 120 PCS X 300GR 7596 49639 HP01 | F46: 30150010300000 | G46: 0 | H46: HIT POMPA PLASTIK ND | I46: 120 | J46: 8992745120324 | K46: =Table43[[#This Row],[NamaJenisKemasan]] -> PCS | L46: =TRIM(CONCATENATE(Table43[[#This Row],[Nama KLP]]," ",Table43[[#This Row],[Nama Sub KLP]])) -> HIT | M46: =CONCATENATE(Table43[[#This Row],[kode 2 Digit (hrf+No)]],Table43[[#This Row],[kode 2 Digit (Nomor)]],Table43[[#This Row],[kode 1 Digit (Nomor)]]) -> G1070 | N46: =IF(AI46="",CONCATENATE(S46,U46,W46,Y46,AA46,AC46,AE46,AG46,Table43[[#This Row],[Tanda Kode Revisi]]),CONCATENATE(S46,U46,W46,Y46,AA46,AC46,AE46,AI46)) -> G1070001000010 | O46: =LEN(N46) -> 14 | P46: =IF(AH46<>"",TRIM(UPPER(CONCATENATE(R46," ",T46," ",V46," ",X46," ",Z46," ",AB46," ","X"," ",Table43[[#This Row],[ISI/CTN]]," ",AH46," ",AD46," ",AF46," ",AJ46))),TRIM(UPPER(CONCATENATE(R46," ",T46," ",V46," ",X46," ",Z46," ",AB46," ","X"," ",Table43[[#This Row],[ISI/CTN]]," ",AD46," ",AF46," ",AJ46)))) -> HIT POMPA PLASTIK X 120 PCS | Q46: =LEN(P46) -> 27 | S46: G1 | T46: HIT | U46: 07 | W46: 0 | Y46: 0 | Z46: POMPA PLASTIK | AA46: 01 | AC46: 0000 | AD46: PCS | AE46: 1 | AG46: 0 | AK46: =Table43[[#This Row],[Column4]] -> 30150010300000 | AN46: =Table43[[#This Row],[ISI/CTN]] -> 120 | AO46: =Table43[[#This Row],[Harga Jual Pcs GT (-PPN)]]-(Table43[[#This Row],[Harga Jual Pcs GT (-PPN)]]*6.5%) -> 15708 | AP46: =Table43[[#This Row],[Harga Beli Pcs (-PPN)]]*Table43[[#This Row],[ISI/CTN]] -> 1884960 | AQ46: =Table43[[#This Row],[Harga Beli Pcs (-PPN)]]*1.11 -> 17435.88 | AR46: =Table43[[#This Row],[Harga Beli Krt (- PPN)]]*1.11 -> 2092305.6 | AS46: 16800 | AT46: =Table43[[#This Row],[Harga Jual Pcs GT (-PPN)]]*Table43[[#This Row],[ISI/CTN]] -> 2016000 | AU46: =Table43[[#This Row],[Harga Jual Pcs GT (-PPN)]]*1.11 -> 18648 | AV46: =Table43[[#This Row],[Harga Jual Krt GT (- PPN)]]*1.11 -> 2237760 | AW46: =IFERROR(VLOOKUP(Table43[[#This Row],[Kode Pcpl]],'[1]FEB 2026'!$A$3:$X$312,24,0),0) -> 0 | AX46: =Table43[[#This Row],[Harga Jual Pcs MT (-PPN)]]*Table43[[#This Row],[ISI/CTN]] -> 0 | AY46: =Table43[[#This Row],[Harga Jual Pcs MT (-PPN)]]*1.11 -> 0 | AZ46: =Table43[[#This Row],[Harga Jual Pcs MT (+PPN)]]*Table43[[#This Row],[ISI/CTN]] -> 0 | BA46: =(Table43[[#This Row],[Harga Jual Pcs GT (-PPN)]]-Table43[[#This Row],[Harga Beli Pcs (-PPN)]])/Table43[[#This Row],[Harga Jual Pcs GT (-PPN)]] -> 0.065 | BB46: =Table43[[#This Row],[Harga Jual Pcs MT (-PPN)]]-Table43[[#This Row],[Harga Beli Pcs (-PPN)]] -> -15708 | BC46: =Table43[[#This Row],[Column1]]/Table43[[#This Row],[Harga Jual Pcs MT (-PPN)]] -> #DIV/0! | BF46: =IF(TODAY()-Table43[[#This Row],[Efektif Pembuatan]]>60,"Lama","Baru") -> Lama | BG46: =IF(TODAY()-Table43[[#This Row],[Efektif Naik Harga]]<30,"Naik","Sama") -> Sama | BI46: =IF(Table43[[#This Row],[Kode BARANG Win2]]<>"","IDR","") -> IDR | BJ46: =CONCATENATE(Table43[[#This Row],[kode 1 Digit (Nomor)]],Table43[[#This Row],[kode 4 Digit (Nomor)]]) -> 0000 | BK46: =Table43[[#This Row],[Nama Gramasi atau Jumlah Pack per CTN]] -> 0 | BN46: =IF(Table43[[#This Row],[SATUAN Fix Win]]<>"","KRT") -> KRT | BO46: =IF(Table43[[#This Row],[SATUAN Fix Win]]<>"","GD01") -> GD01 | BP46: =IF(Table43[[#This Row],[SATUAN Fix Win]]<>"",11611) -> 11611 | BQ46: =IF(Table43[[#This Row],[SATUAN Fix Win]]<>"",11612) -> 11612 | BS46: =IF(Table43[[#This Row],[SATUAN Fix Win]]<>"",1) -> 1 | BU46: =Table43[[#This Row],[ISI/CTN]] -> 120
A47: =CONCATENATE(Table43[[#This Row],[Kode BARANG Win2]],Table43[[#This Row],[No. Urut Item Sama]]) -> G1070001000010 | D47: 40007596 | I47: 120 | J47: 8992745120324 | K47: =Table43[[#This Row],[NamaJenisKemasan]] -> PCS | L47: =TRIM(CONCATENATE(Table43[[#This Row],[Nama KLP]]," ",Table43[[#This Row],[Nama Sub KLP]])) -> HIT | M47: =CONCATENATE(Table43[[#This Row],[kode 2 Digit (hrf+No)]],Table43[[#This Row],[kode 2 Digit (Nomor)]],Table43[[#This Row],[kode 1 Digit (Nomor)]]) -> G1070 | N47: =IF(AI47="",CONCATENATE(S47,U47,W47,Y47,AA47,AC47,AE47,AG47,Table43[[#This Row],[Tanda Kode Revisi]]),CONCATENATE(S47,U47,W47,Y47,AA47,AC47,AE47,AI47)) -> G1070001000010 | O47: =LEN(N47) -> 14 | P47: =IF(AH47<>"",TRIM(UPPER(CONCATENATE(R47," ",T47," ",V47," ",X47," ",Z47," ",AB47," ","X"," ",Table43[[#This Row],[ISI/CTN]]," ",AH47," ",AD47," ",AF47," ",AJ47))),TRIM(UPPER(CONCATENATE(R47," ",T47," ",V47," ",X47," ",Z47," ",AB47," ","X"," ",Table43[[#This Row],[ISI/CTN]]," ",AD47," ",AF47," ",AJ47)))) -> HIT POMPA PLASTIK X 120 PCS | Q47: =LEN(P47) -> 27 | S47: G1 | T47: HIT | U47: 07 | W47: 0 | Y47: 0 | Z47: POMPA PLASTIK | AA47: 01 | AC47: 0000 | AD47: PCS | AE47: 1 | AG47: 0 | AK47: =Table43[[#This Row],[Column4]] -> 0 | AN47: =Table43[[#This Row],[ISI/CTN]] -> 120 | AO47: =Table43[[#This Row],[Harga Jual Pcs GT (-PPN)]]-(Table43[[#This Row],[Harga Jual Pcs GT (-PPN)]]*6.5%) -> 0 | AP47: =Table43[[#This Row],[Harga Beli Pcs (-PPN)]]*Table43[[#This Row],[ISI/CTN]] -> 0 | AQ47: =Table43[[#This Row],[Harga Beli Pcs (-PPN)]]*1.11 -> 0 | AR47: =Table43[[#This Row],[Harga Beli Krt (- PPN)]]*1.11 -> 0 | AT47: =Table43[[#This Row],[Harga Jual Pcs GT (-PPN)]]*Table43[[#This Row],[ISI/CTN]] -> 0 | AU47: =Table43[[#This Row],[Harga Jual Pcs GT (-PPN)]]*1.11 -> 0 | AV47: =Table43[[#This Row],[Harga Jual Krt GT (- PPN)]]*1.11 -> 0 | AW47: =IFERROR(VLOOKUP(Table43[[#This Row],[Kode Pcpl]],'[1]FEB 2026'!$A$3:$X$312,24,0),0) -> 0 | AX47: =Table43[[#This Row],[Harga Jual Pcs MT (-PPN)]]*Table43[[#This Row],[ISI/CTN]] -> 0 | AY47: =Table43[[#This Row],[Harga Jual Pcs MT (-PPN)]]*1.11 -> 0 | AZ47: =Table43[[#This Row],[Harga Jual Pcs MT (+PPN)]]*Table43[[#This Row],[ISI/CTN]] -> 0 | BA47: =(Table43[[#This Row],[Harga Jual Pcs GT (-PPN)]]-Table43[[#This Row],[Harga Beli Pcs (-PPN)]])/Table43[[#This Row],[Harga Jual Pcs GT (-PPN)]] -> #DIV/0! | BB47: =Table43[[#This Row],[Harga Jual Pcs MT (-PPN)]]-Table43[[#This Row],[Harga Beli Pcs (-PPN)]] -> 0 | BC47: =Table43[[#This Row],[Column1]]/Table43[[#This Row],[Harga Jual Pcs MT (-PPN)]] -> #DIV/0! | BF47: =IF(TODAY()-Table43[[#This Row],[Efektif Pembuatan]]>60,"Lama","Baru") -> Lama | BG47: =IF(TODAY()-Table43[[#This Row],[Efektif Naik Harga]]<30,"Naik","Sama") -> Sama | BI47: =IF(Table43[[#This Row],[Kode BARANG Win2]]<>"","IDR","") -> IDR | BJ47: =CONCATENATE(Table43[[#This Row],[kode 1 Digit (Nomor)]],Table43[[#This Row],[kode 4 Digit (Nomor)]]) -> 0000 | BK47: =Table43[[#This Row],[Nama Gramasi atau Jumlah Pack per CTN]] -> 0 | BN47: =IF(Table43[[#This Row],[SATUAN Fix Win]]<>"","KRT") -> KRT | BO47: =IF(Table43[[#This Row],[SATUAN Fix Win]]<>"","GD01") -> GD01 | BP47: =IF(Table43[[#This Row],[SATUAN Fix Win]]<>"",11611) -> 11611 | BQ47: =IF(Table43[[#This Row],[SATUAN Fix Win]]<>"",11612) -> 11612 | BS47: =IF(Table43[[#This Row],[SATUAN Fix Win]]<>"",1) -> 1 | BU47: =Table43[[#This Row],[ISI/CTN]] -> 120
A48: =CONCATENATE(Table43[[#This Row],[Kode BARANG Win2]],Table43[[#This Row],[No. Urut Item Sama]]) -> G1071001020010 | C48: 30071030200000 | D48: 40034832 | E48: HIT AE EXPT BLOOM.TEA 12 KLG X 200ML "34832"HAE01 | F48: 30071030200000 | G48: 0 | H48: 0 | I48: 12 | J48: 0 | K48: =Table43[[#This Row],[NamaJenisKemasan]] -> KLG | L48: =TRIM(CONCATENATE(Table43[[#This Row],[Nama KLP]]," ",Table43[[#This Row],[Nama Sub KLP]])) -> HIT AEROSOL | M48: =CONCATENATE(Table43[[#This Row],[kode 2 Digit (hrf+No)]],Table43[[#This Row],[kode 2 Digit (Nomor)]],Table43[[#This Row],[kode 1 Digit (Nomor)]]) -> G1071 | N48: =IF(AI48="",CONCATENATE(S48,U48,W48,Y48,AA48,AC48,AE48,AG48,Table43[[#This Row],[Tanda Kode Revisi]]),CONCATENATE(S48,U48,W48,Y48,AA48,AC48,AE48,AI48)) -> G1071001020010 | O48: =LEN(N48) -> 14 | P48: =IF(AH48<>"",TRIM(UPPER(CONCATENATE(R48," ",T48," ",V48," ",X48," ",Z48," ",AB48," ","X"," ",Table43[[#This Row],[ISI/CTN]]," ",AH48," ",AD48," ",AF48," ",AJ48))),TRIM(UPPER(CONCATENATE(R48," ",T48," ",V48," ",X48," ",Z48," ",AB48," ","X"," ",Table43[[#This Row],[ISI/CTN]]," ",AD48," ",AF48," ",AJ48)))) -> HIT AEROSOL BLOOMING TEA 200ML X 12 KLG | Q48: =LEN(P48) -> 39 | S48: G1 | T48: HIT | U48: 07 | V48: AEROSOL | W48: 1 | Y48: 0 | Z48: BLOOMING TEA | AA48: 01 | AB48: 200ML | AC48: 0200 | AD48: KLG | AE48: 1 | AG48: 0 | AK48: =Table43[[#This Row],[Column4]] -> 30071030200000 | AN48: =Table43[[#This Row],[ISI/CTN]] -> 12 | AO48: =Table43[[#This Row],[Harga Jual Pcs GT (-PPN)]]-(Table43[[#This Row],[Harga Jual Pcs GT (-PPN)]]*6.5%) -> 12435.5 | AP48: =Table43[[#This Row],[Harga Beli Pcs (-PPN)]]*Table43[[#This Row],[ISI/CTN]] -> 149226 | AQ48: =Table43[[#This Row],[Harga Beli Pcs (-PPN)]]*1.11 -> 13803.405 | AR48: =Table43[[#This Row],[Harga Beli Krt (- PPN)]]*1.11 -> 165640.86 | AS48: 13300 | AT48: =Table43[[#This Row],[Harga Jual Pcs GT (-PPN)]]*Table43[[#This Row],[ISI/CTN]] -> 159600 | AU48: =Table43[[#This Row],[Harga Jual Pcs GT (-PPN)]]*1.11 -> 14763 | AV48: =Table43[[#This Row],[Harga Jual Krt GT (- PPN)]]*1.11 -> 177156 | AW48: =IFERROR(VLOOKUP(Table43[[#This Row],[Kode Pcpl]],'[1]FEB 2026'!$A$3:$X$312,24,0),0) -> 0 | AX48: =Table43[[#This Row],[Harga Jual Pcs MT (-PPN)]]*Table43[[#This Row],[ISI/CTN]] -> 0 | AY48: =Table43[[#This Row],[Harga Jual Pcs MT (-PPN)]]*1.11 -> 0 | AZ48: =Table43[[#This Row],[Harga Jual Pcs MT (+PPN)]]*Table43[[#This Row],[ISI/CTN]] -> 0 | BA48: =(Table43[[#This Row],[Harga Jual Pcs GT (-PPN)]]-Table43[[#This Row],[Harga Beli Pcs (-PPN)]])/Table43[[#This Row],[Harga Jual Pcs GT (-PPN)]] -> 0.065 | BB48: =Table43[[#This Row],[Harga Jual Pcs MT (-PPN)]]-Table43[[#This Row],[Harga Beli Pcs (-PPN)]] -> -12435.5 | BC48: =Table43[[#This Row],[Column1]]/Table43[[#This Row],[Harga Jual Pcs MT (-PPN)]] -> #DIV/0! | BF48: =IF(TODAY()-Table43[[#This Row],[Efektif Pembuatan]]>60,"Lama","Baru") -> Lama | BG48: =IF(TODAY()-Table43[[#This Row],[Efektif Naik Harga]]<30,"Naik","Sama") -> Sama | BI48: =IF(Table43[[#This Row],[Kode BARANG Win2]]<>"","IDR","") -> IDR | BJ48: =CONCATENATE(Table43[[#This Row],[kode 1 Digit (Nomor)]],Table43[[#This Row],[kode 4 Digit (Nomor)]]) -> 0200 | BK48: =Table43[[#This Row],[Nama Gramasi atau Jumlah Pack per CTN]] -> 200ML | BN48: =IF(Table43[[#This Row],[SATUAN Fix Win]]<>"","KRT") -> KRT | BO48: =IF(Table43[[#This Row],[SATUAN Fix Win]]<>"","GD01") -> GD01 | BP48: =IF(Table43[[#This Row],[SATUAN Fix Win]]<>"",11611) -> 11611 | BQ48: =IF(Table43[[#This Row],[SATUAN Fix Win]]<>"",11612) -> 11612 | BS48: =IF(Table43[[#This Row],[SATUAN Fix Win]]<>"",1) -> 1 | BU48: =Table43[[#This Row],[ISI/CTN]] -> 12
A49: =CONCATENATE(Table43[[#This Row],[Kode BARANG Win2]],Table43[[#This Row],[No. Urut Item Sama]]) -> G1071002060010 | C49: 30071050600000 | D49: 40037980 | E49: HIT AE EXPT CITRUS 12 KLGX600ML "34859"37980"HAE08 | F49: 30071050600000 | G49: 0 | H49: 0 | I49: 12 | J49: 0 | K49: =Table43[[#This Row],[NamaJenisKemasan]] -> KLG | L49: =TRIM(CONCATENATE(Table43[[#This Row],[Nama KLP]]," ",Table43[[#This Row],[Nama Sub KLP]])) -> HIT AEROSOL | M49: =CONCATENATE(Table43[[#This Row],[kode 2 Digit (hrf+No)]],Table43[[#This Row],[kode 2 Digit (Nomor)]],Table43[[#This Row],[kode 1 Digit (Nomor)]]) -> G1071 | N49: =IF(AI49="",CONCATENATE(S49,U49,W49,Y49,AA49,AC49,AE49,AG49,Table43[[#This Row],[Tanda Kode Revisi]]),CONCATENATE(S49,U49,W49,Y49,AA49,AC49,AE49,AI49)) -> G1071002060010 | O49: =LEN(N49) -> 14 | P49: =IF(AH49<>"",TRIM(UPPER(CONCATENATE(R49," ",T49," ",V49," ",X49," ",Z49," ",AB49," ","X"," ",Table43[[#This Row],[ISI/CTN]]," ",AH49," ",AD49," ",AF49," ",AJ49))),TRIM(UPPER(CONCATENATE(R49," ",T49," ",V49," ",X49," ",Z49," ",AB49," ","X"," ",Table43[[#This Row],[ISI/CTN]]," ",AD49," ",AF49," ",AJ49)))) -> HIT AEROSOL CITRUS 600ML X 12 KLG | Q49: =LEN(P49) -> 33 | S49: G1 | T49: HIT | U49: 07 | V49: AEROSOL | W49: 1 | Y49: 0 | Z49: CITRUS | AA49: 02 | AB49: 600ML | AC49: 0600 | AD49: KLG | AE49: 1 | AG49: 0 | AK49: =Table43[[#This Row],[Column4]] -> 30071050600000 | AN49: =Table43[[#This Row],[ISI/CTN]] -> 12 | AO49: =Table43[[#This Row],[Harga Jual Pcs GT (-PPN)]]-(Table43[[#This Row],[Harga Jual Pcs GT (-PPN)]]*6.5%) -> 28564.25 | AP49: =Table43[[#This Row],[Harga Beli Pcs (-PPN)]]*Table43[[#This Row],[ISI/CTN]] -> 342771 | AQ49: =Table43[[#This Row],[Harga Beli Pcs (-PPN)]]*1.11 -> 31706.318 | AR49: =Table43[[#This Row],[Harga Beli Krt (- PPN)]]*1.11 -> 380475.81 | AS49: 30550 | AT49: =Table43[[#This Row],[Harga Jual Pcs GT (-PPN)]]*Table43[[#This Row],[ISI/CTN]] -> 366600 | AU49: =Table43[[#This Row],[Harga Jual Pcs GT (-PPN)]]*1.11 -> 33910.5 | AV49: =Table43[[#This Row],[Harga Jual Krt GT (- PPN)]]*1.11 -> 406926 | AW49: =IFERROR(VLOOKUP(Table43[[#This Row],[Kode Pcpl]],'[1]FEB 2026'!$A$3:$X$312,24,0),0) -> 0 | AX49: =Table43[[#This Row],[Harga Jual Pcs MT (-PPN)]]*Table43[[#This Row],[ISI/CTN]] -> 0 | AY49: =Table43[[#This Row],[Harga Jual Pcs MT (-PPN)]]*1.11 -> 0 | AZ49: =Table43[[#This Row],[Harga Jual Pcs MT (+PPN)]]*Table43[[#This Row],[ISI/CTN]] -> 0 | BA49: =(Table43[[#This Row],[Harga Jual Pcs GT (-PPN)]]-Table43[[#This Row],[Harga Beli Pcs (-PPN)]])/Table43[[#This Row],[Harga Jual Pcs GT (-PPN)]] -> 0.065 | BB49: =Table43[[#This Row],[Harga Jual Pcs MT (-PPN)]]-Table43[[#This Row],[Harga Beli Pcs (-PPN)]] -> -28564.25 | BC49: =Table43[[#This Row],[Column1]]/Table43[[#This Row],[Harga Jual Pcs MT (-PPN)]] -> #DIV/0! | BF49: =IF(TODAY()-Table43[[#This Row],[Efektif Pembuatan]]>60,"Lama","Baru") -> Lama | BG49: =IF(TODAY()-Table43[[#This Row],[Efektif Naik Harga]]<30,"Naik","Sama") -> Sama | BI49: =IF(Table43[[#This Row],[Kode BARANG Win2]]<>"","IDR","") -> IDR | BJ49: =CONCATENATE(Table43[[#This Row],[kode 1 Digit (Nomor)]],Table43[[#This Row],[kode 4 Digit (Nomor)]]) -> 0600 | BK49: =Table43[[#This Row],[Nama Gramasi atau Jumlah Pack per CTN]] -> 600ML | BN49: =IF(Table43[[#This Row],[SATUAN Fix Win]]<>"","KRT") -> KRT | BO49: =IF(Table43[[#This Row],[SATUAN Fix Win]]<>"","GD01") -> GD01 | BP49: =IF(Table43[[#This Row],[SATUAN Fix Win]]<>"",11611) -> 11611 | BQ49: =IF(Table43[[#This Row],[SATUAN Fix Win]]<>"",11612) -> 11612 | BS49: =IF(Table43[[#This Row],[SATUAN Fix Win]]<>"",1) -> 1 | BU49: =Table43[[#This Row],[ISI/CTN]] -> 12
A50: =CONCATENATE(Table43[[#This Row],[Kode BARANG Win2]],Table43[[#This Row],[No. Urut Item Sama]]) -> G1071003040010 | C50: 30047110200000 | D50: 40060008 | E50: HIT AE COTTON POWDER 12 KLGX400ML 58477 60008 HA36 | F50: 30070030400000 | G50: 0 | H50: HIT AER COTTON POWDER 400+40ML EXTRA | I50: 12 | J50: 8992745000631 | K50: =Table43[[#This Row],[NamaJenisKemasan]] -> KLG | L50: =TRIM(CONCATENATE(Table43[[#This Row],[Nama KLP]]," ",Table43[[#This Row],[Nama Sub KLP]])) -> HIT AEROSOL | M50: =CONCATENATE(Table43[[#This Row],[kode 2 Digit (hrf+No)]],Table43[[#This Row],[kode 2 Digit (Nomor)]],Table43[[#This Row],[kode 1 Digit (Nomor)]]) -> G1071 | N50: =IF(AI50="",CONCATENATE(S50,U50,W50,Y50,AA50,AC50,AE50,AG50,Table43[[#This Row],[Tanda Kode Revisi]]),CONCATENATE(S50,U50,W50,Y50,AA50,AC50,AE50,AI50)) -> G1071003040010 | O50: =LEN(N50) -> 14 | P50: =IF(AH50<>"",TRIM(UPPER(CONCATENATE(R50," ",T50," ",V50," ",X50," ",Z50," ",AB50," ","X"," ",Table43[[#This Row],[ISI/CTN]]," ",AH50," ",AD50," ",AF50," ",AJ50))),TRIM(UPPER(CONCATENATE(R50," ",T50," ",V50," ",X50," ",Z50," ",AB50," ","X"," ",Table43[[#This Row],[ISI/CTN]]," ",AD50," ",AF50," ",AJ50)))) -> HIT AEROSOL COTTON POWDER 400ML X 12 KLG | Q50: =LEN(P50) -> 40 | S50: G1 | T50: HIT | U50: 07 | V50: AEROSOL | W50: 1 | Y50: 0 | Z50: COTTON POWDER | AA50: 03 | AB50: 400ML | AC50: 0400 | AD50: KLG | AE50: 1 | AG50: 0 | AK50: =Table43[[#This Row],[Column4]] -> 30070030400000 | AN50: =Table43[[#This Row],[ISI/CTN]] -> 12 | AO50: =Table43[[#This Row],[Harga Jual Pcs GT (-PPN)]]-(Table43[[#This Row],[Harga Jual Pcs GT (-PPN)]]*6.5%) -> 20429.75 | AP50: =Table43[[#This Row],[Harga Beli Pcs (-PPN)]]*Table43[[#This Row],[ISI/CTN]] -> 245157 | AQ50: =Table43[[#This Row],[Harga Beli Pcs (-PPN)]]*1.11 -> 22677.023 | AR50: =Table43[[#This Row],[Harga Beli Krt (- PPN)]]*1.11 -> 272124.27 | AS50: 21850 | AT50: =Table43[[#This Row],[Harga Jual Pcs GT (-PPN)]]*Table43[[#This Row],[ISI/CTN]] -> 262200 | AU50: =Table43[[#This Row],[Harga Jual Pcs GT (-PPN)]]*1.11 -> 24253.5 | AV50: =Table43[[#This Row],[Harga Jual Krt GT (- PPN)]]*1.11 -> 291042 | AW50: =IFERROR(VLOOKUP(Table43[[#This Row],[Kode Pcpl]],'[1]FEB 2026'!$A$3:$X$312,24,0),0) -> 0 | AX50: =Table43[[#This Row],[Harga Jual Pcs MT (-PPN)]]*Table43[[#This Row],[ISI/CTN]] -> 0 | AY50: =Table43[[#This Row],[Harga Jual Pcs MT (-PPN)]]*1.11 -> 0 | AZ50: =Table43[[#This Row],[Harga Jual Pcs MT (+PPN)]]*Table43[[#This Row],[ISI/CTN]] -> 0 | BA50: =(Table43[[#This Row],[Harga Jual Pcs GT (-PPN)]]-Table43[[#This Row],[Harga Beli Pcs (-PPN)]])/Table43[[#This Row],[Harga Jual Pcs GT (-PPN)]] -> 0.065 | BB50: =Table43[[#This Row],[Harga Jual Pcs MT (-PPN)]]-Table43[[#This Row],[Harga Beli Pcs (-PPN)]] -> -20429.75 | BC50: =Table43[[#This Row],[Column1]]/Table43[[#This Row],[Harga Jual Pcs MT (-PPN)]] -> #DIV/0! | BF50: =IF(TODAY()-Table43[[#This Row],[Efektif Pembuatan]]>60,"Lama","Baru") -> Lama | BG50: =IF(TODAY()-Table43[[#This Row],[Efektif Naik Harga]]<30,"Naik","Sama") -> Sama | BI50: =IF(Table43[[#This Row],[Kode BARANG Win2]]<>"","IDR","") -> IDR | BJ50: =CONCATENATE(Table43[[#This Row],[kode 1 Digit (Nomor)]],Table43[[#This Row],[kode 4 Digit (Nomor)]]) -> 0400 | BK50: =Table43[[#This Row],[Nama Gramasi atau Jumlah Pack per CTN]] -> 400ML | BN50: =IF(Table43[[#This Row],[SATUAN Fix Win]]<>"","KRT") -> KRT | BO50: =IF(Table43[[#This Row],[SATUAN Fix Win]]<>"","GD01") -> GD01 | BP50: =IF(Table43[[#This Row],[SATUAN Fix Win]]<>"",11611) -> 11611 | BQ50: =IF(Table43[[#This Row],[SATUAN Fix Win]]<>"",11612) -> 11612 | BS50: =IF(Table43[[#This Row],[SATUAN Fix Win]]<>"",1) -> 1 | BU50: =Table43[[#This Row],[ISI/CTN]] -> 12
A51: =CONCATENATE(Table43[[#This Row],[Kode BARANG Win2]],Table43[[#This Row],[No. Urut Item Sama]]) -> G1071003040010 | C51: 30050010012000 | D51: 40058477 | E51: HIT AE COTTON POWDER 12 KLGX400ML 58477 60008 HA36 | F51: 30070030400000 | G51: 0 | H51: HIT AER COTTON POWDER 400ML. | I51: 12 | J51: 8992745000631 | K51: =Table43[[#This Row],[NamaJenisKemasan]] -> KLG | L51: =TRIM(CONCATENATE(Table43[[#This Row],[Nama KLP]]," ",Table43[[#This Row],[Nama Sub KLP]])) -> HIT AEROSOL | M51: =CONCATENATE(Table43[[#This Row],[kode 2 Digit (hrf+No)]],Table43[[#This Row],[kode 2 Digit (Nomor)]],Table43[[#This Row],[kode 1 Digit (Nomor)]]) -> G1071 | N51: =IF(AI51="",CONCATENATE(S51,U51,W51,Y51,AA51,AC51,AE51,AG51,Table43[[#This Row],[Tanda Kode Revisi]]),CONCATENATE(S51,U51,W51,Y51,AA51,AC51,AE51,AI51)) -> G1071003040010 | O51: =LEN(N51) -> 14 | P51: =IF(AH51<>"",TRIM(UPPER(CONCATENATE(R51," ",T51," ",V51," ",X51," ",Z51," ",AB51," ","X"," ",Table43[[#This Row],[ISI/CTN]]," ",AH51," ",AD51," ",AF51," ",AJ51))),TRIM(UPPER(CONCATENATE(R51," ",T51," ",V51," ",X51," ",Z51," ",AB51," ","X"," ",Table43[[#This Row],[ISI/CTN]]," ",AD51," ",AF51," ",AJ51)))) -> HIT AEROSOL COTTON POWDER 400ML X 12 KLG | Q51: =LEN(P51) -> 40 | S51: G1 | T51: HIT | U51: 07 | V51: AEROSOL | W51: 1 | Y51: 0 | Z51: COTTON POWDER | AA51: 03 | AB51: 400ML | AC51: 0400 | AD51: KLG | AE51: 1 | AG51: 0 | AK51: =Table43[[#This Row],[Column4]] -> 30070030400000 | AN51: =Table43[[#This Row],[ISI/CTN]] -> 12 | AO51: =Table43[[#This Row],[Harga Jual Pcs GT (-PPN)]]-(Table43[[#This Row],[Harga Jual Pcs GT (-PPN)]]*6.5%) -> 20429.75 | AP51: =Table43[[#This Row],[Harga Beli Pcs (-PPN)]]*Table43[[#This Row],[ISI/CTN]] -> 245157 | AQ51: =Table43[[#This Row],[Harga Beli Pcs (-PPN)]]*1.11 -> 22677.023 | AR51: =Table43[[#This Row],[Harga Beli Krt (- PPN)]]*1.11 -> 272124.27 | AS51: 21850 | AT51: =Table43[[#This Row],[Harga Jual Pcs GT (-PPN)]]*Table43[[#This Row],[ISI/CTN]] -> 262200 | AU51: =Table43[[#This Row],[Harga Jual Pcs GT (-PPN)]]*1.11 -> 24253.5 | AV51: =Table43[[#This Row],[Harga Jual Krt GT (- PPN)]]*1.11 -> 291042 | AW51: =IFERROR(VLOOKUP(Table43[[#This Row],[Kode Pcpl]],'[1]FEB 2026'!$A$3:$X$312,24,0),0) -> 0 | AX51: =Table43[[#This Row],[Harga Jual Pcs MT (-PPN)]]*Table43[[#This Row],[ISI/CTN]] -> 0 | AY51: =Table43[[#This Row],[Harga Jual Pcs MT (-PPN)]]*1.11 -> 0 | AZ51: =Table43[[#This Row],[Harga Jual Pcs MT (+PPN)]]*Table43[[#This Row],[ISI/CTN]] -> 0 | BA51: =(Table43[[#This Row],[Harga Jual Pcs GT (-PPN)]]-Table43[[#This Row],[Harga Beli Pcs (-PPN)]])/Table43[[#This Row],[Harga Jual Pcs GT (-PPN)]] -> 0.065 | BB51: =Table43[[#This Row],[Harga Jual Pcs MT (-PPN)]]-Table43[[#This Row],[Harga Beli Pcs (-PPN)]] -> -20429.75 | BC51: =Table43[[#This Row],[Column1]]/Table43[[#This Row],[Harga Jual Pcs MT (-PPN)]] -> #DIV/0! | BF51: =IF(TODAY()-Table43[[#This Row],[Efektif Pembuatan]]>60,"Lama","Baru") -> Lama | BG51: =IF(TODAY()-Table43[[#This Row],[Efektif Naik Harga]]<30,"Naik","Sama") -> Sama | BI51: =IF(Table43[[#This Row],[Kode BARANG Win2]]<>"","IDR","") -> IDR | BJ51: =CONCATENATE(Table43[[#This Row],[kode 1 Digit (Nomor)]],Table43[[#This Row],[kode 4 Digit (Nomor)]]) -> 0400 | BK51: =Table43[[#This Row],[Nama Gramasi atau Jumlah Pack per CTN]] -> 400ML | BN51: =IF(Table43[[#This Row],[SATUAN Fix Win]]<>"","KRT") -> KRT | BO51: =IF(Table43[[#This Row],[SATUAN Fix Win]]<>"","GD01") -> GD01 | BP51: =IF(Table43[[#This Row],[SATUAN Fix Win]]<>"",11611) -> 11611 | BQ51: =IF(Table43[[#This Row],[SATUAN Fix Win]]<>"",11612) -> 11612 | BS51: =IF(Table43[[#This Row],[SATUAN Fix Win]]<>"",1) -> 1 | BU51: =Table43[[#This Row],[ISI/CTN]] -> 12
