Workbook
Name Consol: "Error"

Sheet PRICE LIST Motasa
A3: KELOMPOK PRODUK | B3: KODE PRODUK PRINSIPAL | C3: NAMA ITEM | D3: ISI/CTN | E3: SATUAN | F3: HARGA INCLUDE PPN 11% IN CTN | G3: HARGA/PCS
A4: ANTANGIN GROUP | B4: 10002 | C4: ANTANGIN JRG PLUS JAHE MERAH TD20 | D4: 1000 | E4: STRIP | F4: 3210000 | G4: =F4/D4 -> 3210
A5: ANTANGIN GROUP | B5: 10063 | C5: ANTANGIN JUNIORS SD5 | D5: 300 | E5: SACHET | F5: 600000 | G5: =F5/D5 -> 2000
A6: ANTANGIN GROUP | B6: 10074 | C6: ANTANGIN JRG + MADU SD12 | D6: 360 | E6: SACHET | F6: 1116000 | G6: =F6/D6 -> 3100
A7: ANTANGIN GROUP | B7: 10075 | C7: ANTANGIN MINT SD12 | D7: 360 | E7: SACHET | F7: 1116000 | G7: =F7/D7 -> 3100
A8: ANTANGIN GROUP | B8: 10077 | C8: ANTANGIN MINT SD5 | D8: 300 | E8: SACHET | F8: 930000 | G8: =F8/D8 -> 3100
A9: ANTANGIN GROUP | B9: 10110 | C9: ANTANGIN GOOD NIGTH TD20 | D9: 1000 | E9: STRIP | F9: 4036000 | G9: =F9/D9 -> 4036
A10: ANTANGIN GROUP | B10: 10112 | C10: ANTANGIN HABBATUSSAUDA SD12 | D10: 360 | E10: SACHET | F10: 1116000 | G10: =F10/D10 -> 3100
A11: ANTANGIN GROUP | B11: 10134 | C11: ANTANGIN HABBATUSSAUDA SD14 | D11: 420 | E11: SACHET | F11: 1115998.8 | G11: =F11/D11 -> 2657.14
A12: ANTANGIN GROUP | B12: 10135 | C12: ANTANGIN MINT SD14 | D12: 420 | E12: SACHET | F12: 1115998.8 | G12: =F12/D12 -> 2657.14
A13: CANDY GROUP | B13: 10039 | C13: OB HERBAL PERMEN HERBAL RASA MINT S5 | D13: 270 | E13: SACHET | F13: 558090 | G13: =F13/D13 -> 2067
A14: CANDY GROUP | B14: 10048 | C14: ANTANGIN PERMEN HERBAL RASA MADU MINT T30 | D14: 180 | E14: SACHET | F14: 372060 | G14: =F14/D14 -> 2067
A15: CANDY GROUP | B15: 10067 | C15: ANTANGIN PERMEN ANEKA RASA T250 | D15: 6 | E15: TOPLES | F15: 213666 | G15: =F15/D15 -> 35611
... A149: MADU GROUP | B149: 60108 | C149: MADU TJ STRAWBERRY D12 (DUS) | D149: 24 | E149: DUS | F149: 201531.6 | G149: =F149/D149 -> 8397.15

Sheet FORM DASAR KLP
A3: KODE PRODUK PRINSIPAL | B3: KELOMPOK PRODUK By Principle | C3: NAMA ITEM | D3: ISI/CTN | E3: SATUAN | F3: HARGA INCLUDE PPN 11% IN CTN | G3: HARGA/PCS
A4: 10002 | B4: ANTANGIN GROUP | C4: ANTANGIN JRG PLUS JAHE MERAH TD20 | D4: 1000 | E4: STRIP | F4: 3563100 | G4: =F4/D4 -> 3563.1
A5: 10063 | B5: ANTANGIN GROUP | C5: ANTANGIN JUNIORS SD5 | D5: 300 | E5: SACHET | F5: 666000 | G5: =F5/D5 -> 2220
A6: 10074 | B6: ANTANGIN GROUP | C6: ANTANGIN JRG + MADU SD12 | D6: 360 | E6: SACHET | F6: 1238760 | G6: =F6/D6 -> 3441
A7: 10075 | B7: ANTANGIN GROUP | C7: ANTANGIN MINT SD12 | D7: 360 | E7: SACHET | F7: 1238760 | G7: =F7/D7 -> 3441
A8: 10077 | B8: ANTANGIN GROUP | C8: ANTANGIN MINT SD5 | D8: 300 | E8: SACHET | F8: 1032300 | G8: =F8/D8 -> 3441
A9: 10110 | B9: ANTANGIN GROUP | C9: ANTANGIN GOOD NIGTH TD20 | D9: 1000 | E9: STRIP | F9: 4479960 | G9: =F9/D9 -> 4479.96
A10: 10112 | B10: ANTANGIN GROUP | C10: ANTANGIN HABBATUSSAUDA SD12 | D10: 360 | E10: SACHET | F10: 1238760 | G10: =F10/D10 -> 3441
A11: 10134 | B11: ANTANGIN GROUP | C11: ANTANGIN HABBATUSSAUDA SD14 | D11: 420 | E11: SACHET | F11: 1238758.7 | G11: =F11/D11 -> 2949.4254
A12: 10135 | B12: ANTANGIN GROUP | C12: ANTANGIN MINT SD14 | D12: 420 | E12: SACHET | F12: 1238758.7 | G12: =F12/D12 -> 2949.4254
A13: 10039 | B13: CANDY GROUP | C13: OB HERBAL PERMEN HERBAL RASA MINT S5 | D13: 270 | E13: SACHET | F13: 619479.9 | G13: =F13/D13 -> 2294.37
A14: 10048 | B14: CANDY GROUP | C14: ANTANGIN PERMEN HERBAL RASA MADU MINT T30 | D14: 180 | E14: SACHET | F14: 412986.6 | G14: =F14/D14 -> 2294.37
A15: 10067 | B15: CANDY GROUP | C15: ANTANGIN PERMEN ANEKA RASA T250 | D15: 6 | E15: TOPLES | F15: 237169.26 | G15: =F15/D15 -> 39528.21
... A149: 60108 | B149: MADU GROUP | C149: MADU TJ STRAWBERRY D12 (DUS) | D149: 24 | E149: DUS | F149: 223700.08 | G149: =F149/D149 -> 9320.8365

Sheet Cara Buat
A3: 1 | B3: Sortir Daftar Produk Principle sesuai Nama lalu sortir lagi by kelompok | D3: 1 | E3: Buat satu folder master barang, master kelompok, price list, mapping produk win to pcpl dan mapping produk pcpl to win
A4: 2 | B4: Copy dan Paste kan ke Sheet Form Master (sesuaikan kolom nya) | D4: 2 | E4: Master barang, master kelompok, price list, mapping produk win to pcpl dan mapping produk pcpl to win berdiri sendiri dalam satu book
A5: 3 | B5: Sheet kuning adalah rumus, jangan diganggu

Sheet Pvt Map 1
A3: Kode BARANG Win2 | B3: SATUAN Fix Win | C3: Kode Pcpl | D3: ISI/CTN | E3: Sum of No. Urut Item Sama
A4: F4011100007010 | B4: BOX | C4: 040411111 | D4: 6 | E4: 1
A5: F4012101040010 | B5: PCH | C5: 050413100 | D5: 24 | E5: 1
A6: F4012102040010 | B6: PCH | C6: 050415100 | D6: 24 | E6: 1
A7: F4012001048020 | B7: PUMP | C7: 050413200 | D7: 24 | E7: 1
A8: F4012002048020 | B8: PUMP | C8: 050415200 | D8: 24 | E8: 1
A9: F4013001007010 | B9: PCS | C9: 040413100 | D9: 72 | E9: 1
A10: F4013002007010 | B10: PCS | C10: 040415100 | D10: 72 | E10: 1
A11: F4021001010010 | B11: PCS | C11: 040402200 | D11: 72 | E11: 1
A12: F4031101040010 | B12: PUMP | C12: 050703100 | D12: 24 | E12: 1
A13: F4031102040020 | B13: PCH | C13: 050702100 | D13: 24 | E13: 1
A14: F4031103040020 | B14: PCH | C14: 050701100 | D14: 24 | E14: 1
A15: F4031001048030 | B15: BTL | C15: 050703101 | D15: 24 | E15: 1
... A74: F4065002008011 | B74: TUBE | C74: 191701307 | D74: 48 | E74: 1
A75: F4065002008011 | B75: TUBE | C75: 191703000 | D75: 48 | E75: 1
A76: F4065003002010 | B76: TUBE | C76: 191702000 | D76: 12 | E76: 1
A77: F4066001008010 | B77: PCS | C77: 041716400 | D77: 144 | E77: 1
A78: F4066002008010 | B78: PCS | C78: 041720400 | D78: 144 | E78: 1
A79: F4066003008010 | B79: PCS | C79: 041717400 | D79: 144 | E79: 1
A80: F4066004008010 | B80: PCS | C80: 041715400 | D80: 144 | E80: 1
A81: F4066005008010 | B81: PCS | C81: 041718400 | D81: 144 | E81: 1
A82: F4066006008010 | B82: PCS | C82: 041719400 | D82: 144 | E82: 1
A83: F4067101018010 | B83: PCH | C83: 051706300 | D83: 48 | E83: 1
A84: F4067102018010 | B84: PCH | C84: 051703300 | D84: 48 | E84: 1
A85: F4067103018010 | B85: PCH | C85: 051704300 | D85: 48 | E85: 1
A86: F4067104018010 | B86: PCH | C86: 051705300 | D86: 48 | E86: 1
A87: F4067005018010 | B87: PCH | C87: 051702300 | D87: 48 | E87: 1
A88: F4067005048020 | B88: PUMP | C88: 051702800 | D88: 24 | E88: 1
... A132: F4067011048020 | B132: PUMP | C132: 051705800 | D132: 24 | E132: 1
A133: F4053004003020 | B133: BTL | C133: 112603000 | D133: 48 | E133: 1
A134: F4053001003020 | B134: BTL | C134: 112601000 | D134: 48 | E134: 1
A135: F4053002003020 | B135: BTL | C135: 112604000 | D135: 48 | E135: 1
A136: F4053003003020 | B136: BTL | C136: 112602000 | D136: 48 | E136: 1
A137: F4061104040011 | B137: PCH | C137: 051701495 | D137: 12 | E137: 1
A138: F4061104040011 | B138: PCH | C138: 051701012 | D138: 12
A139: F4061204042010 | B139: PCH | C139: 051701400 | D139: 24 | E139: 1
A140: F4061301042010 | B140: PCH | C140: 051702400 | D140: 24 | E140: 1
A141: F4061403042010 | B141: PCH | C141: 051703400 | D141: 24 | E141: 1
A142: F4061510042010 | B142: PCH | C142: 051704400 | D142: 24 | E142: 1
A143: F4061611042010 | B143: PCH | C143: 051705400 | D143: 24 | E143: 1
A144: F4061702042010 | B144: PCH | C144: 051706400 | D144: 24 | E144: 1
A145: F4061111040011 | B145: PCH | C145: 051705401 | D145: 24 | E145: 1
A146: F40630050200111 | B146: JAR | C146: 061703004 | D146: 48 | E146: 1
A147: F40630030200111 | B147: JAR | C147: 061704003 | D147: 48 | E147: 1
A148: F40630060200111 | B148: JAR | C148: 061705004 | D148: 48 | E148: 1
A149: F40630040200111 | B149: JAR | C149: 061701003 | D149: 48 | E149: 1
A150: F40690010030121 | B150: TUBE | C150: 161702000 | D150: 48 | E150: 1
A151: F4065001008012 | B151: TUBE | C151: 191702002 | D151: 48 | E151: 1
A152: F4066004006010 | B152: PCS | C152: (blank) | D152: 72 | E152: 1
A153: F4066003006010 | B153: PCS | C153: (blank) | D153: 72 | E153: 1
A154: F4067005022530 | B154: BTL | C154: 051702700 | D154: 48 | E154: 1
A155: F4067006022530 | B155: BTL | C155: 051706700 | D155: 48 | E155: 1
A156: F4067009022530 | B156: BTL | C156: 051704700 | D156: 48 | E156: 1
A157: F4067011022530 | B157: BTL | C157: 051705700 | D157: 48 | E157: 1
A158: F4071103040011 | B158: PCH | C158: 052506402 | D158: 24 | E158: 1
A159: F4071104040011 | B159: PCH | C159: 052506602 | D159: 24 | E159: 1
A160: F40711020085101 | B160: PCH | C160: 052506000 | D160: 48 | E160: 1
A161: F4071105040011 | B161: PCH | C161: 052502402 | D161: 24 | E161: 1
A162: F4071106040011 | B162: PCH | C162: 052506702 | D162: 24 | E162: 1
A163: F4073005008010 | B163: PCS | C163: 042501102 | D163: 72 | E163: 1
... A170: F4031101040020 | B170: PCH | C170: 050703100 | D170: 24 | E170: 1
A171: F4041002000930 | B171: PCSX10 | C171: 070702000 | D171: 48 RCG | E171: 3
A172: F4041003000930 | B172: PCSX10 | C172: 070701000 | D172: 48 RCG | E172: 2
A173: F4061111150010 | B173: PCH | C173: 051705000 | D173: 6 | E173: 1
A174: F4061001005010 | B174: BTL | C174: 101701006 | D174: 48 | E174: 1
A175: F4065001002020 | B175: PCS | C175: 191702001 | D175: 120 | E175: 1
A176: F4065001002020 | B176: PCS | C176: 191702003 | D176: 120 | E176: 2
A177: F4066004006020 | B177: PACK | C177: 041701000 | D177: 24 | E177: 1
A178: F4066003006020 | B178: PACK | C178: 041703000 | D178: 24 | E178: 1
A179: F4071103080010 | B179: PCH | C179: 052501800 | D179: 12 | E179: 1
A180: F4062005021010 | B180: BTL | C180: 071704302 | D180: 48 | E180: 1
A181: F40610001030010 | B181: BTL | C181: 171701001 | D181: 24 | E181: 1
A182: F40610001015010 | B182: BTL | C182: 171701000 | D182: 48 | E182: 1
A183: F4064001026010 | B183: TUBE | C183: 081722200 | D183: 48 | E183: 1
A184: F4065002008012 | B184: TUBE | C184: (blank) | D184: (blank) | E184: 1
A185: F4065003002013 | B185: TOPLES | C185: 191704000 | D185: 12 | E185: 1
A186: F4065004008020 | B186: PCS | C186: 191701700 | D186: 48 | E186: 1
A187: F4066003006013 | B187: PCS | C187: 041703100 | D187: 72 | E187: 1
A188: F4066006006020 | B188: PACK | C188: 041702001 | D188: 24 | E188: 1
A189: F40611001001010 | B189: TUBE | C189: 131702001 | D189: 120 | E189: 1
A190: F40611002001010 | B190: TUBE | C190: 131703001 | D190: 120 | E190: 1
A191: F4071103038010 | B191: PCH | C191: 052501004 | D191: 24 | E191: 1
A192: F4071104038010 | B192: PCH | C192: 052503002 | D192: 24 | E192: 1
B193: 0 | C193: (blank) | D193: (blank)
A194: F4062005010010 | B194: BTL | C194: 071704204 | D194: 48
A195: F4068002001520 | B195: JAR | C195: 101701008 | D195: 96 | E195: 1

Sheet Table Pvt 1
A1: Kode Barang Win | B1: Kode Pcpl | C1: SATUAN Fix Win | D1: ISI/CTN | E1: Kode PCPL yang sama | F1: Column1
A2: F4011100007010 | B2: 040411111 | C2: BOX | D2: 6 | E2: 1 | F2: =Pvt_Map_1[[#This Row],[Kode Barang Win]] -> F4011100007010
A3: F4012101040010 | B3: 050413100 | C3: PCH | D3: 24 | E3: 1 | F3: =Pvt_Map_1[[#This Row],[Kode Barang Win]] -> F4012101040010
A4: F4012102040010 | B4: 050415100 | C4: PCH | D4: 24 | E4: 1 | F4: =Pvt_Map_1[[#This Row],[Kode Barang Win]] -> F4012102040010
A5: F4012001048020 | B5: 050413200 | C5: PUMP | D5: 24 | E5: 1 | F5: =Pvt_Map_1[[#This Row],[Kode Barang Win]] -> F4012001048020
A6: F4012002048020 | B6: 050415200 | C6: PUMP | D6: 24 | E6: 1 | F6: =Pvt_Map_1[[#This Row],[Kode Barang Win]] -> F4012002048020
A7: F4013001007010 | B7: 040413100 | C7: PCS | D7: 72 | E7: 1 | F7: =Pvt_Map_1[[#This Row],[Kode Barang Win]] -> F4013001007010
A8: F4013002007010 | B8: 040415100 | C8: PCS | D8: 72 | E8: 1 | F8: =Pvt_Map_1[[#This Row],[Kode Barang Win]] -> F4013002007010
A9: F4021001010010 | B9: 040402200 | C9: PCS | D9: 72 | E9: 1 | F9: =Pvt_Map_1[[#This Row],[Kode Barang Win]] -> F4021001010010
A10: F4031101040010 | B10: 050703100 | C10: PUMP | D10: 24 | E10: 1 | F10: =Pvt_Map_1[[#This Row],[Kode Barang Win]] -> F4031101040010
A11: F4031102040020 | B11: 050702100 | C11: PCH | D11: 24 | E11: 1 | F11: =Pvt_Map_1[[#This Row],[Kode Barang Win]] -> F4031102040020
A12: F4031103040020 | B12: 050701100 | C12: PCH | D12: 24 | E12: 1 | F12: =Pvt_Map_1[[#This Row],[Kode Barang Win]] -> F4031103040020
A13: F4031001048030 | B13: 050703101 | C13: BTL | D13: 24 | E13: 1 | F13: =Pvt_Map_1[[#This Row],[Kode Barang Win]] -> F4031001048030
... A72: F4065002008011 | B72: 191701307 | C72: TUBE | D72: 48 | E72: 1 | F72: =Pvt_Map_1[[#This Row],[Kode Barang Win]] -> F4065002008011
A73: F4065002008011 | B73: 191703000 | C73: TUBE | D73: 48 | E73: 1 | F73: =Pvt_Map_1[[#This Row],[Kode Barang Win]] -> F4065002008011
A74: F4065003002010 | B74: 191702000 | C74: TUBE | D74: 12 | E74: 1 | F74: =Pvt_Map_1[[#This Row],[Kode Barang Win]] -> F4065003002010
A75: F4066001008010 | B75: 041716400 | C75: PCS | D75: 144 | E75: 1 | F75: =Pvt_Map_1[[#This Row],[Kode Barang Win]] -> F4066001008010
A76: F4066002008010 | B76: 041720400 | C76: PCS | D76: 144 | E76: 1 | F76: =Pvt_Map_1[[#This Row],[Kode Barang Win]] -> F4066002008010
A77: F4066003008010 | B77: 041717400 | C77: PCS | D77: 144 | E77: 1 | F77: =Pvt_Map_1[[#This Row],[Kode Barang Win]] -> F4066003008010
A78: F4066004008010 | B78: 041715400 | C78: PCS | D78: 144 | E78: 1 | F78: =Pvt_Map_1[[#This Row],[Kode Barang Win]] -> F4066004008010
A79: F4066005008010 | B79: 041718400 | C79: PCS | D79: 144 | E79: 1 | F79: =Pvt_Map_1[[#This Row],[Kode Barang Win]] -> F4066005008010
A80: F4066006008010 | B80: 041719400 | C80: PCS | D80: 144 | E80: 1 | F80: =Pvt_Map_1[[#This Row],[Kode Barang Win]] -> F4066006008010
A81: F4067101018010 | B81: 051706300 | C81: PCH | D81: 48 | E81: 1 | F81: =Pvt_Map_1[[#This Row],[Kode Barang Win]] -> F4067101018010
A82: F4067102018010 | B82: 051703300 | C82: PCH | D82: 48 | E82: 1 | F82: =Pvt_Map_1[[#This Row],[Kode Barang Win]] -> F4067102018010
A83: F4067103018010 | B83: 051704300 | C83: PCH | D83: 48 | E83: 1 | F83: =Pvt_Map_1[[#This Row],[Kode Barang Win]] -> F4067103018010
A84: F4067104018010 | B84: 051705300 | C84: PCH | D84: 48 | E84: 1 | F84: =Pvt_Map_1[[#This Row],[Kode Barang Win]] -> F4067104018010
A85: F4067005018010 | B85: 051702300 | C85: PCH | D85: 48 | E85: 1 | F85: =Pvt_Map_1[[#This Row],[Kode Barang Win]] -> F4067005018010
A86: F4067005048020 | B86: 051702800 | C86: PUMP | D86: 24 | E86: 1 | F86: =Pvt_Map_1[[#This Row],[Kode Barang Win]] -> F4067005048020
... A130: F4067011048020 | B130: 051705800 | C130: PUMP | D130: 24 | E130: 1 | F130: =Pvt_Map_1[[#This Row],[Kode Barang Win]] -> F4067011048020
A131: F4053004003020 | B131: 112603000 | C131: BTL | D131: 48 | E131: 1 | F131: =Pvt_Map_1[[#This Row],[Kode Barang Win]] -> F4053004003020
A132: F4053001003020 | B132: 112601000 | C132: BTL | D132: 48 | E132: 1 | F132: =Pvt_Map_1[[#This Row],[Kode Barang Win]] -> F4053001003020
A133: F4053002003020 | B133: 112604000 | C133: BTL | D133: 48 | E133: 1 | F133: =Pvt_Map_1[[#This Row],[Kode Barang Win]] -> F4053002003020
A134: F4053003003020 | B134: 112602000 | C134: BTL | D134: 48 | E134: 1 | F134: =Pvt_Map_1[[#This Row],[Kode Barang Win]] -> F4053003003020
A135: F4061104040011 | B135: 051701495 | C135: PCH | D135: 12 | E135: 1 | F135: =Pvt_Map_1[[#This Row],[Kode Barang Win]] -> F4061104040011
A136: F4061104040011 | B136: 051701012 | C136: PCH | D136: 12 | F136: =Pvt_Map_1[[#This Row],[Kode Barang Win]] -> F4061104040011
A137: F4061204042010 | B137: 051701400 | C137: PCH | D137: 24 | E137: 1 | F137: =Pvt_Map_1[[#This Row],[Kode Barang Win]] -> F4061204042010
A138: F4061301042010 | B138: 051702400 | C138: PCH | D138: 24 | E138: 1 | F138: =Pvt_Map_1[[#This Row],[Kode Barang Win]] -> F4061301042010
A139: F4061403042010 | B139: 051703400 | C139: PCH | D139: 24 | E139: 1 | F139: =Pvt_Map_1[[#This Row],[Kode Barang Win]] -> F4061403042010
A140: F4061510042010 | B140: 051704400 | C140: PCH | D140: 24 | E140: 1 | F140: =Pvt_Map_1[[#This Row],[Kode Barang Win]] -> F4061510042010
A141: F4061611042010 | B141: 051705400 | C141: PCH | D141: 24 | E141: 1 | F141: =Pvt_Map_1[[#This Row],[Kode Barang Win]] -> F4061611042010
A142: F4061702042010 | B142: 051706400 | C142: PCH | D142: 24 | E142: 1 | F142: =Pvt_Map_1[[#This Row],[Kode Barang Win]] -> F4061702042010
A143: F4061111040011 | B143: 051705401 | C143: PCH | D143: 24 | E143: 1 | F143: =Pvt_Map_1[[#This Row],[Kode Barang Win]] -> F4061111040011
A144: F40630050200111 | B144: 061703004 | C144: JAR | D144: 48 | E144: 1 | F144: =Pvt_Map_1[[#This Row],[Kode Barang Win]] -> F40630050200111
A145: F40630030200111 | B145: 061704003 | C145: JAR | D145: 48 | E145: 1 | F145: =Pvt_Map_1[[#This Row],[Kode Barang Win]] -> F40630030200111
A146: F40630060200111 | B146: 061705004 | C146: JAR | D146: 48 | E146: 1 | F146: =Pvt_Map_1[[#This Row],[Kode Barang Win]] -> F40630060200111
A147: F40630040200111 | B147: 061701003 | C147: JAR | D147: 48 | E147: 1 | F147: =Pvt_Map_1[[#This Row],[Kode Barang Win]] -> F40630040200111
A148: F40690010030121 | B148: 161702000 | C148: TUBE | D148: 48 | E148: 1 | F148: =Pvt_Map_1[[#This Row],[Kode Barang Win]] -> F40690010030121
A149: F4065001008012 | B149: 191702002 | C149: TUBE | D149: 48 | E149: 1 | F149: =Pvt_Map_1[[#This Row],[Kode Barang Win]] -> F4065001008012
A150: F4066004006010 | B150: (blank) | C150: PCS | D150: 72 | E150: 1 | F150: =Pvt_Map_1[[#This Row],[Kode Barang Win]] -> F4066004006010
A151: F4066003006010 | B151: (blank) | C151: PCS | D151: 72 | E151: 1 | F151: =Pvt_Map_1[[#This Row],[Kode Barang Win]] -> F4066003006010
A152: F4067005022530 | B152: 051702700 | C152: BTL | D152: 48 | E152: 1 | F152: =Pvt_Map_1[[#This Row],[Kode Barang Win]] -> F4067005022530
A153: F4067006022530 | B153: 051706700 | C153: BTL | D153: 48 | E153: 1 | F153: =Pvt_Map_1[[#This Row],[Kode Barang Win]] -> F4067006022530
A154: F4067009022530 | B154: 051704700 | C154: BTL | D154: 48 | E154: 1 | F154: =Pvt_Map_1[[#This Row],[Kode Barang Win]] -> F4067009022530
A155: F4067011022530 | B155: 051705700 | C155: BTL | D155: 48 | E155: 1 | F155: =Pvt_Map_1[[#This Row],[Kode Barang Win]] -> F4067011022530
A156: F4071103040011 | B156: 052506402 | C156: PCH | D156: 24 | E156: 1 | F156: =Pvt_Map_1[[#This Row],[Kode Barang Win]] -> F4071103040011
A157: F4071104040011 | B157: 052506602 | C157: PCH | D157: 24 | E157: 1 | F157: =Pvt_Map_1[[#This Row],[Kode Barang Win]] -> F4071104040011
A158: F40711020085101 | B158: 52506000 | C158: PCH | D158: 48 | E158: 1 | F158: =Pvt_Map_1[[#This Row],[Kode Barang Win]] -> F40711020085101
A159: F4071105040011 | B159: 052502402 | C159: PCH | D159: 24 | E159: 1 | F159: =Pvt_Map_1[[#This Row],[Kode Barang Win]] -> F4071105040011
A160: F4071106040011 | B160: 052506702 | C160: PCH | D160: 24 | E160: 1 | F160: =Pvt_Map_1[[#This Row],[Kode Barang Win]] -> F4071106040011
A161: F4073005008010 | B161: 042501102 | C161: PCS | D161: 72 | E161: 1 | F161: =Pvt_Map_1[[#This Row],[Kode Barang Win]] -> F4073005008010
A162: F4073208007020 | B162: 042502500 | C162: PACK | D162: 18 | E162: 1 | F162: =Pvt_Map_1[[#This Row],[Kode Barang Win]] -> F4073208007020
A163: F4073208007020 | B163: 042502501 | C163: PACK | D163: 18 | E163: 2 | F163: =Pvt_Map_1[[#This Row],[Kode Barang Win]] -> F4073208007020
A164: F4073208006020 | B164: 042502503 | C164: PACK | D164: 18 | E164: 3 | F164: =Pvt_Map_1[[#This Row],[Kode Barang Win]] -> F4073208006020
A165: F4073101007010 | B165: 042501702 | C165: BOX | D165: 6 | E165: 1 | F165: =Pvt_Map_1[[#This Row],[Kode Barang Win]] -> F4073101007010
A166: F4073101007010 | B166: (blank) | C166: BOX | D166: 12 | E166: 1 | F166: =Pvt_Map_1[[#This Row],[Kode Barang Win]] -> F4073101007010
A167: F4073101007010N | B167: 042501703 | C167: BOX | D167: 6 | E167: 1 | F167: =Pvt_Map_1[[#This Row],[Kode Barang Win]] -> F4073101007010N
A168: F4031101040020 | B168: 050703100 | C168: PCH | D168: 24 | E168: 1 | F168: =Pvt_Map_1[[#This Row],[Kode Barang Win]] -> F4031101040020
A169: F4041002000930 | B169: 070702000 | C169: PCSX10 | D169: 48 RCG | E169: 3 | F169: =Pvt_Map_1[[#This Row],[Kode Barang Win]] -> F4041002000930
A170: F4041003000930 | B170: 070701000 | C170: PCSX10 | D170: 48 RCG | E170: 2 | F170: =Pvt_Map_1[[#This Row],[Kode Barang Win]] -> F4041003000930
A171: F4061111150010 | B171: 051705000 | C171: PCH | D171: 6 | E171: 1 | F171: =Pvt_Map_1[[#This Row],[Kode Barang Win]] -> F4061111150010
A172: F4061001005010 | B172: 101701006 | C172: BTL | D172: 48 | E172: 1 | F172: =Pvt_Map_1[[#This Row],[Kode Barang Win]] -> F4061001005010
A173: F4065001002020 | B173: 191702001 | C173: PCS | D173: 120 | E173: 1 | F173: =Pvt_Map_1[[#This Row],[Kode Barang Win]] -> F4065001002020
A174: F4065001002020 | B174: 191702003 | C174: PCS | D174: 120 | E174: 2 | F174: =Pvt_Map_1[[#This Row],[Kode Barang Win]] -> F4065001002020
A175: F4066004006020 | B175: 041701000 | C175: PACK | D175: 24 | E175: 1 | F175: =Pvt_Map_1[[#This Row],[Kode Barang Win]] -> F4066004006020
A176: F4066003006020 | B176: 041703000 | C176: PACK | D176: 24 | E176: 1 | F176: =Pvt_Map_1[[#This Row],[Kode Barang Win]] -> F4066003006020
A177: F4071103080010 | B177: 052501800 | C177: PCH | D177: 12 | E177: 1 | F177: =Pvt_Map_1[[#This Row],[Kode Barang Win]] -> F4071103080010
A178: F4062005021010 | B178: 071704302 | C178: BTL | D178: 48 | E178: 1 | F178: =Pvt_Map_1[[#This Row],[Kode Barang Win]] -> F4062005021010
A179: F40610001030010 | B179: 171701001 | C179: BTL | D179: 24 | E179: 1 | F179: =Pvt_Map_1[[#This Row],[Kode Barang Win]] -> F40610001030010
A180: F40610001015010 | B180: 171701000 | C180: BTL | D180: 48 | E180: 1 | F180: =Pvt_Map_1[[#This Row],[Kode Barang Win]] -> F40610001015010
A181: F4064001026010 | B181: 081722200 | C181: TUBE | D181: 48 | E181: 1 | F181: =Pvt_Map_1[[#This Row],[Kode Barang Win]] -> F4064001026010
A182: F4065002008012 | B182: (blank) | C182: TUBE | D182: (blank) | E182: 1 | F182: =Pvt_Map_1[[#This Row],[Kode Barang Win]] -> F4065002008012
A183: F4065003002013 | B183: 191704000 | C183: TOPLES | D183: 12 | E183: 1 | F183: =Pvt_Map_1[[#This Row],[Kode Barang Win]] -> F4065003002013
A184: F4065004008020 | B184: 191701700 | C184: PCS | D184: 48 | E184: 1 | F184: =Pvt_Map_1[[#This Row],[Kode Barang Win]] -> F4065004008020
A185: F4066003006013 | B185: 041703100 | C185: PCS | D185: 72 | E185: 1 | F185: =Pvt_Map_1[[#This Row],[Kode Barang Win]] -> F4066003006013
A186: F4066006006020 | B186: 041702001 | C186: PACK | D186: 24 | E186: 1 | F186: =Pvt_Map_1[[#This Row],[Kode Barang Win]] -> F4066006006020
A187: F40611001001010 | B187: 131702001 | C187: TUBE | D187: 120 | E187: 1 | F187: =Pvt_Map_1[[#This Row],[Kode Barang Win]] -> F40611001001010
A188: F40611002001010 | B188: 131703001 | C188: TUBE | D188: 120 | E188: 1 | F188: =Pvt_Map_1[[#This Row],[Kode Barang Win]] -> F40611002001010
A189: F4071103038010 | B189: 052501004 | C189: PCH | D189: 24 | E189: 1 | F189: =Pvt_Map_1[[#This Row],[Kode Barang Win]] -> F4071103038010
A190: F4071104038010 | B190: 052503002 | C190: PCH | D190: 24 | E190: 1 | F190: =Pvt_Map_1[[#This Row],[Kode Barang Win]] -> F4071104038010
B191: (blank) | C191: 0 | D191: (blank) | F191: =Pvt_Map_1[[#This Row],[Kode Barang Win]]
A192: F4062005010010 | B192: 071704204 | C192: BTL | D192: 48 | F192: =Pvt_Map_1[[#This Row],[Kode Barang Win]] -> F4062005010010
A193: F4068002001520 | B193: 101701008 | C193: JAR | D193: 96 | E193: 1 | F193: =Pvt_Map_1[[#This Row],[Kode Barang Win]] -> F4068002001520

Sheet Fix Mapping
A1: KODE BARANG | B1: NAMA BARANG | C1: ISI/CTN | D1: SATUAN | E1: NAMA KELOMPOK | F1: Harga Beli Pcs (-PPN) | G1: Harga Beli Krt (- PPN) | H1: Harga Beli Pcs (+PPN) | I1: Harga Beli Krt (+PPN) | J1: Harga Jual Pcs GT (-PPN) | K1: Harga Jual Krt GT (- PPN) | L1: Harga Jual Pcs GT (+PPN | M1: Harga Jual Krt GT (+PPN) | N1: Harga Jual Pcs MT (-PPN) | O1: Harga Jual Krt MT (- PPN) | P1: Harga Jual Pcs MT (+PPN) | Q1: Harga Jual Krt MT (+PPN) | R1: NAMA PRINCIPLE | S1: PCPL KODE 1 | T1: PCPL KODE 2 | U1: PCPL KODE 3 | V1: PCPL KODE 4 | W1: PCPL KODE 5
A2: F4011100007010 | B2: DERMYTHOL BAR LUNCH 70G X 6 BOX | C2: 6 | D2: BOX | E2: DERMYTHOL BAR | F2: 30029.189 | G2: 180175.14 | H2: 33332.4 | I2: 199994.4 | J2: 32432.432 | K2: 194594.59 | L2: 36000 | M2: 216000 | O2: 0 | P2: 0 | Q2: 0 | R2: PT. FOKUS RITEL NUSAPRIMA | S2: =IFERROR(VLOOKUP(CONCATENATE(Fix_Mapping[[#This Row],[KODE BARANG]],1),'Form Fix'!$A$6:$F$286,4,0),0) -> 040411111 | T2: =IFERROR(VLOOKUP(CONCATENATE(Fix_Mapping[[#This Row],[KODE BARANG]],2),'Form Fix'!$A$6:$F$286,4,0),0) -> 0 | U2: =IFERROR(VLOOKUP(CONCATENATE(Fix_Mapping[[#This Row],[KODE BARANG]],3),'Form Fix'!$A$6:$F$286,4,0),0) -> 0 | V2: =IFERROR(VLOOKUP(CONCATENATE(Fix_Mapping[[#This Row],[KODE BARANG]],4),'Form Fix'!$A$6:$F$286,4,0),0) -> 0 | W2: =IFERROR(VLOOKUP(CONCATENATE(Fix_Mapping[[#This Row],[KODE BARANG]],5),'Form Fix'!$A$6:$F$286,4,0),0) -> 0
A3: F4012101040010 | B3: DERMYTHOL BCL REF HYGIENIC BIO SLFR 400ML X 24 PCH | C3: 24 | D3: PCH | E3: DERMYTHOL BCL | F3: 21937.991 | G3: 526511.78 | H3: 24351.17 | I3: 584428.08 | J3: 23693.694 | K3: 568648.65 | L3: 26300 | M3: 631200 | O3: 0 | P3: 0 | Q3: 0 | R3: PT. FOKUS RITEL NUSAPRIMA | S3: =IFERROR(VLOOKUP(CONCATENATE(Fix_Mapping[[#This Row],[KODE BARANG]],1),'Form Fix'!$A$6:$F$286,4,0),0) -> 050413100 | T3: =IFERROR(VLOOKUP(CONCATENATE(Fix_Mapping[[#This Row],[KODE BARANG]],2),'Form Fix'!$A$6:$F$286,4,0),0) -> 0 | U3: =IFERROR(VLOOKUP(CONCATENATE(Fix_Mapping[[#This Row],[KODE BARANG]],3),'Form Fix'!$A$6:$F$286,4,0),0) -> 0 | V3: =IFERROR(VLOOKUP(CONCATENATE(Fix_Mapping[[#This Row],[KODE BARANG]],4),'Form Fix'!$A$6:$F$286,4,0),0) -> 0 | W3: =IFERROR(VLOOKUP(CONCATENATE(Fix_Mapping[[#This Row],[KODE BARANG]],5),'Form Fix'!$A$6:$F$286,4,0),0) -> 0
A4: F4012102040010 | B4: DERMYTHOL BCL REF HYGIENIC PROTECT 400ML X 24 PCH | C4: 24 | D4: PCH | E4: DERMYTHOL BCL | F4: 21937.991 | G4: 526511.78 | H4: 24351.17 | I4: 584428.08 | J4: 23693.694 | K4: 568648.65 | L4: 26300 | M4: 631200 | O4: 0 | P4: 0 | Q4: 0 | R4: PT. FOKUS RITEL NUSAPRIMA | S4: =IFERROR(VLOOKUP(CONCATENATE(Fix_Mapping[[#This Row],[KODE BARANG]],1),'Form Fix'!$A$6:$F$286,4,0),0) -> 050415100 | T4: =IFERROR(VLOOKUP(CONCATENATE(Fix_Mapping[[#This Row],[KODE BARANG]],2),'Form Fix'!$A$6:$F$286,4,0),0) -> 0 | U4: =IFERROR(VLOOKUP(CONCATENATE(Fix_Mapping[[#This Row],[KODE BARANG]],3),'Form Fix'!$A$6:$F$286,4,0),0) -> 0 | V4: =IFERROR(VLOOKUP(CONCATENATE(Fix_Mapping[[#This Row],[KODE BARANG]],4),'Form Fix'!$A$6:$F$286,4,0),0) -> 0 | W4: =IFERROR(VLOOKUP(CONCATENATE(Fix_Mapping[[#This Row],[KODE BARANG]],5),'Form Fix'!$A$6:$F$286,4,0),0) -> 0
A5: F4012001048020 | B5: DERMYTHOL BCL HYGIENIC BIO SULFUR 480ML X 24 PUMP | C5: 24 | D5: PUMP | E5: DERMYTHOL BCL | F5: 35034.054 | G5: 840817.3 | H5: 38887.8 | I5: 933307.2 | J5: 37837.838 | K5: 908108.11 | L5: 42000 | M5: 1008000 | O5: 0 | P5: 0 | Q5: 0 | R5: PT. FOKUS RITEL NUSAPRIMA | S5: =IFERROR(VLOOKUP(CONCATENATE(Fix_Mapping[[#This Row],[KODE BARANG]],1),'Form Fix'!$A$6:$F$286,4,0),0) -> 050413200 | T5: =IFERROR(VLOOKUP(CONCATENATE(Fix_Mapping[[#This Row],[KODE BARANG]],2),'Form Fix'!$A$6:$F$286,4,0),0) -> 0 | U5: =IFERROR(VLOOKUP(CONCATENATE(Fix_Mapping[[#This Row],[KODE BARANG]],3),'Form Fix'!$A$6:$F$286,4,0),0) -> 0 | V5: =IFERROR(VLOOKUP(CONCATENATE(Fix_Mapping[[#This Row],[KODE BARANG]],4),'Form Fix'!$A$6:$F$286,4,0),0) -> 0 | W5: =IFERROR(VLOOKUP(CONCATENATE(Fix_Mapping[[#This Row],[KODE BARANG]],5),'Form Fix'!$A$6:$F$286,4,0),0) -> 0
A6: F4012002048020 | B6: DERMYTHOL BCL HYGIENIC PROTECT 480ML X 24 PUMP | C6: 24 | D6: PUMP | E6: DERMYTHOL BCL | F6: 35034.054 | G6: 840817.3 | H6: 38887.8 | I6: 933307.2 | J6: 37837.838 | K6: 908108.11 | L6: 42000 | M6: 1008000 | O6: 0 | P6: 0 | Q6: 0 | R6: PT. FOKUS RITEL NUSAPRIMA | S6: =IFERROR(VLOOKUP(CONCATENATE(Fix_Mapping[[#This Row],[KODE BARANG]],1),'Form Fix'!$A$6:$F$286,4,0),0) -> 050415200 | T6: =IFERROR(VLOOKUP(CONCATENATE(Fix_Mapping[[#This Row],[KODE BARANG]],2),'Form Fix'!$A$6:$F$286,4,0),0) -> 0 | U6: =IFERROR(VLOOKUP(CONCATENATE(Fix_Mapping[[#This Row],[KODE BARANG]],3),'Form Fix'!$A$6:$F$286,4,0),0) -> 0 | V6: =IFERROR(VLOOKUP(CONCATENATE(Fix_Mapping[[#This Row],[KODE BARANG]],4),'Form Fix'!$A$6:$F$286,4,0),0) -> 0 | W6: =IFERROR(VLOOKUP(CONCATENATE(Fix_Mapping[[#This Row],[KODE BARANG]],5),'Form Fix'!$A$6:$F$286,4,0),0) -> 0
A7: F4013001007010 | B7: DERMYTHOL SABUN HYGIENIC BIO SULFUR 70G X 72 PCS | C7: 72 | D7: PCS | E7: DERMYTHOL SABUN | F7: 2585.8468 | G7: 186180.97 | H7: 2870.29 | I7: 206660.88 | J7: 2792.7928 | K7: 201081.08 | L7: 3100 | M7: 223200 | O7: 0 | P7: 0 | Q7: 0 | R7: PT. FOKUS RITEL NUSAPRIMA | S7: =IFERROR(VLOOKUP(CONCATENATE(Fix_Mapping[[#This Row],[KODE BARANG]],1),'Form Fix'!$A$6:$F$286,4,0),0) -> 040413100 | T7: =IFERROR(VLOOKUP(CONCATENATE(Fix_Mapping[[#This Row],[KODE BARANG]],2),'Form Fix'!$A$6:$F$286,4,0),0) -> 0 | U7: =IFERROR(VLOOKUP(CONCATENATE(Fix_Mapping[[#This Row],[KODE BARANG]],3),'Form Fix'!$A$6:$F$286,4,0),0) -> 0 | V7: =IFERROR(VLOOKUP(CONCATENATE(Fix_Mapping[[#This Row],[KODE BARANG]],4),'Form Fix'!$A$6:$F$286,4,0),0) -> 0 | W7: =IFERROR(VLOOKUP(CONCATENATE(Fix_Mapping[[#This Row],[KODE BARANG]],5),'Form Fix'!$A$6:$F$286,4,0),0) -> 0
A8: F4013002007010 | B8: DERMYTHOL SABUN HYGIENIC PROTECT 70G X 72 PCS | C8: 72 | D8: PCS | E8: DERMYTHOL SABUN | F8: 2585.8468 | G8: 186180.97 | H8: 2870.29 | I8: 206660.88 | J8: 2792.7928 | K8: 201081.08 | L8: 3100 | M8: 223200 | O8: 0 | P8: 0 | Q8: 0 | R8: PT. FOKUS RITEL NUSAPRIMA | S8: =IFERROR(VLOOKUP(CONCATENATE(Fix_Mapping[[#This Row],[KODE BARANG]],1),'Form Fix'!$A$6:$F$286,4,0),0) -> 040415100 | T8: =IFERROR(VLOOKUP(CONCATENATE(Fix_Mapping[[#This Row],[KODE BARANG]],2),'Form Fix'!$A$6:$F$286,4,0),0) -> 0 | U8: =IFERROR(VLOOKUP(CONCATENATE(Fix_Mapping[[#This Row],[KODE BARANG]],3),'Form Fix'!$A$6:$F$286,4,0),0) -> 0 | V8: =IFERROR(VLOOKUP(CONCATENATE(Fix_Mapping[[#This Row],[KODE BARANG]],4),'Form Fix'!$A$6:$F$286,4,0),0) -> 0 | W8: =IFERROR(VLOOKUP(CONCATENATE(Fix_Mapping[[#This Row],[KODE BARANG]],5),'Form Fix'!$A$6:$F$286,4,0),0) -> 0
A9: F4021001010010 | B9: DREAM SABUN PAPAYA 100G X 72 PCS | C9: 72 | D9: PCS | E9: DREAM SABUN | F9: 7507.2973 | G9: 540525.41 | H9: 8333.1 | I9: 599983.2 | J9: 8108.1081 | K9: 583783.78 | L9: 9000 | M9: 648000 | O9: 0 | P9: 0 | Q9: 0 | R9: PT. FOKUS RITEL NUSAPRIMA | S9: =IFERROR(VLOOKUP(CONCATENATE(Fix_Mapping[[#This Row],[KODE BARANG]],1),'Form Fix'!$A$6:$F$286,4,0),0) -> 040402200 | T9: =IFERROR(VLOOKUP(CONCATENATE(Fix_Mapping[[#This Row],[KODE BARANG]],2),'Form Fix'!$A$6:$F$286,4,0),0) -> 0 | U9: =IFERROR(VLOOKUP(CONCATENATE(Fix_Mapping[[#This Row],[KODE BARANG]],3),'Form Fix'!$A$6:$F$286,4,0),0) -> 0 | V9: =IFERROR(VLOOKUP(CONCATENATE(Fix_Mapping[[#This Row],[KODE BARANG]],4),'Form Fix'!$A$6:$F$286,4,0),0) -> 0 | W9: =IFERROR(VLOOKUP(CONCATENATE(Fix_Mapping[[#This Row],[KODE BARANG]],5),'Form Fix'!$A$6:$F$286,4,0),0) -> 0
A10: F4031101040010 | B10: GRDN OF NA EEM BCL REF MDNGHT GRDN 400ML X 24 PUMP | C10: 24 | D10: PUMP | E10: GRDN OF NA EEM BCL | F10: 19685.802 | G10: 472459.24 | H10: 21851.24 | I10: 524429.76 | J10: 21261.261 | K10: 510270.27 | L10: 23600 | M10: 566400 | O10: 0 | P10: 0 | Q10: 0 | R10: PT. FOKUS RITEL NUSAPRIMA | S10: =IFERROR(VLOOKUP(CONCATENATE(Fix_Mapping[[#This Row],[KODE BARANG]],1),'Form Fix'!$A$6:$F$286,4,0),0) -> 050703100 | T10: =IFERROR(VLOOKUP(CONCATENATE(Fix_Mapping[[#This Row],[KODE BARANG]],2),'Form Fix'!$A$6:$F$286,4,0),0) -> 0 | U10: =IFERROR(VLOOKUP(CONCATENATE(Fix_Mapping[[#This Row],[KODE BARANG]],3),'Form Fix'!$A$6:$F$286,4,0),0) -> 0 | V10: =IFERROR(VLOOKUP(CONCATENATE(Fix_Mapping[[#This Row],[KODE BARANG]],4),'Form Fix'!$A$6:$F$286,4,0),0) -> 0 | W10: =IFERROR(VLOOKUP(CONCATENATE(Fix_Mapping[[#This Row],[KODE BARANG]],5),'Form Fix'!$A$6:$F$286,4,0),0) -> 0
A11: F4031102040020 | B11: GRDN OF NA EEM BCL REF ROYAL JASMNE 400ML X 24 PCH | C11: 24 | D11: PCH | E11: GRDN OF NA EEM BCL | F11: 19685.802 | G11: 472459.24 | H11: 21851.24 | I11: 524429.76 | J11: 21261.261 | K11: 510270.27 | L11: 23600 | M11: 566400 | O11: 0 | P11: 0 | Q11: 0 | R11: PT. FOKUS RITEL NUSAPRIMA | S11: =IFERROR(VLOOKUP(CONCATENATE(Fix_Mapping[[#This Row],[KODE BARANG]],1),'Form Fix'!$A$6:$F$286,4,0),0) -> 050702100 | T11: =IFERROR(VLOOKUP(CONCATENATE(Fix_Mapping[[#This Row],[KODE BARANG]],2),'Form Fix'!$A$6:$F$286,4,0),0) -> 0 | U11: =IFERROR(VLOOKUP(CONCATENATE(Fix_Mapping[[#This Row],[KODE BARANG]],3),'Form Fix'!$A$6:$F$286,4,0),0) -> 0 | V11: =IFERROR(VLOOKUP(CONCATENATE(Fix_Mapping[[#This Row],[KODE BARANG]],4),'Form Fix'!$A$6:$F$286,4,0),0) -> 0 | W11: =IFERROR(VLOOKUP(CONCATENATE(Fix_Mapping[[#This Row],[KODE BARANG]],5),'Form Fix'!$A$6:$F$286,4,0),0) -> 0
A12: F4031103040020 | B12: GRDN OF NA EEM BCL REF TAIFI ROSE 400ML X 24 PCH | C12: 24 | D12: PCH | E12: GRDN OF NA EEM BCL | F12: 19685.802 | G12: 472459.24 | H12: 21851.24 | I12: 524429.76 | J12: 21261.261 | K12: 510270.27 | L12: 23600 | M12: 566400 | O12: 0 | P12: 0 | Q12: 0 | R12: PT. FOKUS RITEL NUSAPRIMA | S12: =IFERROR(VLOOKUP(CONCATENATE(Fix_Mapping[[#This Row],[KODE BARANG]],1),'Form Fix'!$A$6:$F$286,4,0),0) -> 050701100 | T12: =IFERROR(VLOOKUP(CONCATENATE(Fix_Mapping[[#This Row],[KODE BARANG]],2),'Form Fix'!$A$6:$F$286,4,0),0) -> 0 | U12: =IFERROR(VLOOKUP(CONCATENATE(Fix_Mapping[[#This Row],[KODE BARANG]],3),'Form Fix'!$A$6:$F$286,4,0),0) -> 0 | V12: =IFERROR(VLOOKUP(CONCATENATE(Fix_Mapping[[#This Row],[KODE BARANG]],4),'Form Fix'!$A$6:$F$286,4,0),0) -> 0 | W12: =IFERROR(VLOOKUP(CONCATENATE(Fix_Mapping[[#This Row],[KODE BARANG]],5),'Form Fix'!$A$6:$F$286,4,0),0) -> 0
A13: F4031001048030 | B13: GRDN OF NA EEM BCL MDNGHT GRDN 480ML X 24 BTL | C13: 24 | D13: BTL | E13: GRDN OF NA EEM BCL | F13: 28360.901 | G13: 680661.62 | H13: 31480.6 | I13: 755534.4 | J13: 30630.631 | K13: 735135.14 | L13: 34000 | M13: 816000 | O13: 0 | P13: 0 | Q13: 0 | R13: PT. FOKUS RITEL NUSAPRIMA | S13: =IFERROR(VLOOKUP(CONCATENATE(Fix_Mapping[[#This Row],[KODE BARANG]],1),'Form Fix'!$A$6:$F$286,4,0),0) -> 050703101 | T13: =IFERROR(VLOOKUP(CONCATENATE(Fix_Mapping[[#This Row],[KODE BARANG]],2),'Form Fix'!$A$6:$F$286,4,0),0) -> 0 | U13: =IFERROR(VLOOKUP(CONCATENATE(Fix_Mapping[[#This Row],[KODE BARANG]],3),'Form Fix'!$A$6:$F$286,4,0),0) -> 0 | V13: =IFERROR(VLOOKUP(CONCATENATE(Fix_Mapping[[#This Row],[KODE BARANG]],4),'Form Fix'!$A$6:$F$286,4,0),0) -> 0 | W13: =IFERROR(VLOOKUP(CONCATENATE(Fix_Mapping[[#This Row],[KODE BARANG]],5),'Form Fix'!$A$6:$F$286,4,0),0) -> 0
... A125: F4072003048020 | B125: ZEN BODY WSH SHISO & SULPHUR 480ML X 24 PUMP | C125: 24 | D125: PUMP | E125: ZEN BODY WSH | F125: 31697.477 | G125: 760739.46 | H125: 35184.2 | I125: 844420.8 | J125: 34234.234 | K125: 821621.62 | L125: 38000 | M125: 912000 | O125: 0 | P125: 0 | Q125: 0 | R125: PT. FOKUS RITEL NUSAPRIMA | S125: =IFERROR(VLOOKUP(CONCATENATE(Fix_Mapping[[#This Row],[KODE BARANG]],1),'Form Fix'!$A$6:$F$286,4,0),0) -> 052505500 | T125: =IFERROR(VLOOKUP(CONCATENATE(Fix_Mapping[[#This Row],[KODE BARANG]],2),'Form Fix'!$A$6:$F$286,4,0),0) -> 0 | U125: =IFERROR(VLOOKUP(CONCATENATE(Fix_Mapping[[#This Row],[KODE BARANG]],3),'Form Fix'!$A$6:$F$286,4,0),0) -> 0 | V125: =IFERROR(VLOOKUP(CONCATENATE(Fix_Mapping[[#This Row],[KODE BARANG]],4),'Form Fix'!$A$6:$F$286,4,0),0) -> 0 | W125: =IFERROR(VLOOKUP(CONCATENATE(Fix_Mapping[[#This Row],[KODE BARANG]],5),'Form Fix'!$A$6:$F$286,4,0),0) -> 0
A126: F4073101007010 | B126: ZEN SABUN LUNCH MIX 70G X 6 BOX | C126: 6 | D126: BOX | E126: ZEN SABUN | G126: 0 | H126: 0 | I126: 0 | K126: 0 | L126: 0 | M126: 0 | O126: 0 | P126: 0 | Q126: 0 | S126: =IFERROR(VLOOKUP(CONCATENATE(Fix_Mapping[[#This Row],[KODE BARANG]],1),'Form Fix'!$A$6:$F$286,4,0),0) -> 042501702 | T126: =IFERROR(VLOOKUP(CONCATENATE(Fix_Mapping[[#This Row],[KODE BARANG]],2),'Form Fix'!$A$6:$F$286,4,0),0) -> 0 | U126: =IFERROR(VLOOKUP(CONCATENATE(Fix_Mapping[[#This Row],[KODE BARANG]],3),'Form Fix'!$A$6:$F$286,4,0),0) -> 0 | V126: =IFERROR(VLOOKUP(CONCATENATE(Fix_Mapping[[#This Row],[KODE BARANG]],4),'Form Fix'!$A$6:$F$286,4,0),0) -> 0 | W126: =IFERROR(VLOOKUP(CONCATENATE(Fix_Mapping[[#This Row],[KODE BARANG]],5),'Form Fix'!$A$6:$F$286,4,0),0) -> 0
A127: F4073002006010 | B127: ZEN SABUN SHINSO & SULPHUR 60G X 72 PCS | C127: 72 | D127: PCS | E127: ZEN SABUN | F127: 2836.0901 | G127: 204198.49 | H127: 3148.06 | I127: 226660.32 | J127: 3063.0631 | K127: 220540.54 | L127: 3400 | M127: 244800 | O127: 0 | P127: 0 | Q127: 0 | R127: PT. FOKUS RITEL NUSAPRIMA | S127: =IFERROR(VLOOKUP(CONCATENATE(Fix_Mapping[[#This Row],[KODE BARANG]],1),'Form Fix'!$A$6:$F$286,4,0),0) -> 042505001 | T127: =IFERROR(VLOOKUP(CONCATENATE(Fix_Mapping[[#This Row],[KODE BARANG]],2),'Form Fix'!$A$6:$F$286,4,0),0) -> 0 | U127: =IFERROR(VLOOKUP(CONCATENATE(Fix_Mapping[[#This Row],[KODE BARANG]],3),'Form Fix'!$A$6:$F$286,4,0),0) -> 0 | V127: =IFERROR(VLOOKUP(CONCATENATE(Fix_Mapping[[#This Row],[KODE BARANG]],4),'Form Fix'!$A$6:$F$286,4,0),0) -> 0 | W127: =IFERROR(VLOOKUP(CONCATENATE(Fix_Mapping[[#This Row],[KODE BARANG]],5),'Form Fix'!$A$6:$F$286,4,0),0) -> 0
A128: F4073003007020 | B128: ZEN SABUN SHISO & ECHINACEA 70G X 24 PACK | C128: 24 | D128: PACK | E128: ZEN SABUN | F128: 7340.4685 | G128: 176171.24 | H128: 8147.92 | I128: 195550.08 | J128: 7927.9279 | K128: 190270.27 | L128: 8800 | M128: 211200 | O128: 0 | P128: 0 | Q128: 0 | R128: PT. FOKUS RITEL NUSAPRIMA | S128: =IFERROR(VLOOKUP(CONCATENATE(Fix_Mapping[[#This Row],[KODE BARANG]],1),'Form Fix'!$A$6:$F$286,4,0),0) -> 042505800 | T128: =IFERROR(VLOOKUP(CONCATENATE(Fix_Mapping[[#This Row],[KODE BARANG]],2),'Form Fix'!$A$6:$F$286,4,0),0) -> 042504004 | U128: =IFERROR(VLOOKUP(CONCATENATE(Fix_Mapping[[#This Row],[KODE BARANG]],3),'Form Fix'!$A$6:$F$286,4,0),0) -> 0 | V128: =IFERROR(VLOOKUP(CONCATENATE(Fix_Mapping[[#This Row],[KODE BARANG]],4),'Form Fix'!$A$6:$F$286,4,0),0) -> 0 | W128: =IFERROR(VLOOKUP(CONCATENATE(Fix_Mapping[[#This Row],[KODE BARANG]],5),'Form Fix'!$A$6:$F$286,4,0),0) -> 0
A129: F4073004007020 | B129: ZEN SABUN SHISO & JUNIPER BERRIES 70G X 24 PACK | C129: 24 | D129: PACK | E129: ZEN SABUN | F129: 7340.4685 | G129: 176171.24 | H129: 8147.92 | I129: 195550.08 | J129: 7927.9279 | K129: 190270.27 | L129: 8800 | M129: 211200 | O129: 0 | P129: 0 | Q129: 0 | R129: PT. FOKUS RITEL NUSAPRIMA | S129: =IFERROR(VLOOKUP(CONCATENATE(Fix_Mapping[[#This Row],[KODE BARANG]],1),'Form Fix'!$A$6:$F$286,4,0),0) -> 042506800 | T129: =IFERROR(VLOOKUP(CONCATENATE(Fix_Mapping[[#This Row],[KODE BARANG]],2),'Form Fix'!$A$6:$F$286,4,0),0) -> 042506008 | U129: =IFERROR(VLOOKUP(CONCATENATE(Fix_Mapping[[#This Row],[KODE BARANG]],3),'Form Fix'!$A$6:$F$286,4,0),0) -> 042506012 | V129: =IFERROR(VLOOKUP(CONCATENATE(Fix_Mapping[[#This Row],[KODE BARANG]],4),'Form Fix'!$A$6:$F$286,4,0),0) -> 0 | W129: =IFERROR(VLOOKUP(CONCATENATE(Fix_Mapping[[#This Row],[KODE BARANG]],5),'Form Fix'!$A$6:$F$286,4,0),0) -> 0
A130: F4073005007020 | B130: ZEN SABUN SHISO & SANDALWOOD 70G X 24 PACK | C130: 24 | D130: PACK | E130: ZEN SABUN | F130: 7340.4685 | G130: 176171.24 | H130: 8147.92 | I130: 195550.08 | J130: 7927.9279 | K130: 190270.27 | L130: 8800 | M130: 211200 | O130: 0 | P130: 0 | Q130: 0 | R130: PT. FOKUS RITEL NUSAPRIMA | S130: =IFERROR(VLOOKUP(CONCATENATE(Fix_Mapping[[#This Row],[KODE BARANG]],1),'Form Fix'!$A$6:$F$286,4,0),0) -> 042501800 | T130: =IFERROR(VLOOKUP(CONCATENATE(Fix_Mapping[[#This Row],[KODE BARANG]],2),'Form Fix'!$A$6:$F$286,4,0),0) -> 042501008 | U130: =IFERROR(VLOOKUP(CONCATENATE(Fix_Mapping[[#This Row],[KODE BARANG]],3),'Form Fix'!$A$6:$F$286,4,0),0) -> 042501011 | V130: =IFERROR(VLOOKUP(CONCATENATE(Fix_Mapping[[#This Row],[KODE BARANG]],4),'Form Fix'!$A$6:$F$286,4,0),0) -> 0 | W130: =IFERROR(VLOOKUP(CONCATENATE(Fix_Mapping[[#This Row],[KODE BARANG]],5),'Form Fix'!$A$6:$F$286,4,0),0) -> 0
A131: F4073006007020 | B131: ZEN SABUN SHISO & SEA SALT 70G X 24 PACK | C131: 24 | D131: PACK | E131: ZEN SABUN | F131: 7340.4685 | G131: 176171.24 | H131: 8147.92 | I131: 195550.08 | J131: 7927.9279 | K131: 190270.27 | L131: 8800 | M131: 211200 | O131: 0 | P131: 0 | Q131: 0 | R131: PT. FOKUS RITEL NUSAPRIMA | S131: =IFERROR(VLOOKUP(CONCATENATE(Fix_Mapping[[#This Row],[KODE BARANG]],1),'Form Fix'!$A$6:$F$286,4,0),0) -> 042502800 | T131: =IFERROR(VLOOKUP(CONCATENATE(Fix_Mapping[[#This Row],[KODE BARANG]],2),'Form Fix'!$A$6:$F$286,4,0),0) -> 042503004 | U131: =IFERROR(VLOOKUP(CONCATENATE(Fix_Mapping[[#This Row],[KODE BARANG]],3),'Form Fix'!$A$6:$F$286,4,0),0) -> 0 | V131: =IFERROR(VLOOKUP(CONCATENATE(Fix_Mapping[[#This Row],[KODE BARANG]],4),'Form Fix'!$A$6:$F$286,4,0),0) -> 0 | W131: =IFERROR(VLOOKUP(CONCATENATE(Fix_Mapping[[#This Row],[KODE BARANG]],5),'Form Fix'!$A$6:$F$286,4,0),0) -> 0
A132: F4073007007020 | B132: ZEN SABUN SHISO & SULPHUR 70G X 24 PACK | C132: 24 | D132: PACK | E132: ZEN SABUN | F132: 7340.4685 | G132: 176171.24 | H132: 8147.92 | I132: 195550.08 | J132: 7927.9279 | K132: 190270.27 | L132: 8800 | M132: 211200 | O132: 0 | P132: 0 | Q132: 0 | R132: PT. FOKUS RITEL NUSAPRIMA | S132: =IFERROR(VLOOKUP(CONCATENATE(Fix_Mapping[[#This Row],[KODE BARANG]],1),'Form Fix'!$A$6:$F$286,4,0),0) -> 042503800 | T132: =IFERROR(VLOOKUP(CONCATENATE(Fix_Mapping[[#This Row],[KODE BARANG]],2),'Form Fix'!$A$6:$F$286,4,0),0) -> 042505005 | U132: =IFERROR(VLOOKUP(CONCATENATE(Fix_Mapping[[#This Row],[KODE BARANG]],3),'Form Fix'!$A$6:$F$286,4,0),0) -> 0 | V132: =IFERROR(VLOOKUP(CONCATENATE(Fix_Mapping[[#This Row],[KODE BARANG]],4),'Form Fix'!$A$6:$F$286,4,0),0) -> 0 | W132: =IFERROR(VLOOKUP(CONCATENATE(Fix_Mapping[[#This Row],[KODE BARANG]],5),'Form Fix'!$A$6:$F$286,4,0),0) -> 0
A133: F4073008007020 | B133: ZEN SABUN SHISO & TEA TREE 70G X 24 PACK | C133: 24 | D133: PACK | E133: ZEN SABUN | F133: 7340.4685 | G133: 176171.24 | H133: 8147.92 | I133: 195550.08 | J133: 7927.9279 | K133: 190270.27 | L133: 8800 | M133: 211200 | O133: 0 | P133: 0 | Q133: 0 | R133: PT. FOKUS RITEL NUSAPRIMA | S133: =IFERROR(VLOOKUP(CONCATENATE(Fix_Mapping[[#This Row],[KODE BARANG]],1),'Form Fix'!$A$6:$F$286,4,0),0) -> 042504800 | T133: =IFERROR(VLOOKUP(CONCATENATE(Fix_Mapping[[#This Row],[KODE BARANG]],2),'Form Fix'!$A$6:$F$286,4,0),0) -> 042502008 | U133: =IFERROR(VLOOKUP(CONCATENATE(Fix_Mapping[[#This Row],[KODE BARANG]],3),'Form Fix'!$A$6:$F$286,4,0),0) -> 0 | V133: =IFERROR(VLOOKUP(CONCATENATE(Fix_Mapping[[#This Row],[KODE BARANG]],4),'Form Fix'!$A$6:$F$286,4,0),0) -> 0 | W133: =IFERROR(VLOOKUP(CONCATENATE(Fix_Mapping[[#This Row],[KODE BARANG]],5),'Form Fix'!$A$6:$F$286,4,0),0) -> 0
A134: F4073208007020 | B134: ZEN SABUN 4P SHISO & TEA TREE 70G X 18 PACK | C134: 18 | D134: PACK | E134: ZEN SABUN | F134: 9342.4144 | G134: 168163.46 | H134: 10370.08 | I134: 186661.44 | J134: 10090.09 | K134: 181621.62 | L134: 11200 | M134: 201600 | O134: 0 | P134: 0 | Q134: 0 | R134: PT. FOKUS RITEL NUSAPRIMA | S134: =IFERROR(VLOOKUP(CONCATENATE(Fix_Mapping[[#This Row],[KODE BARANG]],1),'Form Fix'!$A$6:$F$286,4,0),0) -> 042502500 | T134: =IFERROR(VLOOKUP(CONCATENATE(Fix_Mapping[[#This Row],[KODE BARANG]],2),'Form Fix'!$A$6:$F$286,4,0),0) -> 042502501 | U134: =IFERROR(VLOOKUP(CONCATENATE(Fix_Mapping[[#This Row],[KODE BARANG]],3),'Form Fix'!$A$6:$F$286,4,0),0) -> 0 | V134: =IFERROR(VLOOKUP(CONCATENATE(Fix_Mapping[[#This Row],[KODE BARANG]],4),'Form Fix'!$A$6:$F$286,4,0),0) -> 0 | W134: =IFERROR(VLOOKUP(CONCATENATE(Fix_Mapping[[#This Row],[KODE BARANG]],5),'Form Fix'!$A$6:$F$286,4,0),0) -> 0
A135: F4073208006020 | B135: ZEN SABUN 4P SHISO & TEA TREE 60G X 18 PACK | C135: 18 | D135: PACK | E135: ZEN SABUN | F135: 8675.0991 | G135: 156151.78 | H135: 9629.36 | I135: 173328.48 | J135: 9369.3694 | K135: 168648.65 | L135: 10400 | M135: 187200 | O135: 0 | P135: 0 | Q135: 0 | R135: PT. FOKUS RITEL NUSAPRIMA | S135: =IFERROR(VLOOKUP(CONCATENATE(Fix_Mapping[[#This Row],[KODE BARANG]],1),'Form Fix'!$A$6:$F$286,4,0),0) -> 0 | T135: =IFERROR(VLOOKUP(CONCATENATE(Fix_Mapping[[#This Row],[KODE BARANG]],2),'Form Fix'!$A$6:$F$286,4,0),0) -> 0 | U135: =IFERROR(VLOOKUP(CONCATENATE(Fix_Mapping[[#This Row],[KODE BARANG]],3),'Form Fix'!$A$6:$F$286,4,0),0) -> 042502503 | V135: =IFERROR(VLOOKUP(CONCATENATE(Fix_Mapping[[#This Row],[KODE BARANG]],4),'Form Fix'!$A$6:$F$286,4,0),0) -> 0 | W135: =IFERROR(VLOOKUP(CONCATENATE(Fix_Mapping[[#This Row],[KODE BARANG]],5),'Form Fix'!$A$6:$F$286,4,0),0) -> 0
A136: F4073101007010N | B136: ZEN SABUN LUNCH MIX 70G X 6 BOX | C136: 6 | D136: BOX | E136: ZEN SABUN | F136: 34033.081 | G136: 204198.49 | H136: 37776.72 | I136: 226660.32 | J136: 36756.757 | K136: 220540.54 | L136: 40800 | M136: 244800 | O136: 0 | P136: 0 | Q136: 0 | R136: PT. FOKUS RITEL NUSAPRIMA | S136: =IFERROR(VLOOKUP(CONCATENATE(Fix_Mapping[[#This Row],[KODE BARANG]],1),'Form Fix'!$A$6:$F$286,4,0),0) -> 042501703 | T136: =IFERROR(VLOOKUP(CONCATENATE(Fix_Mapping[[#This Row],[KODE BARANG]],2),'Form Fix'!$A$6:$F$286,4,0),0) -> 0 | U136: =IFERROR(VLOOKUP(CONCATENATE(Fix_Mapping[[#This Row],[KODE BARANG]],3),'Form Fix'!$A$6:$F$286,4,0),0) -> 0 | V136: =IFERROR(VLOOKUP(CONCATENATE(Fix_Mapping[[#This Row],[KODE BARANG]],4),'Form Fix'!$A$6:$F$286,4,0),0) -> 0 | W136: =IFERROR(VLOOKUP(CONCATENATE(Fix_Mapping[[#This Row],[KODE BARANG]],5),'Form Fix'!$A$6:$F$286,4,0),0) -> 0

Sheet Query Map.BrgDoubleDms
A1: Kode BARANG Win2 | B1: Nama Win | C1: PCPL KODE 1 | D1: PCPL KODE 2 | E1: PCPL KODE 3 | F1: PCPL KODE 4 | G1: PCPL KODE 5
A2: F4011100007010 | B2: DERMYTHOL BAR LUNCH 70G X 6 BOX | C2: =IFERROR(VLOOKUP(CONCATENATE(Table43_1[[#This Row],[Kode BARANG Win2]],1),'Form Fix'!$A$6:$F$205,4,0),0) -> 040411111 | D2: =IFERROR(VLOOKUP(CONCATENATE(Table43_1[[#This Row],[Kode BARANG Win2]],2),'Form Fix'!$A$6:$F$205,4,0),0) -> 0 | E2: =IFERROR(VLOOKUP(CONCATENATE(Table43_1[[#This Row],[Kode BARANG Win2]],3),'Form Fix'!$A$6:$F$205,4,0),0) -> 0 | F2: =IFERROR(VLOOKUP(CONCATENATE(Table43_1[[#This Row],[Kode BARANG Win2]],4),'Form Fix'!$A$6:$F$205,4,0),0) -> 0 | G2: =IFERROR(VLOOKUP(CONCATENATE(Table43_1[[#This Row],[Kode BARANG Win2]],5),'Form Fix'!$A$6:$F$205,4,0),0) -> 0
A3: F4012101040010 | B3: DERMYTHOL BCL REF HYGIENIC BIO SLFR 400ML X 24 PCH | C3: =IFERROR(VLOOKUP(CONCATENATE(Table43_1[[#This Row],[Kode BARANG Win2]],1),'Form Fix'!$A$6:$F$205,4,0),0) -> 050413100 | D3: =IFERROR(VLOOKUP(CONCATENATE(Table43_1[[#This Row],[Kode BARANG Win2]],2),'Form Fix'!$A$6:$F$205,4,0),0) -> 0 | E3: =IFERROR(VLOOKUP(CONCATENATE(Table43_1[[#This Row],[Kode BARANG Win2]],3),'Form Fix'!$A$6:$F$205,4,0),0) -> 0 | F3: =IFERROR(VLOOKUP(CONCATENATE(Table43_1[[#This Row],[Kode BARANG Win2]],4),'Form Fix'!$A$6:$F$205,4,0),0) -> 0 | G3: =IFERROR(VLOOKUP(CONCATENATE(Table43_1[[#This Row],[Kode BARANG Win2]],5),'Form Fix'!$A$6:$F$205,4,0),0) -> 0
A4: F4012102040010 | B4: DERMYTHOL BCL REF HYGIENIC PROTECT 400ML X 24 PCH | C4: =IFERROR(VLOOKUP(CONCATENATE(Table43_1[[#This Row],[Kode BARANG Win2]],1),'Form Fix'!$A$6:$F$205,4,0),0) -> 050415100 | D4: =IFERROR(VLOOKUP(CONCATENATE(Table43_1[[#This Row],[Kode BARANG Win2]],2),'Form Fix'!$A$6:$F$205,4,0),0) -> 0 | E4: =IFERROR(VLOOKUP(CONCATENATE(Table43_1[[#This Row],[Kode BARANG Win2]],3),'Form Fix'!$A$6:$F$205,4,0),0) -> 0 | F4: =IFERROR(VLOOKUP(CONCATENATE(Table43_1[[#This Row],[Kode BARANG Win2]],4),'Form Fix'!$A$6:$F$205,4,0),0) -> 0 | G4: =IFERROR(VLOOKUP(CONCATENATE(Table43_1[[#This Row],[Kode BARANG Win2]],5),'Form Fix'!$A$6:$F$205,4,0),0) -> 0
A5: F4012001048020 | B5: DERMYTHOL BCL HYGIENIC BIO SULFUR 480ML X 24 PUMP | C5: =IFERROR(VLOOKUP(CONCATENATE(Table43_1[[#This Row],[Kode BARANG Win2]],1),'Form Fix'!$A$6:$F$205,4,0),0) -> 050413200 | D5: =IFERROR(VLOOKUP(CONCATENATE(Table43_1[[#This Row],[Kode BARANG Win2]],2),'Form Fix'!$A$6:$F$205,4,0),0) -> 0 | E5: =IFERROR(VLOOKUP(CONCATENATE(Table43_1[[#This Row],[Kode BARANG Win2]],3),'Form Fix'!$A$6:$F$205,4,0),0) -> 0 | F5: =IFERROR(VLOOKUP(CONCATENATE(Table43_1[[#This Row],[Kode BARANG Win2]],4),'Form Fix'!$A$6:$F$205,4,0),0) -> 0 | G5: =IFERROR(VLOOKUP(CONCATENATE(Table43_1[[#This Row],[Kode BARANG Win2]],5),'Form Fix'!$A$6:$F$205,4,0),0) -> 0
A6: F4012002048020 | B6: DERMYTHOL BCL HYGIENIC PROTECT 480ML X 24 PUMP | C6: =IFERROR(VLOOKUP(CONCATENATE(Table43_1[[#This Row],[Kode BARANG Win2]],1),'Form Fix'!$A$6:$F$205,4,0),0) -> 050415200 | D6: =IFERROR(VLOOKUP(CONCATENATE(Table43_1[[#This Row],[Kode BARANG Win2]],2),'Form Fix'!$A$6:$F$205,4,0),0) -> 0 | E6: =IFERROR(VLOOKUP(CONCATENATE(Table43_1[[#This Row],[Kode BARANG Win2]],3),'Form Fix'!$A$6:$F$205,4,0),0) -> 0 | F6: =IFERROR(VLOOKUP(CONCATENATE(Table43_1[[#This Row],[Kode BARANG Win2]],4),'Form Fix'!$A$6:$F$205,4,0),0) -> 0 | G6: =IFERROR(VLOOKUP(CONCATENATE(Table43_1[[#This Row],[Kode BARANG Win2]],5),'Form Fix'!$A$6:$F$205,4,0),0) -> 0
A7: F4013001007010 | B7: DERMYTHOL SABUN HYGIENIC BIO SULFUR 70G X 72 PCS | C7: =IFERROR(VLOOKUP(CONCATENATE(Table43_1[[#This Row],[Kode BARANG Win2]],1),'Form Fix'!$A$6:$F$205,4,0),0) -> 040413100 | D7: =IFERROR(VLOOKUP(CONCATENATE(Table43_1[[#This Row],[Kode BARANG Win2]],2),'Form Fix'!$A$6:$F$205,4,0),0) -> 0 | E7: =IFERROR(VLOOKUP(CONCATENATE(Table43_1[[#This Row],[Kode BARANG Win2]],3),'Form Fix'!$A$6:$F$205,4,0),0) -> 0 | F7: =IFERROR(VLOOKUP(CONCATENATE(Table43_1[[#This Row],[Kode BARANG Win2]],4),'Form Fix'!$A$6:$F$205,4,0),0) -> 0 | G7: =IFERROR(VLOOKUP(CONCATENATE(Table43_1[[#This Row],[Kode BARANG Win2]],5),'Form Fix'!$A$6:$F$205,4,0),0) -> 0
A8: F4013002007010 | B8: DERMYTHOL SABUN HYGIENIC PROTECT 70G X 72 PCS | C8: =IFERROR(VLOOKUP(CONCATENATE(Table43_1[[#This Row],[Kode BARANG Win2]],1),'Form Fix'!$A$6:$F$205,4,0),0) -> 040415100 | D8: =IFERROR(VLOOKUP(CONCATENATE(Table43_1[[#This Row],[Kode BARANG Win2]],2),'Form Fix'!$A$6:$F$205,4,0),0) -> 0 | E8: =IFERROR(VLOOKUP(CONCATENATE(Table43_1[[#This Row],[Kode BARANG Win2]],3),'Form Fix'!$A$6:$F$205,4,0),0) -> 0 | F8: =IFERROR(VLOOKUP(CONCATENATE(Table43_1[[#This Row],[Kode BARANG Win2]],4),'Form Fix'!$A$6:$F$205,4,0),0) -> 0 | G8: =IFERROR(VLOOKUP(CONCATENATE(Table43_1[[#This Row],[Kode BARANG Win2]],5),'Form Fix'!$A$6:$F$205,4,0),0) -> 0
A9: F4021001010010 | B9: DREAM SABUN PAPAYA 100G X 72 PCS | C9: =IFERROR(VLOOKUP(CONCATENATE(Table43_1[[#This Row],[Kode BARANG Win2]],1),'Form Fix'!$A$6:$F$205,4,0),0) -> 040402200 | D9: =IFERROR(VLOOKUP(CONCATENATE(Table43_1[[#This Row],[Kode BARANG Win2]],2),'Form Fix'!$A$6:$F$205,4,0),0) -> 0 | E9: =IFERROR(VLOOKUP(CONCATENATE(Table43_1[[#This Row],[Kode BARANG Win2]],3),'Form Fix'!$A$6:$F$205,4,0),0) -> 0 | F9: =IFERROR(VLOOKUP(CONCATENATE(Table43_1[[#This Row],[Kode BARANG Win2]],4),'Form Fix'!$A$6:$F$205,4,0),0) -> 0 | G9: =IFERROR(VLOOKUP(CONCATENATE(Table43_1[[#This Row],[Kode BARANG Win2]],5),'Form Fix'!$A$6:$F$205,4,0),0) -> 0
A10: F4031101040010 | B10: GRDN OF NA EEM BCL REF MDNGHT GRDN 400ML X 24 PUMP | C10: =IFERROR(VLOOKUP(CONCATENATE(Table43_1[[#This Row],[Kode BARANG Win2]],1),'Form Fix'!$A$6:$F$205,4,0),0) -> 050703100 | D10: =IFERROR(VLOOKUP(CONCATENATE(Table43_1[[#This Row],[Kode BARANG Win2]],2),'Form Fix'!$A$6:$F$205,4,0),0) -> 0 | E10: =IFERROR(VLOOKUP(CONCATENATE(Table43_1[[#This Row],[Kode BARANG Win2]],3),'Form Fix'!$A$6:$F$205,4,0),0) -> 0 | F10: =IFERROR(VLOOKUP(CONCATENATE(Table43_1[[#This Row],[Kode BARANG Win2]],4),'Form Fix'!$A$6:$F$205,4,0),0) -> 0 | G10: =IFERROR(VLOOKUP(CONCATENATE(Table43_1[[#This Row],[Kode BARANG Win2]],5),'Form Fix'!$A$6:$F$205,4,0),0) -> 0
A11: F4031101040020 | B11: GRDN OF NA EEM BCL REF MDNGHT GRDN 400ML X 24 PCH | C11: =IFERROR(VLOOKUP(CONCATENATE(Table43_1[[#This Row],[Kode BARANG Win2]],1),'Form Fix'!$A$6:$F$205,4,0),0) -> 050703100 | D11: =IFERROR(VLOOKUP(CONCATENATE(Table43_1[[#This Row],[Kode BARANG Win2]],2),'Form Fix'!$A$6:$F$205,4,0),0) -> 0 | E11: =IFERROR(VLOOKUP(CONCATENATE(Table43_1[[#This Row],[Kode BARANG Win2]],3),'Form Fix'!$A$6:$F$205,4,0),0) -> 0 | F11: =IFERROR(VLOOKUP(CONCATENATE(Table43_1[[#This Row],[Kode BARANG Win2]],4),'Form Fix'!$A$6:$F$205,4,0),0) -> 0 | G11: =IFERROR(VLOOKUP(CONCATENATE(Table43_1[[#This Row],[Kode BARANG Win2]],5),'Form Fix'!$A$6:$F$205,4,0),0) -> 0
A12: F4031102040020 | B12: GRDN OF NA EEM BCL REF ROYAL JASMNE 400ML X 24 PCH | C12: =IFERROR(VLOOKUP(CONCATENATE(Table43_1[[#This Row],[Kode BARANG Win2]],1),'Form Fix'!$A$6:$F$205,4,0),0) -> 050702100 | D12: =IFERROR(VLOOKUP(CONCATENATE(Table43_1[[#This Row],[Kode BARANG Win2]],2),'Form Fix'!$A$6:$F$205,4,0),0) -> 0 | E12: =IFERROR(VLOOKUP(CONCATENATE(Table43_1[[#This Row],[Kode BARANG Win2]],3),'Form Fix'!$A$6:$F$205,4,0),0) -> 0 | F12: =IFERROR(VLOOKUP(CONCATENATE(Table43_1[[#This Row],[Kode BARANG Win2]],4),'Form Fix'!$A$6:$F$205,4,0),0) -> 0 | G12: =IFERROR(VLOOKUP(CONCATENATE(Table43_1[[#This Row],[Kode BARANG Win2]],5),'Form Fix'!$A$6:$F$205,4,0),0) -> 0
A13: F4031103040020 | B13: GRDN OF NA EEM BCL REF TAIFI ROSE 400ML X 24 PCH | C13: =IFERROR(VLOOKUP(CONCATENATE(Table43_1[[#This Row],[Kode BARANG Win2]],1),'Form Fix'!$A$6:$F$205,4,0),0) -> 050701100 | D13: =IFERROR(VLOOKUP(CONCATENATE(Table43_1[[#This Row],[Kode BARANG Win2]],2),'Form Fix'!$A$6:$F$205,4,0),0) -> 0 | E13: =IFERROR(VLOOKUP(CONCATENATE(Table43_1[[#This Row],[Kode BARANG Win2]],3),'Form Fix'!$A$6:$F$205,4,0),0) -> 0 | F13: =IFERROR(VLOOKUP(CONCATENATE(Table43_1[[#This Row],[Kode BARANG Win2]],4),'Form Fix'!$A$6:$F$205,4,0),0) -> 0 | G13: =IFERROR(VLOOKUP(CONCATENATE(Table43_1[[#This Row],[Kode BARANG Win2]],5),'Form Fix'!$A$6:$F$205,4,0),0) -> 0
... A176: F4073101007010N | B176: ZEN SABUN LUNCH MIX 70G X 6 BOX | C176: =IFERROR(VLOOKUP(CONCATENATE(Table43_1[[#This Row],[Kode BARANG Win2]],1),'Form Fix'!$A$6:$F$205,4,0),0) -> 042501703 | D176: =IFERROR(VLOOKUP(CONCATENATE(Table43_1[[#This Row],[Kode BARANG Win2]],2),'Form Fix'!$A$6:$F$205,4,0),0) -> 0 | E176: =IFERROR(VLOOKUP(CONCATENATE(Table43_1[[#This Row],[Kode BARANG Win2]],3),'Form Fix'!$A$6:$F$205,4,0),0) -> 0 | F176: =IFERROR(VLOOKUP(CONCATENATE(Table43_1[[#This Row],[Kode BARANG Win2]],4),'Form Fix'!$A$6:$F$205,4,0),0) -> 0 | G176: =IFERROR(VLOOKUP(CONCATENATE(Table43_1[[#This Row],[Kode BARANG Win2]],5),'Form Fix'!$A$6:$F$205,4,0),0) -> 0
B177: X | C177: =IFERROR(VLOOKUP(CONCATENATE(Table43_1[[#This Row],[Kode BARANG Win2]],1),'Form Fix'!$A$6:$F$205,4,0),0) -> 0 | D177: =IFERROR(VLOOKUP(CONCATENATE(Table43_1[[#This Row],[Kode BARANG Win2]],2),'Form Fix'!$A$6:$F$205,4,0),0) -> 0 | E177: =IFERROR(VLOOKUP(CONCATENATE(Table43_1[[#This Row],[Kode BARANG Win2]],3),'Form Fix'!$A$6:$F$205,4,0),0) -> 0 | F177: =IFERROR(VLOOKUP(CONCATENATE(Table43_1[[#This Row],[Kode BARANG Win2]],4),'Form Fix'!$A$6:$F$205,4,0),0) -> 0 | G177: =IFERROR(VLOOKUP(CONCATENATE(Table43_1[[#This Row],[Kode BARANG Win2]],5),'Form Fix'!$A$6:$F$205,4,0),0) -> 0

Sheet Form Fix
C1: UPDATE TGL
O2: =COUNTIF(Table43[LEN 50], ">50") -> 4
D3: PASTE NAMA DAN CODE PRINCIPLE (Buat Format seperti ini dan Ambil dari Daftar Harga Principle) | P3: CPI | AL3: Daftar Harga | AY3: Update Per
I4: ISI SESUAIKAN ANTARA DMS vs WIN | K4: HASIL CODE KELOMPOK, CODE BARANG & NAMA BARANG WIN | P4: Kolom Principle | AL4: Harga Beli | AP4: Harga Jual GT | AT4: Harga Jual MT | AX4: MARGIN | BD4: To Win, diisi oleh Admin
A5: CONCATENATE MAPPING | B5: No. Urut Item Sama | C5: NO | D5: Kode Pcpl | E5: Klp Brg Pcpl | F5: Nama Barang Principle | G5: ISI/CTN | H5: Ket. Tambahan / Pembantu | I5: SATUAN Fix Win | J5: Nama Kelompok Win | K5: Kode Kelompok Win | L5: Kode BARANG Win2 | M5: LEN 15 | N5: Nama Win | O5: LEN 50 | P5: Nama Pcpl | Q5: kode 2 Digit (hrf+No) | R5: Nama KLP | S5: kode 2 Digit (Nomor) | T5: Nama Sub KLP | U5: kode 1 Digit (Nomor) | V5: Nama Sub KLP2 | W5: kode 1 Digit (Nomor)5 | X5: Nama Aroma/ Rasa | Y5: kode 2 Digit (Nomor)2 | Z5: Nama Gramasi atau Jumlah Pack per CTN | AA5: kode 4 Digit (Nomor) | AB5: Nama Jenis Kemasan | AC5: kode 1 Digit (Nomor)3 | AD5: Nama Promo | AE5: kode 1 Digit (Nomor)4 | AF5: Gunakan ini apabila item tersebut sachet | AG5: kode 1 Digit (Nomor)32 | AH5: KET TAMBAHAN2 | AI5: KET. GOLONGAN | AJ5: kode 1 Digit (Nomor) | AK5: Tanda Kode Revisi | AL5: Harga Beli Pcs (-PPN) | AM5: Harga Beli Krt (- PPN) | AN5: Harga Beli Pcs (+PPN) | AO5: Harga Beli Krt (+PPN) | AP5: Harga Jual Pcs GT (-PPN) | AQ5: Harga Jual Krt GT (- PPN) | AR5: Harga Jual Pcs GT (+PPN | AS5: Harga Jual Krt GT (+PPN) | AT5: Harga Jual Pcs MT (-PPN) | AU5: Harga Jual Krt MT (- PPN) | AV5: Harga Jual Pcs MT (+PPN) | AW5: Harga Jual Krt MT (+PPN) | AX5: MARGIN | AY5: Efektif Pembuatan | AZ5: Efektif Naik Harga | BA5: Status Pembuatan | BB5: Status Harga | BC5: Status Barang | BD5: Mata Uang | BE5: Kode Golongan | BF5: Nama Golongan | BG5: Kode PCPL To Win | BH5: Kode Jenis Produk | BI5: SAT BSR | BJ5: GD | BK5: Kode PRK | BL5: Kode PRK SJ | BM5: Kode Job | BN5: Approval | BO5: Nama Principle
A6: =CONCATENATE(Table43[[#This Row],[Kode BARANG Win2]],Table43[[#This Row],[No. Urut Item Sama]]) -> F40111000070101 | B6: 1 | C6: 1 | D6: 040411111 | E6: DERMYTHOL | F6: DERMYTHOL BAR 12x6x70Gr (Lunchbox) Mix Varian | G6: 6 | H6: 8992946535182 | I6: =Table43[[#This Row],[Nama Jenis Kemasan]] -> BOX | J6: =TRIM(CONCATENATE(Table43[[#This Row],[Nama KLP]]," ",Table43[[#This Row],[Nama Sub KLP]])) -> DERMYTHOL BAR | K6: =CONCATENATE(Table43[[#This Row],[kode 2 Digit (hrf+No)]],Table43[[#This Row],[kode 2 Digit (Nomor)]],Table43[[#This Row],[kode 1 Digit (Nomor)]]) -> F4011 | L6: =IF(AG6="",CONCATENATE(Q6,S6,U6,W6,Y6,AA6,AC6,AE6,Table43[[#This Row],[Tanda Kode Revisi]]),CONCATENATE(Q6,S6,U6,W6,Y6,AA6,AC6,AG6)) -> F4011100007010 | M6: =LEN(L6) -> 14 | N6: =IF(AF6<>"",TRIM(UPPER(CONCATENATE(P6," ",R6," ",T6," ",V6," ",X6," ",Z6," ","X"," ",Table43[[#This Row],[ISI/CTN]]," ",AF6," ",AB6," ",AD6," ",AH6))),TRIM(UPPER(CONCATENATE(P6," ",R6," ",T6," ",V6," ",X6," ",Z6," ","X"," ",Table43[[#This Row],[ISI/CTN]]," ",AB6," ",AD6," ",AH6)))) -> DERMYTHOL BAR LUNCH 70G X 6 BOX | O6: =LEN(N6) -> 31 | Q6: F4 | R6: DERMYTHOL | S6: 01 | T6: BAR | U6: 1 | V6: LUNCH | W6: 1 | Y6: 00 | Z6: 70G | AA6: 0070 | AB6: BOX | AC6: 1 | AE6: 0 | AI6: GRAM | AJ6: 1 | AL6: 30029.189 | AM6: =Table43[[#This Row],[Harga Beli Pcs (-PPN)]]*Table43[[#This Row],[ISI/CTN]] -> 180175.14 | AN6: =Table43[[#This Row],[Harga Beli Pcs (-PPN)]]*1.11 -> 33332.4 | AO6: =Table43[[#This Row],[Harga Beli Krt (- PPN)]]*1.11 -> 199994.4 | AP6: 32432.432 | AQ6: =Table43[[#This Row],[Harga Jual Pcs GT (-PPN)]]*Table43[[#This Row],[ISI/CTN]] -> 194594.59 | AR6: =Table43[[#This Row],[Harga Jual Pcs GT (-PPN)]]*1.11 -> 36000 | AS6: =Table43[[#This Row],[Harga Jual Krt GT (- PPN)]]*1.11 -> 216000 | AU6: =Table43[[#This Row],[Harga Jual Pcs MT (-PPN)]]*Table43[[#This Row],[ISI/CTN]] -> 0 | AV6: =Table43[[#This Row],[Harga Jual Pcs MT (-PPN)]]*1.11 -> 0 | AW6: =Table43[[#This Row],[Harga Jual Pcs MT (+PPN)]]*Table43[[#This Row],[ISI/CTN]] -> 0 | AX6: =IFERROR((Table43[[#This Row],[Harga Jual Pcs GT (-PPN)]]-Table43[[#This Row],[Harga Beli Pcs (-PPN)]])/Table43[[#This Row],[Harga Jual Pcs GT (-PPN)]],0) -> 0.0741 | AY6: 45848 | BA6: =IF(TODAY()-Table43[[#This Row],[Efektif Pembuatan]]>60,"Lama","Baru") -> Lama | BB6: =IF(TODAY()-Table43[[#This Row],[Efektif Naik Harga]]<30,"Naik","Sama") -> Sama | BC6: Aktif | BD6: =IF(Table43[[#This Row],[Kode BARANG Win2]]<>"","IDR","") -> IDR | BE6: =CONCATENATE(Table43[[#This Row],[kode 1 Digit (Nomor)]],Table43[[#This Row],[kode 4 Digit (Nomor)]]) -> 10070 | BF6: =Table43[[#This Row],[Nama Gramasi atau Jumlah Pack per CTN]] -> 70G | BG6: S-FRN | BH6: 45MIX | BI6: =IF(Table43[[#This Row],[SATUAN Fix Win]]<>"","KRT") -> KRT | BJ6: =IF(Table43[[#This Row],[SATUAN Fix Win]]<>"","GD01") -> GD01 | BK6: =IF(Table43[[#This Row],[SATUAN Fix Win]]<>"",11611) -> 11611 | BL6: =IF(Table43[[#This Row],[SATUAN Fix Win]]<>"",11612) -> 11612 | BM6: 0101 | BN6: =IF(Table43[[#This Row],[SATUAN Fix Win]]<>"",1) -> 1 | BO6: PT. FOKUS RITEL NUSAPRIMA
A7: =CONCATENATE(Table43[[#This Row],[Kode BARANG Win2]],Table43[[#This Row],[No. Urut Item Sama]]) -> F40121010400101 | B7: 1 | C7: 2 | D7: 050413100 | E7: DERMYTHOL | F7: DERMYTHOL Body Cleanser Hygienic Bio Sulfur Ref 24x400Ml | G7: 24 | H7: 8992946534341 | I7: =Table43[[#This Row],[Nama Jenis Kemasan]] -> PCH | J7: =TRIM(CONCATENATE(Table43[[#This Row],[Nama KLP]]," ",Table43[[#This Row],[Nama Sub KLP]])) -> DERMYTHOL BCL | K7: =CONCATENATE(Table43[[#This Row],[kode 2 Digit (hrf+No)]],Table43[[#This Row],[kode 2 Digit (Nomor)]],Table43[[#This Row],[kode 1 Digit (Nomor)]]) -> F4012 | L7: =IF(AG7="",CONCATENATE(Q7,S7,U7,W7,Y7,AA7,AC7,AE7,Table43[[#This Row],[Tanda Kode Revisi]]),CONCATENATE(Q7,S7,U7,W7,Y7,AA7,AC7,AG7)) -> F4012101040010 | M7: =LEN(L7) -> 14 | N7: =IF(AF7<>"",TRIM(UPPER(CONCATENATE(P7," ",R7," ",T7," ",V7," ",X7," ",Z7," ","X"," ",Table43[[#This Row],[ISI/CTN]]," ",AF7," ",AB7," ",AD7," ",AH7))),TRIM(UPPER(CONCATENATE(P7," ",R7," ",T7," ",V7," ",X7," ",Z7," ","X"," ",Table43[[#This Row],[ISI/CTN]]," ",AB7," ",AD7," ",AH7)))) -> DERMYTHOL BCL REF HYGIENIC BIO SLFR 400ML X 24 PCH | O7: =LEN(N7) -> 50 | Q7: F4 | R7: DERMYTHOL | S7: 01 | T7: BCL | U7: 2 | V7: REF | W7: 1 | X7: HYGIENIC BIO SLFR | Y7: 01 | Z7: 400ML | AA7: 0400 | AB7: PCH | AC7: 1 | AE7: 0 | AI7: LITER | AJ7: 2 | AL7: 21937.991 | AM7: =Table43[[#This Row],[Harga Beli Pcs (-PPN)]]*Table43[[#This Row],[ISI/CTN]] -> 526511.78 | AN7: =Table43[[#This Row],[Harga Beli Pcs (-PPN)]]*1.11 -> 24351.17 | AO7: =Table43[[#This Row],[Harga Beli Krt (- PPN)]]*1.11 -> 584428.08 | AP7: 23693.694 | AQ7: =Table43[[#This Row],[Harga Jual Pcs GT (-PPN)]]*Table43[[#This Row],[ISI/CTN]] -> 568648.65 | AR7: =Table43[[#This Row],[Harga Jual Pcs GT (-PPN)]]*1.11 -> 26300 | AS7: =Table43[[#This Row],[Harga Jual Krt GT (- PPN)]]*1.11 -> 631200 | AU7: =Table43[[#This Row],[Harga Jual Pcs MT (-PPN)]]*Table43[[#This Row],[ISI/CTN]] -> 0 | AV7: =Table43[[#This Row],[Harga Jual Pcs MT (-PPN)]]*1.11 -> 0 | AW7: =Table43[[#This Row],[Harga Jual Pcs MT (+PPN)]]*Table43[[#This Row],[ISI/CTN]] -> 0 | AX7: =IFERROR((Table43[[#This Row],[Harga Jual Pcs GT (-PPN)]]-Table43[[#This Row],[Harga Beli Pcs (-PPN)]])/Table43[[#This Row],[Harga Jual Pcs GT (-PPN)]],0) -> 0.0741 | AY7: 45848 | BA7: =IF(TODAY()-Table43[[#This Row],[Efektif Pembuatan]]>60,"Lama","Baru") -> Lama | BB7: =IF(TODAY()-Table43[[#This Row],[Efektif Naik Harga]]<30,"Naik","Sama") -> Sama | BC7: Aktif | BD7: =IF(Table43[[#This Row],[Kode BARANG Win2]]<>"","IDR","") -> IDR | BE7: =CONCATENATE(Table43[[#This Row],[kode 1 Digit (Nomor)]],Table43[[#This Row],[kode 4 Digit (Nomor)]]) -> 20400 | BF7: =Table43[[#This Row],[Nama Gramasi atau Jumlah Pack per CTN]] -> 400ML | BG7: S-FRN | BH7: 45MIX | BI7: =IF(Table43[[#This Row],[SATUAN Fix Win]]<>"","KRT") -> KRT | BJ7: =IF(Table43[[#This Row],[SATUAN Fix Win]]<>"","GD01") -> GD01 | BK7: =IF(Table43[[#This Row],[SATUAN Fix Win]]<>"",11611) -> 11611 | BL7: =IF(Table43[[#This Row],[SATUAN Fix Win]]<>"",11612) -> 11612 | BM7: 0101 | BN7: =IF(Table43[[#This Row],[SATUAN Fix Win]]<>"",1) -> 1 | BO7: PT. FOKUS RITEL NUSAPRIMA
A8: =CONCATENATE(Table43[[#This Row],[Kode BARANG Win2]],Table43[[#This Row],[No. Urut Item Sama]]) -> F40121020400101 | B8: 1 | C8: 3 | D8: 050415100 | E8: DERMYTHOL | F8: DERMYTHOL Body Cleanser Hygienic Protect Ref 24x400Ml | G8: 24 | H8: 8992946534324 | I8: =Table43[[#This Row],[Nama Jenis Kemasan]] -> PCH | J8: =TRIM(CONCATENATE(Table43[[#This Row],[Nama KLP]]," ",Table43[[#This Row],[Nama Sub KLP]])) -> DERMYTHOL BCL | K8: =CONCATENATE(Table43[[#This Row],[kode 2 Digit (hrf+No)]],Table43[[#This Row],[kode 2 Digit (Nomor)]],Table43[[#This Row],[kode 1 Digit (Nomor)]]) -> F4012 | L8: =IF(AG8="",CONCATENATE(Q8,S8,U8,W8,Y8,AA8,AC8,AE8,Table43[[#This Row],[Tanda Kode Revisi]]),CONCATENATE(Q8,S8,U8,W8,Y8,AA8,AC8,AG8)) -> F4012102040010 | M8: =LEN(L8) -> 14 | N8: =IF(AF8<>"",TRIM(UPPER(CONCATENATE(P8," ",R8," ",T8," ",V8," ",X8," ",Z8," ","X"," ",Table43[[#This Row],[ISI/CTN]]," ",AF8," ",AB8," ",AD8," ",AH8))),TRIM(UPPER(CONCATENATE(P8," ",R8," ",T8," ",V8," ",X8," ",Z8," ","X"," ",Table43[[#This Row],[ISI/CTN]]," ",AB8," ",AD8," ",AH8)))) -> DERMYTHOL BCL REF HYGIENIC PROTECT 400ML X 24 PCH | O8: =LEN(N8) -> 49 | Q8: F4 | R8: DERMYTHOL | S8: 01 | T8: BCL | U8: 2 | V8: REF | W8: 1 | X8: HYGIENIC PROTECT | Y8: 02 | Z8: 400ML | AA8: 0400 | AB8: PCH | AC8: 1 | AE8: 0 | AI8: LITER | AJ8: 2 | AL8: 21937.991 | AM8: =Table43[[#This Row],[Harga Beli Pcs (-PPN)]]*Table43[[#This Row],[ISI/CTN]] -> 526511.78 | AN8: =Table43[[#This Row],[Harga Beli Pcs (-PPN)]]*1.11 -> 24351.17 | AO8: =Table43[[#This Row],[Harga Beli Krt (- PPN)]]*1.11 -> 584428.08 | AP8: 23693.694 | AQ8: =Table43[[#This Row],[Harga Jual Pcs GT (-PPN)]]*Table43[[#This Row],[ISI/CTN]] -> 568648.65 | AR8: =Table43[[#This Row],[Harga Jual Pcs GT (-PPN)]]*1.11 -> 26300 | AS8: =Table43[[#This Row],[Harga Jual Krt GT (- PPN)]]*1.11 -> 631200 | AU8: =Table43[[#This Row],[Harga Jual Pcs MT (-PPN)]]*Table43[[#This Row],[ISI/CTN]] -> 0 | AV8: =Table43[[#This Row],[Harga Jual Pcs MT (-PPN)]]*1.11 -> 0 | AW8: =Table43[[#This Row],[Harga Jual Pcs MT (+PPN)]]*Table43[[#This Row],[ISI/CTN]] -> 0 | AX8: =IFERROR((Table43[[#This Row],[Harga Jual Pcs GT (-PPN)]]-Table43[[#This Row],[Harga Beli Pcs (-PPN)]])/Table43[[#This Row],[Harga Jual Pcs GT (-PPN)]],0) -> 0.0741 | AY8: 45848 | BA8: =IF(TODAY()-Table43[[#This Row],[Efektif Pembuatan]]>60,"Lama","Baru") -> Lama | BB8: =IF(TODAY()-Table43[[#This Row],[Efektif Naik Harga]]<30,"Naik","Sama") -> Sama | BC8: Aktif | BD8: =IF(Table43[[#This Row],[Kode BARANG Win2]]<>"","IDR","") -> IDR | BE8: =CONCATENATE(Table43[[#This Row],[kode 1 Digit (Nomor)]],Table43[[#This Row],[kode 4 Digit (Nomor)]]) -> 20400 | BF8: =Table43[[#This Row],[Nama Gramasi atau Jumlah Pack per CTN]] -> 400ML | BG8: S-FRN | BH8: 45MIX | BI8: =IF(Table43[[#This Row],[SATUAN Fix Win]]<>"","KRT") -> KRT | BJ8: =IF(Table43[[#This Row],[SATUAN Fix Win]]<>"","GD01") -> GD01 | BK8: =IF(Table43[[#This Row],[SATUAN Fix Win]]<>"",11611) -> 11611 | BL8: =IF(Table43[[#This Row],[SATUAN Fix Win]]<>"",11612) -> 11612 | BM8: 0101 | BN8: =IF(Table43[[#This Row],[SATUAN Fix Win]]<>"",1) -> 1 | BO8: PT. FOKUS RITEL NUSAPRIMA
A9: =CONCATENATE(Table43[[#This Row],[Kode BARANG Win2]],Table43[[#This Row],[No. Urut Item Sama]]) -> F40120010480201 | B9: 1 | C9: 4 | D9: 050413200 | E9: DERMYTHOL | F9: DERMYTHOL Body Cleanser Hygienic Bio Sulfur Btl 24x480Ml | G9: 24 | H9: 8992946534287 | I9: =Table43[[#This Row],[Nama Jenis Kemasan]] -> PUMP | J9: =TRIM(CONCATENATE(Table43[[#This Row],[Nama KLP]]," ",Table43[[#This Row],[Nama Sub KLP]])) -> DERMYTHOL BCL | K9: =CONCATENATE(Table43[[#This Row],[kode 2 Digit (hrf+No)]],Table43[[#This Row],[kode 2 Digit (Nomor)]],Table43[[#This Row],[kode 1 Digit (Nomor)]]) -> F4012 | L9: =IF(AG9="",CONCATENATE(Q9,S9,U9,W9,Y9,AA9,AC9,AE9,Table43[[#This Row],[Tanda Kode Revisi]]),CONCATENATE(Q9,S9,U9,W9,Y9,AA9,AC9,AG9)) -> F4012001048020 | M9: =LEN(L9) -> 14 | N9: =IF(AF9<>"",TRIM(UPPER(CONCATENATE(P9," ",R9," ",T9," ",V9," ",X9," ",Z9," ","X"," ",Table43[[#This Row],[ISI/CTN]]," ",AF9," ",AB9," ",AD9," ",AH9))),TRIM(UPPER(CONCATENATE(P9," ",R9," ",T9," ",V9," ",X9," ",Z9," ","X"," ",Table43[[#This Row],[ISI/CTN]]," ",AB9," ",AD9," ",AH9)))) -> DERMYTHOL BCL HYGIENIC BIO SULFUR 480ML X 24 PUMP | O9: =LEN(N9) -> 49 | Q9: F4 | R9: DERMYTHOL | S9: 01 | T9: BCL | U9: 2 | W9: 0 | X9: HYGIENIC BIO SULFUR | Y9: 01 | Z9: 480ML | AA9: 0480 | AB9: PUMP | AC9: 2 | AE9: 0 | AI9: LITER | AJ9: 2 | AL9: 35034.054 | AM9: =Table43[[#This Row],[Harga Beli Pcs (-PPN)]]*Table43[[#This Row],[ISI/CTN]] -> 840817.3 | AN9: =Table43[[#This Row],[Harga Beli Pcs (-PPN)]]*1.11 -> 38887.8 | AO9: =Table43[[#This Row],[Harga Beli Krt (- PPN)]]*1.11 -> 933307.2 | AP9: 37837.838 | AQ9: =Table43[[#This Row],[Harga Jual Pcs GT (-PPN)]]*Table43[[#This Row],[ISI/CTN]] -> 908108.11 | AR9: =Table43[[#This Row],[Harga Jual Pcs GT (-PPN)]]*1.11 -> 42000 | AS9: =Table43[[#This Row],[Harga Jual Krt GT (- PPN)]]*1.11 -> 1008000 | AU9: =Table43[[#This Row],[Harga Jual Pcs MT (-PPN)]]*Table43[[#This Row],[ISI/CTN]] -> 0 | AV9: =Table43[[#This Row],[Harga Jual Pcs MT (-PPN)]]*1.11 -> 0 | AW9: =Table43[[#This Row],[Harga Jual Pcs MT (+PPN)]]*Table43[[#This Row],[ISI/CTN]] -> 0 | AX9: =IFERROR((Table43[[#This Row],[Harga Jual Pcs GT (-PPN)]]-Table43[[#This Row],[Harga Beli Pcs (-PPN)]])/Table43[[#This Row],[Harga Jual Pcs GT (-PPN)]],0) -> 0.0741 | AY9: 45848 | BA9: =IF(TODAY()-Table43[[#This Row],[Efektif Pembuatan]]>60,"Lama","Baru") -> Lama | BB9: =IF(TODAY()-Table43[[#This Row],[Efektif Naik Harga]]<30,"Naik","Sama") -> Sama | BC9: Aktif | BD9: =IF(Table43[[#This Row],[Kode BARANG Win2]]<>"","IDR","") -> IDR | BE9: =CONCATENATE(Table43[[#This Row],[kode 1 Digit (Nomor)]],Table43[[#This Row],[kode 4 Digit (Nomor)]]) -> 20480 | BF9: =Table43[[#This Row],[Nama Gramasi atau Jumlah Pack per CTN]] -> 480ML | BG9: S-FRN | BH9: 45MIX | BI9: =IF(Table43[[#This Row],[SATUAN Fix Win]]<>"","KRT") -> KRT | BJ9: =IF(Table43[[#This Row],[SATUAN Fix Win]]<>"","GD01") -> GD01 | BK9: =IF(Table43[[#This Row],[SATUAN Fix Win]]<>"",11611) -> 11611 | BL9: =IF(Table43[[#This Row],[SATUAN Fix Win]]<>"",11612) -> 11612 | BM9: 0101 | BN9: =IF(Table43[[#This Row],[SATUAN Fix Win]]<>"",1) -> 1 | BO9: PT. FOKUS RITEL NUSAPRIMA
A10: =CONCATENATE(Table43[[#This Row],[Kode BARANG Win2]],Table43[[#This Row],[No. Urut Item Sama]]) -> F40120020480201 | B10: 1 | C10: 5 | D10: 050415200 | E10: DERMYTHOL | F10: DERMYTHOL Body Cleanser Hygienic Protect Btl 24x480Ml | G10: 24 | H10: 8992946534280 | I10: =Table43[[#This Row],[Nama Jenis Kemasan]] -> PUMP | J10: =TRIM(CONCATENATE(Table43[[#This Row],[Nama KLP]]," ",Table43[[#This Row],[Nama Sub KLP]])) -> DERMYTHOL BCL | K10: =CONCATENATE(Table43[[#This Row],[kode 2 Digit (hrf+No)]],Table43[[#This Row],[kode 2 Digit (Nomor)]],Table43[[#This Row],[kode 1 Digit (Nomor)]]) -> F4012 | L10: =IF(AG10="",CONCATENATE(Q10,S10,U10,W10,Y10,AA10,AC10,AE10,Table43[[#This Row],[Tanda Kode Revisi]]),CONCATENATE(Q10,S10,U10,W10,Y10,AA10,AC10,AG10)) -> F4012002048020 | M10: =LEN(L10) -> 14 | N10: =IF(AF10<>"",TRIM(UPPER(CONCATENATE(P10," ",R10," ",T10," ",V10," ",X10," ",Z10," ","X"," ",Table43[[#This Row],[ISI/CTN]]," ",AF10," ",AB10," ",AD10," ",AH10))),TRIM(UPPER(CONCATENATE(P10," ",R10," ",T10," ",V10," ",X10," ",Z10," ","X"," ",Table43[[#This Row],[ISI/CTN]]," ",AB10," ",AD10," ",AH10)))) -> DERMYTHOL BCL HYGIENIC PROTECT 480ML X 24 PUMP | O10: =LEN(N10) -> 46 | Q10: F4 | R10: DERMYTHOL | S10: 01 | T10: BCL | U10: 2 | W10: 0 | X10: HYGIENIC PROTECT | Y10: 02 | Z10: 480ML | AA10: 0480 | AB10: PUMP | AC10: 2 | AE10: 0 | AI10: LITER | AJ10: 2 | AL10: 35034.054 | AM10: =Table43[[#This Row],[Harga Beli Pcs (-PPN)]]*Table43[[#This Row],[ISI/CTN]] -> 840817.3 | AN10: =Table43[[#This Row],[Harga Beli Pcs (-PPN)]]*1.11 -> 38887.8 | AO10: =Table43[[#This Row],[Harga Beli Krt (- PPN)]]*1.11 -> 933307.2 | AP10: 37837.838 | AQ10: =Table43[[#This Row],[Harga Jual Pcs GT (-PPN)]]*Table43[[#This Row],[ISI/CTN]] -> 908108.11 | AR10: =Table43[[#This Row],[Harga Jual Pcs GT (-PPN)]]*1.11 -> 42000 | AS10: =Table43[[#This Row],[Harga Jual Krt GT (- PPN)]]*1.11 -> 1008000 | AU10: =Table43[[#This Row],[Harga Jual Pcs MT (-PPN)]]*Table43[[#This Row],[ISI/CTN]] -> 0 | AV10: =Table43[[#This Row],[Harga Jual Pcs MT (-PPN)]]*1.11 -> 0 | AW10: =Table43[[#This Row],[Harga Jual Pcs MT (+PPN)]]*Table43[[#This Row],[ISI/CTN]] -> 0 | AX10: =IFERROR((Table43[[#This Row],[Harga Jual Pcs GT (-PPN)]]-Table43[[#This Row],[Harga Beli Pcs (-PPN)]])/Table43[[#This Row],[Harga Jual Pcs GT (-PPN)]],0) -> 0.0741 | AY10: 45848 | BA10: =IF(TODAY()-Table43[[#This Row],[Efektif Pembuatan]]>60,"Lama","Baru") -> Lama | BB10: =IF(TODAY()-Table43[[#This Row],[Efektif Naik Harga]]<30,"Naik","Sama") -> Sama | BC10: Aktif | BD10: =IF(Table43[[#This Row],[Kode BARANG Win2]]<>"","IDR","") -> IDR | BE10: =CONCATENATE(Table43[[#This Row],[kode 1 Digit (Nomor)]],Table43[[#This Row],[kode 4 Digit (Nomor)]]) -> 20480 | BF10: =Table43[[#This Row],[Nama Gramasi atau Jumlah Pack per CTN]] -> 480ML | BG10: S-FRN | BH10: 45MIX | BI10: =IF(Table43[[#This Row],[SATUAN Fix Win]]<>"","KRT") -> KRT | BJ10: =IF(Table43[[#This Row],[SATUAN Fix Win]]<>"","GD01") -> GD01 | BK10: =IF(Table43[[#This Row],[SATUAN Fix Win]]<>"",11611) -> 11611 | BL10: =IF(Table43[[#This Row],[SATUAN Fix Win]]<>"",11612) -> 11612 | BM10: 0101 | BN10: =IF(Table43[[#This Row],[SATUAN Fix Win]]<>"",1) -> 1 | BO10: PT. FOKUS RITEL NUSAPRIMA
A11: =CONCATENATE(Table43[[#This Row],[Kode BARANG Win2]],Table43[[#This Row],[No. Urut Item Sama]]) -> F40130010070101 | B11: 1 | C11: 6 | D11: 040413100 | E11: DERMYTHOL | F11: DERMYTHOL Hygienic Bio Sulfur 72x70Gr | G11: 72 | H11: 8992946533747 | I11: =Table43[[#This Row],[Nama Jenis Kemasan]] -> PCS | J11: =TRIM(CONCATENATE(Table43[[#This Row],[Nama KLP]]," ",Table43[[#This Row],[Nama Sub KLP]])) -> DERMYTHOL SABUN | K11: =CONCATENATE(Table43[[#This Row],[kode 2 Digit (hrf+No)]],Table43[[#This Row],[kode 2 Digit (Nomor)]],Table43[[#This Row],[kode 1 Digit (Nomor)]]) -> F4013 | L11: =IF(AG11="",CONCATENATE(Q11,S11,U11,W11,Y11,AA11,AC11,AE11,Table43[[#This Row],[Tanda Kode Revisi]]),CONCATENATE(Q11,S11,U11,W11,Y11,AA11,AC11,AG11)) -> F4013001007010 | M11: =LEN(L11) -> 14 | N11: =IF(AF11<>"",TRIM(UPPER(CONCATENATE(P11," ",R11," ",T11," ",V11," ",X11," ",Z11," ","X"," ",Table43[[#This Row],[ISI/CTN]]," ",AF11," ",AB11," ",AD11," ",AH11))),TRIM(UPPER(CONCATENATE(P11," ",R11," ",T11," ",V11," ",X11," ",Z11," ","X"," ",Table43[[#This Row],[ISI/CTN]]," ",AB11," ",AD11," ",AH11)))) -> DERMYTHOL SABUN HYGIENIC BIO SULFUR 70G X 72 PCS | O11: =LEN(N11) -> 48 | Q11: F4 | R11: DERMYTHOL | S11: 01 | T11: SABUN | U11: 3 | W11: 0 | X11: HYGIENIC BIO SULFUR | Y11: 01 | Z11: 70G | AA11: 0070 | AB11: PCS | AC11: 1 | AE11: 0 | AI11: GRAM | AJ11: 1 | AL11: 2585.8468 | AM11: =Table43[[#This Row],[Harga Beli Pcs (-PPN)]]*Table43[[#This Row],[ISI/CTN]] -> 186180.97 | AN11: =Table43[[#This Row],[Harga Beli Pcs (-PPN)]]*1.11 -> 2870.29 | AO11: =Table43[[#This Row],[Harga Beli Krt (- PPN)]]*1.11 -> 206660.88 | AP11: 2792.7928 | AQ11: =Table43[[#This Row],[Harga Jual Pcs GT (-PPN)]]*Table43[[#This Row],[ISI/CTN]] -> 201081.08 | AR11: =Table43[[#This Row],[Harga Jual Pcs GT (-PPN)]]*1.11 -> 3100 | AS11: =Table43[[#This Row],[Harga Jual Krt GT (- PPN)]]*1.11 -> 223200 | AU11: =Table43[[#This Row],[Harga Jual Pcs MT (-PPN)]]*Table43[[#This Row],[ISI/CTN]] -> 0 | AV11: =Table43[[#This Row],[Harga Jual Pcs MT (-PPN)]]*1.11 -> 0 | AW11: =Table43[[#This Row],[Harga Jual Pcs MT (+PPN)]]*Table43[[#This Row],[ISI/CTN]] -> 0 | AX11: =IFERROR((Table43[[#This Row],[Harga Jual Pcs GT (-PPN)]]-Table43[[#This Row],[Harga Beli Pcs (-PPN)]])/Table43[[#This Row],[Harga Jual Pcs GT (-PPN)]],0) -> 0.0741 | AY11: 45848 | BA11: =IF(TODAY()-Table43[[#This Row],[Efektif Pembuatan]]>60,"Lama","Baru") -> Lama | BB11: =IF(TODAY()-Table43[[#This Row],[Efektif Naik Harga]]<30,"Naik","Sama") -> Sama | BC11: Aktif | BD11: =IF(Table43[[#This Row],[Kode BARANG Win2]]<>"","IDR","") -> IDR | BE11: =CONCATENATE(Table43[[#This Row],[kode 1 Digit (Nomor)]],Table43[[#This Row],[kode 4 Digit (Nomor)]]) -> 10070 | BF11: =Table43[[#This Row],[Nama Gramasi atau Jumlah Pack per CTN]] -> 70G | BG11: S-FRN | BH11: 45MIX | BI11: =IF(Table43[[#This Row],[SATUAN Fix Win]]<>"","KRT") -> KRT | BJ11: =IF(Table43[[#This Row],[SATUAN Fix Win]]<>"","GD01") -> GD01 | BK11: =IF(Table43[[#This Row],[SATUAN Fix Win]]<>"",11611) -> 11611 | BL11: =IF(Table43[[#This Row],[SATUAN Fix Win]]<>"",11612) -> 11612 | BM11: 0101 | BN11: =IF(Table43[[#This Row],[SATUAN Fix Win]]<>"",1) -> 1 | BO11: PT. FOKUS RITEL NUSAPRIMA
A12: =CONCATENATE(Table43[[#This Row],[Kode BARANG Win2]],Table43[[#This Row],[No. Urut Item Sama]]) -> F40130020070101 | B12: 1 | C12: 7 | D12: 040415100 | E12: DERMYTHOL | F12: DERMYTHOL Hygienic Protect 72x70Gr | G12: 72 | H12: 8992946533730 | I12: =Table43[[#This Row],[Nama Jenis Kemasan]] -> PCS | J12: =TRIM(CONCATENATE(Table43[[#This Row],[Nama KLP]]," ",Table43[[#This Row],[Nama Sub KLP]])) -> DERMYTHOL SABUN | K12: =CONCATENATE(Table43[[#This Row],[kode 2 Digit (hrf+No)]],Table43[[#This Row],[kode 2 Digit (Nomor)]],Table43[[#This Row],[kode 1 Digit (Nomor)]]) -> F4013 | L12: =IF(AG12="",CONCATENATE(Q12,S12,U12,W12,Y12,AA12,AC12,AE12,Table43[[#This Row],[Tanda Kode Revisi]]),CONCATENATE(Q12,S12,U12,W12,Y12,AA12,AC12,AG12)) -> F4013002007010 | M12: =LEN(L12) -> 14 | N12: =IF(AF12<>"",TRIM(UPPER(CONCATENATE(P12," ",R12," ",T12," ",V12," ",X12," ",Z12," ","X"," ",Table43[[#This Row],[ISI/CTN]]," ",AF12," ",AB12," ",AD12," ",AH12))),TRIM(UPPER(CONCATENATE(P12," ",R12," ",T12," ",V12," ",X12," ",Z12," ","X"," ",Table43[[#This Row],[ISI/CTN]]," ",AB12," ",AD12," ",AH12)))) -> DERMYTHOL SABUN HYGIENIC PROTECT 70G X 72 PCS | O12: =LEN(N12) -> 45 | Q12: F4 | R12: DERMYTHOL | S12: 01 | T12: SABUN | U12: 3 | W12: 0 | X12: HYGIENIC PROTECT | Y12: 02 | Z12: 70G | AA12: 0070 | AB12: PCS | AC12: 1 | AE12: 0 | AI12: GRAM | AJ12: 1 | AL12: 2585.8468 | AM12: =Table43[[#This Row],[Harga Beli Pcs (-PPN)]]*Table43[[#This Row],[ISI/CTN]] -> 186180.97 | AN12: =Table43[[#This Row],[Harga Beli Pcs (-PPN)]]*1.11 -> 2870.29 | AO12: =Table43[[#This Row],[Harga Beli Krt (- PPN)]]*1.11 -> 206660.88 | AP12: 2792.7928 | AQ12: =Table43[[#This Row],[Harga Jual Pcs GT (-PPN)]]*Table43[[#This Row],[ISI/CTN]] -> 201081.08 | AR12: =Table43[[#This Row],[Harga Jual Pcs GT (-PPN)]]*1.11 -> 3100 | AS12: =Table43[[#This Row],[Harga Jual Krt GT (- PPN)]]*1.11 -> 223200 | AU12: =Table43[[#This Row],[Harga Jual Pcs MT (-PPN)]]*Table43[[#This Row],[ISI/CTN]] -> 0 | AV12: =Table43[[#This Row],[Harga Jual Pcs MT (-PPN)]]*1.11 -> 0 | AW12: =Table43[[#This Row],[Harga Jual Pcs MT (+PPN)]]*Table43[[#This Row],[ISI/CTN]] -> 0 | AX12: =IFERROR((Table43[[#This Row],[Harga Jual Pcs GT (-PPN)]]-Table43[[#This Row],[Harga Beli Pcs (-PPN)]])/Table43[[#This Row],[Harga Jual Pcs GT (-PPN)]],0) -> 0.0741 | AY12: 45848 | BA12: =IF(TODAY()-Table43[[#This Row],[Efektif Pembuatan]]>60,"Lama","Baru") -> Lama | BB12: =IF(TODAY()-Table43[[#This Row],[Efektif Naik Harga]]<30,"Naik","Sama") -> Sama | BC12: Aktif | BD12: =IF(Table43[[#This Row],[Kode BARANG Win2]]<>"","IDR","") -> IDR | BE12: =CONCATENATE(Table43[[#This Row],[kode 1 Digit (Nomor)]],Table43[[#This Row],[kode 4 Digit (Nomor)]]) -> 10070 | BF12: =Table43[[#This Row],[Nama Gramasi atau Jumlah Pack per CTN]] -> 70G | BG12: S-FRN | BH12: 45MIX | BI12: =IF(Table43[[#This Row],[SATUAN Fix Win]]<>"","KRT") -> KRT | BJ12: =IF(Table43[[#This Row],[SATUAN Fix Win]]<>"","GD01") -> GD01 | BK12: =IF(Table43[[#This Row],[SATUAN Fix Win]]<>"",11611) -> 11611 | BL12: =IF(Table43[[#This Row],[SATUAN Fix Win]]<>"",11612) -> 11612 | BM12: 0101 | BN12: =IF(Table43[[#This Row],[SATUAN Fix Win]]<>"",1) -> 1 | BO12: PT. FOKUS RITEL NUSAPRIMA
A13: =CONCATENATE(Table43[[#This Row],[Kode BARANG Win2]],Table43[[#This Row],[No. Urut Item Sama]]) -> F40210010100101 | B13: 1 | C13: 8 | D13: 040402200 | E13: DREAM | F13: Sabun DREAM Papaya 72x100G | G13: 72 | H13: 8992946522369 | I13: =Table43[[#This Row],[Nama Jenis Kemasan]] -> PCS | J13: =TRIM(CONCATENATE(Table43[[#This Row],[Nama KLP]]," ",Table43[[#This Row],[Nama Sub KLP]])) -> DREAM SABUN | K13: =CONCATENATE(Table43[[#This Row],[kode 2 Digit (hrf+No)]],Table43[[#This Row],[kode 2 Digit (Nomor)]],Table43[[#This Row],[kode 1 Digit (Nomor)]]) -> F4021 | L13: =IF(AG13="",CONCATENATE(Q13,S13,U13,W13,Y13,AA13,AC13,AE13,Table43[[#This Row],[Tanda Kode Revisi]]),CONCATENATE(Q13,S13,U13,W13,Y13,AA13,AC13,AG13)) -> F4021001010010 | M13: =LEN(L13) -> 14 | N13: =IF(AF13<>"",TRIM(UPPER(CONCATENATE(P13," ",R13," ",T13," ",V13," ",X13," ",Z13," ","X"," ",Table43[[#This Row],[ISI/CTN]]," ",AF13," ",AB13," ",AD13," ",AH13))),TRIM(UPPER(CONCATENATE(P13," ",R13," ",T13," ",V13," ",X13," ",Z13," ","X"," ",Table43[[#This Row],[ISI/CTN]]," ",AB13," ",AD13," ",AH13)))) -> DREAM SABUN PAPAYA 100G X 72 PCS | O13: =LEN(N13) -> 32 | Q13: F4 | R13: DREAM | S13: 02 | T13: SABUN | U13: 1 | W13: 0 | X13: PAPAYA | Y13: 01 | Z13: 100G | AA13: 0100 | AB13: PCS | AC13: 1 | AE13: 0 | AI13: GRAM | AJ13: 1 | AL13: 7507.2973 | AM13: =Table43[[#This Row],[Harga Beli Pcs (-PPN)]]*Table43[[#This Row],[ISI/CTN]] -> 540525.41 | AN13: =Table43[[#This Row],[Harga Beli Pcs (-PPN)]]*1.11 -> 8333.1 | AO13: =Table43[[#This Row],[Harga Beli Krt (- PPN)]]*1.11 -> 599983.2 | AP13: 8108.1081 | AQ13: =Table43[[#This Row],[Harga Jual Pcs GT (-PPN)]]*Table43[[#This Row],[ISI/CTN]] -> 583783.78 | AR13: =Table43[[#This Row],[Harga Jual Pcs GT (-PPN)]]*1.11 -> 9000 | AS13: =Table43[[#This Row],[Harga Jual Krt GT (- PPN)]]*1.11 -> 648000 | AU13: =Table43[[#This Row],[Harga Jual Pcs MT (-PPN)]]*Table43[[#This Row],[ISI/CTN]] -> 0 | AV13: =Table43[[#This Row],[Harga Jual Pcs MT (-PPN)]]*1.11 -> 0 | AW13: =Table43[[#This Row],[Harga Jual Pcs MT (+PPN)]]*Table43[[#This Row],[ISI/CTN]] -> 0 | AX13: =IFERROR((Table43[[#This Row],[Harga Jual Pcs GT (-PPN)]]-Table43[[#This Row],[Harga Beli Pcs (-PPN)]])/Table43[[#This Row],[Harga Jual Pcs GT (-PPN)]],0) -> 0.0741 | AY13: 45848 | BA13: =IF(TODAY()-Table43[[#This Row],[Efektif Pembuatan]]>60,"Lama","Baru") -> Lama | BB13: =IF(TODAY()-Table43[[#This Row],[Efektif Naik Harga]]<30,"Naik","Sama") -> Sama | BC13: Aktif | BD13: =IF(Table43[[#This Row],[Kode BARANG Win2]]<>"","IDR","") -> IDR | BE13: =CONCATENATE(Table43[[#This Row],[kode 1 Digit (Nomor)]],Table43[[#This Row],[kode 4 Digit (Nomor)]]) -> 10100 | BF13: =Table43[[#This Row],[Nama Gramasi atau Jumlah Pack per CTN]] -> 100G | BG13: S-FRN | BH13: 45MIX | BI13: =IF(Table43[[#This Row],[SATUAN Fix Win]]<>"","KRT") -> KRT | BJ13: =IF(Table43[[#This Row],[SATUAN Fix Win]]<>"","GD01") -> GD01 | BK13: =IF(Table43[[#This Row],[SATUAN Fix Win]]<>"",11611) -> 11611 | BL13: =IF(Table43[[#This Row],[SATUAN Fix Win]]<>"",11612) -> 11612 | BM13: 0101 | BN13: =IF(Table43[[#This Row],[SATUAN Fix Win]]<>"",1) -> 1 | BO13: PT. FOKUS RITEL NUSAPRIMA
A14: =CONCATENATE(Table43[[#This Row],[Kode BARANG Win2]],Table43[[#This Row],[No. Urut Item Sama]]) -> F40311010400101 | B14: 1 | C14: 9 | D14: 050703100 | E14: GARDEN OF NAEEM | F14: Garden of Na eem Body Cleanser Midnight Gardenia Ref 24 x 400Ml | G14: 24 | H14: 8992946533884 | I14: =Table43[[#This Row],[Nama Jenis Kemasan]] -> PUMP | J14: =TRIM(CONCATENATE(Table43[[#This Row],[Nama KLP]]," ",Table43[[#This Row],[Nama Sub KLP]])) -> GRDN OF NA EEM BCL | K14: =CONCATENATE(Table43[[#This Row],[kode 2 Digit (hrf+No)]],Table43[[#This Row],[kode 2 Digit (Nomor)]],Table43[[#This Row],[kode 1 Digit (Nomor)]]) -> F4031 | L14: =IF(AG14="",CONCATENATE(Q14,S14,U14,W14,Y14,AA14,AC14,AE14,Table43[[#This Row],[Tanda Kode Revisi]]),CONCATENATE(Q14,S14,U14,W14,Y14,AA14,AC14,AG14)) -> F4031101040010 | M14: =LEN(L14) -> 14 | N14: =IF(AF14<>"",TRIM(UPPER(CONCATENATE(P14," ",R14," ",T14," ",V14," ",X14," ",Z14," ","X"," ",Table43[[#This Row],[ISI/CTN]]," ",AF14," ",AB14," ",AD14," ",AH14))),TRIM(UPPER(CONCATENATE(P14," ",R14," ",T14," ",V14," ",X14," ",Z14," ","X"," ",Table43[[#This Row],[ISI/CTN]]," ",AB14," ",AD14," ",AH14)))) -> GRDN OF NA EEM BCL REF MDNGHT GRDN 400ML X 24 PUMP | O14: =LEN(N14) -> 50 | Q14: F4 | R14: GRDN OF NA EEM | S14: 03 | T14: BCL | U14: 1 | V14: REF | W14: 1 | X14: MDNGHT GRDN | Y14: 01 | Z14: 400ML | AA14: 0400 | AB14: PUMP | AC14: 1 | AE14: 0 | AI14: LITER | AJ14: 2 | AL14: 19685.802 | AM14: =Table43[[#This Row],[Harga Beli Pcs (-PPN)]]*Table43[[#This Row],[ISI/CTN]] -> 472459.24 | AN14: =Table43[[#This Row],[Harga Beli Pcs (-PPN)]]*1.11 -> 21851.24 | AO14: =Table43[[#This Row],[Harga Beli Krt (- PPN)]]*1.11 -> 524429.76 | AP14: 21261.261 | AQ14: =Table43[[#This Row],[Harga Jual Pcs GT (-PPN)]]*Table43[[#This Row],[ISI/CTN]] -> 510270.27 | AR14: =Table43[[#This Row],[Harga Jual Pcs GT (-PPN)]]*1.11 -> 23600 | AS14: =Table43[[#This Row],[Harga Jual Krt GT (- PPN)]]*1.11 -> 566400 | AU14: =Table43[[#This Row],[Harga Jual Pcs MT (-PPN)]]*Table43[[#This Row],[ISI/CTN]] -> 0 | AV14: =Table43[[#This Row],[Harga Jual Pcs MT (-PPN)]]*1.11 -> 0 | AW14: =Table43[[#This Row],[Harga Jual Pcs MT (+PPN)]]*Table43[[#This Row],[ISI/CTN]] -> 0 | AX14: =IFERROR((Table43[[#This Row],[Harga Jual Pcs GT (-PPN)]]-Table43[[#This Row],[Harga Beli Pcs (-PPN)]])/Table43[[#This Row],[Harga Jual Pcs GT (-PPN)]],0) -> 0.0741 | AY14: 45848 | BA14: =IF(TODAY()-Table43[[#This Row],[Efektif Pembuatan]]>60,"Lama","Baru") -> Lama | BB14: =IF(TODAY()-Table43[[#This Row],[Efektif Naik Harga]]<30,"Naik","Sama") -> Sama | BC14: Aktif | BD14: =IF(Table43[[#This Row],[Kode BARANG Win2]]<>"","IDR","") -> IDR | BE14: =CONCATENATE(Table43[[#This Row],[kode 1 Digit (Nomor)]],Table43[[#This Row],[kode 4 Digit (Nomor)]]) -> 20400 | BF14: =Table43[[#This Row],[Nama Gramasi atau Jumlah Pack per CTN]] -> 400ML | BG14: S-FRN | BH14: 45MIX | BI14: =IF(Table43[[#This Row],[SATUAN Fix Win]]<>"","KRT") -> KRT | BJ14: =IF(Table43[[#This Row],[SATUAN Fix Win]]<>"","GD01") -> GD01 | BK14: =IF(Table43[[#This Row],[SATUAN Fix Win]]<>"",11611) -> 11611 | BL14: =IF(Table43[[#This Row],[SATUAN Fix Win]]<>"",11612) -> 11612 | BM14: 0101 | BN14: =IF(Table43[[#This Row],[SATUAN Fix Win]]<>"",1) -> 1 | BO14: PT. FOKUS RITEL NUSAPRIMA
A15: =CONCATENATE(Table43[[#This Row],[Kode BARANG Win2]],Table43[[#This Row],[No. Urut Item Sama]]) -> F40311010400201 | B15: 1 | D15: 050703100 | E15: GARDEN OF NAEEM | F15: Garden of Na eem Body Cleanser Midnight Gardenia Ref 24 x 400Ml | G15: 24 | H15: 8992946533884 | I15: =Table43[[#This Row],[Nama Jenis Kemasan]] -> PCH | J15: =TRIM(CONCATENATE(Table43[[#This Row],[Nama KLP]]," ",Table43[[#This Row],[Nama Sub KLP]])) -> GRDN OF NA EEM BCL | K15: =CONCATENATE(Table43[[#This Row],[kode 2 Digit (hrf+No)]],Table43[[#This Row],[kode 2 Digit (Nomor)]],Table43[[#This Row],[kode 1 Digit (Nomor)]]) -> F4031 | L15: =IF(AG15="",CONCATENATE(Q15,S15,U15,W15,Y15,AA15,AC15,AE15,Table43[[#This Row],[Tanda Kode Revisi]]),CONCATENATE(Q15,S15,U15,W15,Y15,AA15,AC15,AG15)) -> F4031101040020 | M15: =LEN(L15) -> 14 | N15: =IF(AF15<>"",TRIM(UPPER(CONCATENATE(P15," ",R15," ",T15," ",V15," ",X15," ",Z15," ","X"," ",Table43[[#This Row],[ISI/CTN]]," ",AF15," ",AB15," ",AD15," ",AH15))),TRIM(UPPER(CONCATENATE(P15," ",R15," ",T15," ",V15," ",X15," ",Z15," ","X"," ",Table43[[#This Row],[ISI/CTN]]," ",AB15," ",AD15," ",AH15)))) -> GRDN OF NA EEM BCL REF MDNGHT GRDN 400ML X 24 PCH | O15: =LEN(N15) -> 49 | Q15: F4 | R15: GRDN OF NA EEM | S15: 03 | T15: BCL | U15: 1 | V15: REF | W15: 1 | X15: MDNGHT GRDN | Y15: 01 | Z15: 400ML | AA15: 0400 | AB15: PCH | AC15: 2 | AE15: 0 | AI15: LITER | AJ15: 2 | AL15: 19685.802 | AM15: =Table43[[#This Row],[Harga Beli Pcs (-PPN)]]*Table43[[#This Row],[ISI/CTN]] -> 472459.24 | AN15: =Table43[[#This Row],[Harga Beli Pcs (-PPN)]]*1.11 -> 21851.24 | AO15: =Table43[[#This Row],[Harga Beli Krt (- PPN)]]*1.11 -> 524429.76 | AP15: 21261.261 | AQ15: =Table43[[#This Row],[Harga Jual Pcs GT (-PPN)]]*Table43[[#This Row],[ISI/CTN]] -> 510270.27 | AR15: =Table43[[#This Row],[Harga Jual Pcs GT (-PPN)]]*1.11 -> 23600 | AS15: =Table43[[#This Row],[Harga Jual Krt GT (- PPN)]]*1.11 -> 566400 | AU15: =Table43[[#This Row],[Harga Jual Pcs MT (-PPN)]]*Table43[[#This Row],[ISI/CTN]] -> 0 | AV15: =Table43[[#This Row],[Harga Jual Pcs MT (-PPN)]]*1.11 -> 0 | AW15: =Table43[[#This Row],[Harga Jual Pcs MT (+PPN)]]*Table43[[#This Row],[ISI/CTN]] -> 0 | AX15: =IFERROR((Table43[[#This Row],[Harga Jual Pcs GT (-PPN)]]-Table43[[#This Row],[Harga Beli Pcs (-PPN)]])/Table43[[#This Row],[Harga Jual Pcs GT (-PPN)]],0) -> 0.0741 | AY15: 45848 | BA15: =IF(TODAY()-Table43[[#This Row],[Efektif Pembuatan]]>60,"Lama","Baru") -> Lama | BB15: =IF(TODAY()-Table43[[#This Row],[Efektif Naik Harga]]<30,"Naik","Sama") -> Sama | BD15: =IF(Table43[[#This Row],[Kode BARANG Win2]]<>"","IDR","") -> IDR | BE15: =CONCATENATE(Table43[[#This Row],[kode 1 Digit (Nomor)]],Table43[[#This Row],[kode 4 Digit (Nomor)]]) -> 20400 | BF15: =Table43[[#This Row],[Nama Gramasi atau Jumlah Pack per CTN]] -> 400ML | BI15: =IF(Table43[[#This Row],[SATUAN Fix Win]]<>"","KRT") -> KRT | BJ15: =IF(Table43[[#This Row],[SATUAN Fix Win]]<>"","GD01") -> GD01 | BK15: =IF(Table43[[#This Row],[SATUAN Fix Win]]<>"",11611) -> 11611 | BL15: =IF(Table43[[#This Row],[SATUAN Fix Win]]<>"",11612) -> 11612 | BN15: =IF(Table43[[#This Row],[SATUAN Fix Win]]<>"",1) -> 1
A16: =CONCATENATE(Table43[[#This Row],[Kode BARANG Win2]],Table43[[#This Row],[No. Urut Item Sama]]) -> F40311020400201 | B16: 1 | C16: 10 | D16: 050702100 | E16: GARDEN OF NAEEM | F16: Garden of Na eem Body Cleanser Royal Jasmine Ref 24 x 400Ml | G16: 24 | H16: 8992946533870 | I16: =Table43[[#This Row],[Nama Jenis Kemasan]] -> PCH | J16: =TRIM(CONCATENATE(Table43[[#This Row],[Nama KLP]]," ",Table43[[#This Row],[Nama Sub KLP]])) -> GRDN OF NA EEM BCL | K16: =CONCATENATE(Table43[[#This Row],[kode 2 Digit (hrf+No)]],Table43[[#This Row],[kode 2 Digit (Nomor)]],Table43[[#This Row],[kode 1 Digit (Nomor)]]) -> F4031 | L16: =IF(AG16="",CONCATENATE(Q16,S16,U16,W16,Y16,AA16,AC16,AE16,Table43[[#This Row],[Tanda Kode Revisi]]),CONCATENATE(Q16,S16,U16,W16,Y16,AA16,AC16,AG16)) -> F4031102040020 | M16: =LEN(L16) -> 14 | N16: =IF(AF16<>"",TRIM(UPPER(CONCATENATE(P16," ",R16," ",T16," ",V16," ",X16," ",Z16," ","X"," ",Table43[[#This Row],[ISI/CTN]]," ",AF16," ",AB16," ",AD16," ",AH16))),TRIM(UPPER(CONCATENATE(P16," ",R16," ",T16," ",V16," ",X16," ",Z16," ","X"," ",Table43[[#This Row],[ISI/CTN]]," ",AB16," ",AD16," ",AH16)))) -> GRDN OF NA EEM BCL REF ROYAL JASMNE 400ML X 24 PCH | O16: =LEN(N16) -> 50 | Q16: F4 | R16: GRDN OF NA EEM | S16: 03 | T16: BCL | U16: 1 | V16: REF | W16: 1 | X16: ROYAL JASMNE | Y16: 02 | Z16: 400ML | AA16: 0400 | AB16: PCH | AC16: 2 | AE16: 0 | AI16: LITER | AJ16: 2 | AL16: 19685.802 | AM16: =Table43[[#This Row],[Harga Beli Pcs (-PPN)]]*Table43[[#This Row],[ISI/CTN]] -> 472459.24 | AN16: =Table43[[#This Row],[Harga Beli Pcs (-PPN)]]*1.11 -> 21851.24 | AO16: =Table43[[#This Row],[Harga Beli Krt (- PPN)]]*1.11 -> 524429.76 | AP16: 21261.261 | AQ16: =Table43[[#This Row],[Harga Jual Pcs GT (-PPN)]]*Table43[[#This Row],[ISI/CTN]] -> 510270.27 | AR16: =Table43[[#This Row],[Harga Jual Pcs GT (-PPN)]]*1.11 -> 23600 | AS16: =Table43[[#This Row],[Harga Jual Krt GT (- PPN)]]*1.11 -> 566400 | AU16: =Table43[[#This Row],[Harga Jual Pcs MT (-PPN)]]*Table43[[#This Row],[ISI/CTN]] -> 0 | AV16: =Table43[[#This Row],[Harga Jual Pcs MT (-PPN)]]*1.11 -> 0 | AW16: =Table43[[#This Row],[Harga Jual Pcs MT (+PPN)]]*Table43[[#This Row],[ISI/CTN]] -> 0 | AX16: =IFERROR((Table43[[#This Row],[Harga Jual Pcs GT (-PPN)]]-Table43[[#This Row],[Harga Beli Pcs (-PPN)]])/Table43[[#This Row],[Harga Jual Pcs GT (-PPN)]],0) -> 0.0741 | AY16: 45848 | BA16: =IF(TODAY()-Table43[[#This Row],[Efektif Pembuatan]]>60,"Lama","Baru") -> Lama | BB16: =IF(TODAY()-Table43[[#This Row],[Efektif Naik Harga]]<30,"Naik","Sama") -> Sama | BC16: Aktif | BD16: =IF(Table43[[#This Row],[Kode BARANG Win2]]<>"","IDR","") -> IDR | BE16: =CONCATENATE(Table43[[#This Row],[kode 1 Digit (Nomor)]],Table43[[#This Row],[kode 4 Digit (Nomor)]]) -> 20400 | BF16: =Table43[[#This Row],[Nama Gramasi atau Jumlah Pack per CTN]] -> 400ML | BG16: S-FRN | BH16: 45MIX | BI16: =IF(Table43[[#This Row],[SATUAN Fix Win]]<>"","KRT") -> KRT | BJ16: =IF(Table43[[#This Row],[SATUAN Fix Win]]<>"","GD01") -> GD01 | BK16: =IF(Table43[[#This Row],[SATUAN Fix Win]]<>"",11611) -> 11611 | BL16: =IF(Table43[[#This Row],[SATUAN Fix Win]]<>"",11612) -> 11612 | BM16: 0101 | BN16: =IF(Table43[[#This Row],[SATUAN Fix Win]]<>"",1) -> 1 | BO16: PT. FOKUS RITEL NUSAPRIMA
A17: =CONCATENATE(Table43[[#This Row],[Kode BARANG Win2]],Table43[[#This Row],[No. Urut Item Sama]]) -> F40311030400201 | B17: 1 | C17: 11 | D17: 050701100 | E17: GARDEN OF NAEEM | F17: Garden of Na eem Body Cleanser Taifi Rose Ref 24 x 400Ml | G17: 24 | H17: 8992946533846 | I17: =Table43[[#This Row],[Nama Jenis Kemasan]] -> PCH | J17: =TRIM(CONCATENATE(Table43[[#This Row],[Nama KLP]]," ",Table43[[#This Row],[Nama Sub KLP]])) -> GRDN OF NA EEM BCL | K17: =CONCATENATE(Table43[[#This Row],[kode 2 Digit (hrf+No)]],Table43[[#This Row],[kode 2 Digit (Nomor)]],Table43[[#This Row],[kode 1 Digit (Nomor)]]) -> F4031 | L17: =IF(AG17="",CONCATENATE(Q17,S17,U17,W17,Y17,AA17,AC17,AE17,Table43[[#This Row],[Tanda Kode Revisi]]),CONCATENATE(Q17,S17,U17,W17,Y17,AA17,AC17,AG17)) -> F4031103040020 | M17: =LEN(L17) -> 14 | N17: =IF(AF17<>"",TRIM(UPPER(CONCATENATE(P17," ",R17," ",T17," ",V17," ",X17," ",Z17," ","X"," ",Table43[[#This Row],[ISI/CTN]]," ",AF17," ",AB17," ",AD17," ",AH17))),TRIM(UPPER(CONCATENATE(P17," ",R17," ",T17," ",V17," ",X17," ",Z17," ","X"," ",Table43[[#This Row],[ISI/CTN]]," ",AB17," ",AD17," ",AH17)))) -> GRDN OF NA EEM BCL REF TAIFI ROSE 400ML X 24 PCH | O17: =LEN(N17) -> 48 | Q17: F4 | R17: GRDN OF NA EEM | S17: 03 | T17: BCL | U17: 1 | V17: REF | W17: 1 | X17: TAIFI ROSE | Y17: 03 | Z17: 400ML | AA17: 0400 | AB17: PCH | AC17: 2 | AE17: 0 | AI17: LITER | AJ17: 2 | AL17: 19685.802 | AM17: =Table43[[#This Row],[Harga Beli Pcs (-PPN)]]*Table43[[#This Row],[ISI/CTN]] -> 472459.24 | AN17: =Table43[[#This Row],[Harga Beli Pcs (-PPN)]]*1.11 -> 21851.24 | AO17: =Table43[[#This Row],[Harga Beli Krt (- PPN)]]*1.11 -> 524429.76 | AP17: 21261.261 | AQ17: =Table43[[#This Row],[Harga Jual Pcs GT (-PPN)]]*Table43[[#This Row],[ISI/CTN]] -> 510270.27 | AR17: =Table43[[#This Row],[Harga Jual Pcs GT (-PPN)]]*1.11 -> 23600 | AS17: =Table43[[#This Row],[Harga Jual Krt GT (- PPN)]]*1.11 -> 566400 | AU17: =Table43[[#This Row],[Harga Jual Pcs MT (-PPN)]]*Table43[[#This Row],[ISI/CTN]] -> 0 | AV17: =Table43[[#This Row],[Harga Jual Pcs MT (-PPN)]]*1.11 -> 0 | AW17: =Table43[[#This Row],[Harga Jual Pcs MT (+PPN)]]*Table43[[#This Row],[ISI/CTN]] -> 0 | AX17: =IFERROR((Table43[[#This Row],[Harga Jual Pcs GT (-PPN)]]-Table43[[#This Row],[Harga Beli Pcs (-PPN)]])/Table43[[#This Row],[Harga Jual Pcs GT (-PPN)]],0) -> 0.0741 | AY17: 45848 | BA17: =IF(TODAY()-Table43[[#This Row],[Efektif Pembuatan]]>60,"Lama","Baru") -> Lama | BB17: =IF(TODAY()-Table43[[#This Row],[Efektif Naik Harga]]<30,"Naik","Sama") -> Sama | BC17: Aktif | BD17: =IF(Table43[[#This Row],[Kode BARANG Win2]]<>"","IDR","") -> IDR | BE17: =CONCATENATE(Table43[[#This Row],[kode 1 Digit (Nomor)]],Table43[[#This Row],[kode 4 Digit (Nomor)]]) -> 20400 | BF17: =Table43[[#This Row],[Nama Gramasi atau Jumlah Pack per CTN]] -> 400ML | BG17: S-FRN | BH17: 45MIX | BI17: =IF(Table43[[#This Row],[SATUAN Fix Win]]<>"","KRT") -> KRT | BJ17: =IF(Table43[[#This Row],[SATUAN Fix Win]]<>"","GD01") -> GD01 | BK17: =IF(Table43[[#This Row],[SATUAN Fix Win]]<>"",11611) -> 11611 | BL17: =IF(Table43[[#This Row],[SATUAN Fix Win]]<>"",11612) -> 11612 | BM17: 0101 | BN17: =IF(Table43[[#This Row],[SATUAN Fix Win]]<>"",1) -> 1 | BO17: PT. FOKUS RITEL NUSAPRIMA
A18: =CONCATENATE(Table43[[#This Row],[Kode BARANG Win2]],Table43[[#This Row],[No. Urut Item Sama]]) -> F40310010480301 | B18: 1 | C18: 12 | D18: 050703101 | E18: GARDEN OF NAEEM | F18: Garden of Na eem Body Cleanser Midnight Gardenia Botol 24 x 480Ml | G18: 24 | H18: 8992946533457 | I18: =Table43[[#This Row],[Nama Jenis Kemasan]] -> BTL | J18: =TRIM(CONCATENATE(Table43[[#This Row],[Nama KLP]]," ",Table43[[#This Row],[Nama Sub KLP]])) -> GRDN OF NA EEM BCL | K18: =CONCATENATE(Table43[[#This Row],[kode 2 Digit (hrf+No)]],Table43[[#This Row],[kode 2 Digit (Nomor)]],Table43[[#This Row],[kode 1 Digit (Nomor)]]) -> F4031 | L18: =IF(AG18="",CONCATENATE(Q18,S18,U18,W18,Y18,AA18,AC18,AE18,Table43[[#This Row],[Tanda Kode Revisi]]),CONCATENATE(Q18,S18,U18,W18,Y18,AA18,AC18,AG18)) -> F4031001048030 | M18: =LEN(L18) -> 14 | N18: =IF(AF18<>"",TRIM(UPPER(CONCATENATE(P18," ",R18," ",T18," ",V18," ",X18," ",Z18," ","X"," ",Table43[[#This Row],[ISI/CTN]]," ",AF18," ",AB18," ",AD18," ",AH18))),TRIM(UPPER(CONCATENATE(P18," ",R18," ",T18," ",V18," ",X18," ",Z18," ","X"," ",Table43[[#This Row],[ISI/CTN]]," ",AB18," ",AD18," ",AH18)))) -> GRDN OF NA EEM BCL MDNGHT GRDN 480ML X 24 BTL | O18: =LEN(N18) -> 45 | Q18: F4 | R18: GRDN OF NA EEM | S18: 03 | T18: BCL | U18: 1 | W18: 0 | X18: MDNGHT GRDN | Y18: 01 | Z18: 480ML | AA18: 0480 | AB18: BTL | AC18: 3 | AE18: 0 | AI18: LITER | AJ18: 2 | AL18: 28360.901 | AM18: =Table43[[#This Row],[Harga Beli Pcs (-PPN)]]*Table43[[#This Row],[ISI/CTN]] -> 680661.62 | AN18: =Table43[[#This Row],[Harga Beli Pcs (-PPN)]]*1.11 -> 31480.6 | AO18: =Table43[[#This Row],[Harga Beli Krt (- PPN)]]*1.11 -> 755534.4 | AP18: 30630.631 | AQ18: =Table43[[#This Row],[Harga Jual Pcs GT (-PPN)]]*Table43[[#This Row],[ISI/CTN]] -> 735135.14 | AR18: =Table43[[#This Row],[Harga Jual Pcs GT (-PPN)]]*1.11 -> 34000 | AS18: =Table43[[#This Row],[Harga Jual Krt GT (- PPN)]]*1.11 -> 816000 | AU18: =Table43[[#This Row],[Harga Jual Pcs MT (-PPN)]]*Table43[[#This Row],[ISI/CTN]] -> 0 | AV18: =Table43[[#This Row],[Harga Jual Pcs MT (-PPN)]]*1.11 -> 0 | AW18: =Table43[[#This Row],[Harga Jual Pcs MT (+PPN)]]*Table43[[#This Row],[ISI/CTN]] -> 0 | AX18: =IFERROR((Table43[[#This Row],[Harga Jual Pcs GT (-PPN)]]-Table43[[#This Row],[Harga Beli Pcs (-PPN)]])/Table43[[#This Row],[Harga Jual Pcs GT (-PPN)]],0) -> 0.0741 | AY18: 45848 | BA18: =IF(TODAY()-Table43[[#This Row],[Efektif Pembuatan]]>60,"Lama","Baru") -> Lama | BB18: =IF(TODAY()-Table43[[#This Row],[Efektif Naik Harga]]<30,"Naik","Sama") -> Sama | BC18: Aktif | BD18: =IF(Table43[[#This Row],[Kode BARANG Win2]]<>"","IDR","") -> IDR | BE18: =CONCATENATE(Table43[[#This Row],[kode 1 Digit (Nomor)]],Table43[[#This Row],[kode 4 Digit (Nomor)]]) -> 20480 | BF18: =Table43[[#This Row],[Nama Gramasi atau Jumlah Pack per CTN]] -> 480ML | BG18: S-FRN | BH18: 45MIX | BI18: =IF(Table43[[#This Row],[SATUAN Fix Win]]<>"","KRT") -> KRT | BJ18: =IF(Table43[[#This Row],[SATUAN Fix Win]]<>"","GD01") -> GD01 | BK18: =IF(Table43[[#This Row],[SATUAN Fix Win]]<>"",11611) -> 11611 | BL18: =IF(Table43[[#This Row],[SATUAN Fix Win]]<>"",11612) -> 11612 | BM18: 0101 | BN18: =IF(Table43[[#This Row],[SATUAN Fix Win]]<>"",1) -> 1 | BO18: PT. FOKUS RITEL NUSAPRIMA
A19: =CONCATENATE(Table43[[#This Row],[Kode BARANG Win2]],Table43[[#This Row],[No. Urut Item Sama]]) -> F40310020480301 | B19: 1 | C19: 13 | D19: 050702101 | E19: GARDEN OF NAEEM | F19: Garden of Na eem Body Cleanser Royal Jasmine Botol 24 x 480Ml | G19: 24 | H19: 8992946533433 | I19: =Table43[[#This Row],[Nama Jenis Kemasan]] -> BTL | J19: =TRIM(CONCATENATE(Table43[[#This Row],[Nama KLP]]," ",Table43[[#This Row],[Nama Sub KLP]])) -> GRDN OF NA EEM BCL | K19: =CONCATENATE(Table43[[#This Row],[kode 2 Digit (hrf+No)]],Table43[[#This Row],[kode 2 Digit (Nomor)]],Table43[[#This Row],[kode 1 Digit (Nomor)]]) -> F4031 | L19: =IF(AG19="",CONCATENATE(Q19,S19,U19,W19,Y19,AA19,AC19,AE19,Table43[[#This Row],[Tanda Kode Revisi]]),CONCATENATE(Q19,S19,U19,W19,Y19,AA19,AC19,AG19)) -> F4031002048030 | M19: =LEN(L19) -> 14 | N19: =IF(AF19<>"",TRIM(UPPER(CONCATENATE(P19," ",R19," ",T19," ",V19," ",X19," ",Z19," ","X"," ",Table43[[#This Row],[ISI/CTN]]," ",AF19," ",AB19," ",AD19," ",AH19))),TRIM(UPPER(CONCATENATE(P19," ",R19," ",T19," ",V19," ",X19," ",Z19," ","X"," ",Table43[[#This Row],[ISI/CTN]]," ",AB19," ",AD19," ",AH19)))) -> GRDN OF NA EEM BCL ROYAL JASMINE 480ML X 24 BTL | O19: =LEN(N19) -> 47 | Q19: F4 | R19: GRDN OF NA EEM | S19: 03 | T19: BCL | U19: 1 | W19: 0 | X19: ROYAL JASMINE | Y19: 02 | Z19: 480ML | AA19: 0480 | AB19: BTL | AC19: 3 | AE19: 0 | AI19: LITER | AJ19: 2 | AL19: 28360.901 | AM19: =Table43[[#This Row],[Harga Beli Pcs (-PPN)]]*Table43[[#This Row],[ISI/CTN]] -> 680661.62 | AN19: =Table43[[#This Row],[Harga Beli Pcs (-PPN)]]*1.11 -> 31480.6 | AO19: =Table43[[#This Row],[Harga Beli Krt (- PPN)]]*1.11 -> 755534.4 | AP19: 30630.631 | AQ19: =Table43[[#This Row],[Harga Jual Pcs GT (-PPN)]]*Table43[[#This Row],[ISI/CTN]] -> 735135.14 | AR19: =Table43[[#This Row],[Harga Jual Pcs GT (-PPN)]]*1.11 -> 34000 | AS19: =Table43[[#This Row],[Harga Jual Krt GT (- PPN)]]*1.11 -> 816000 | AU19: =Table43[[#This Row],[Harga Jual Pcs MT (-PPN)]]*Table43[[#This Row],[ISI/CTN]] -> 0 | AV19: =Table43[[#This Row],[Harga Jual Pcs MT (-PPN)]]*1.11 -> 0 | AW19: =Table43[[#This Row],[Harga Jual Pcs MT (+PPN)]]*Table43[[#This Row],[ISI/CTN]] -> 0 | AX19: =IFERROR((Table43[[#This Row],[Harga Jual Pcs GT (-PPN)]]-Table43[[#This Row],[Harga Beli Pcs (-PPN)]])/Table43[[#This Row],[Harga Jual Pcs GT (-PPN)]],0) -> 0.0741 | AY19: 45848 | BA19: =IF(TODAY()-Table43[[#This Row],[Efektif Pembuatan]]>60,"Lama","Baru") -> Lama | BB19: =IF(TODAY()-Table43[[#This Row],[Efektif Naik Harga]]<30,"Naik","Sama") -> Sama | BC19: Aktif | BD19: =IF(Table43[[#This Row],[Kode BARANG Win2]]<>"","IDR","") -> IDR | BE19: =CONCATENATE(Table43[[#This Row],[kode 1 Digit (Nomor)]],Table43[[#This Row],[kode 4 Digit (Nomor)]]) -> 20480 | BF19: =Table43[[#This Row],[Nama Gramasi atau Jumlah Pack per CTN]] -> 480ML | BG19: S-FRN | BH19: 45MIX | BI19: =IF(Table43[[#This Row],[SATUAN Fix Win]]<>"","KRT") -> KRT | BJ19: =IF(Table43[[#This Row],[SATUAN Fix Win]]<>"","GD01") -> GD01 | BK19: =IF(Table43[[#This Row],[SATUAN Fix Win]]<>"",11611) -> 11611 | BL19: =IF(Table43[[#This Row],[SATUAN Fix Win]]<>"",11612) -> 11612 | BM19: 0101 | BN19: =IF(Table43[[#This Row],[SATUAN Fix Win]]<>"",1) -> 1 | BO19: PT. FOKUS RITEL NUSAPRIMA
A20: =CONCATENATE(Table43[[#This Row],[Kode BARANG Win2]],Table43[[#This Row],[No. Urut Item Sama]]) -> F40310030480101 | B20: 1 | C20: 14 | D20: 050701101 | E20: GARDEN OF NAEEM | F20: Garden of Na eem Body Cleanser Taifi Rose Botol 24 x 480Ml | G20: 24 | H20: 8992946533419 | I20: =Table43[[#This Row],[Nama Jenis Kemasan]] -> PUMP | J20: =TRIM(CONCATENATE(Table43[[#This Row],[Nama KLP]]," ",Table43[[#This Row],[Nama Sub KLP]])) -> GRDN OF NA EEM BCL | K20: =CONCATENATE(Table43[[#This Row],[kode 2 Digit (hrf+No)]],Table43[[#This Row],[kode 2 Digit (Nomor)]],Table43[[#This Row],[kode 1 Digit (Nomor)]]) -> F4031 | L20: =IF(AG20="",CONCATENATE(Q20,S20,U20,W20,Y20,AA20,AC20,AE20,Table43[[#This Row],[Tanda Kode Revisi]]),CONCATENATE(Q20,S20,U20,W20,Y20,AA20,AC20,AG20)) -> F4031003048010 | M20: =LEN(L20) -> 14 | N20: =IF(AF20<>"",TRIM(UPPER(CONCATENATE(P20," ",R20," ",T20," ",V20," ",X20," ",Z20," ","X"," ",Table43[[#This Row],[ISI/CTN]]," ",AF20," ",AB20," ",AD20," ",AH20))),TRIM(UPPER(CONCATENATE(P20," ",R20," ",T20," ",V20," ",X20," ",Z20," ","X"," ",Table43[[#This Row],[ISI/CTN]]," ",AB20," ",AD20," ",AH20)))) -> GRDN OF NA EEM BCL TAIFI ROSE 480ML X 24 PUMP | O20: =LEN(N20) -> 45 | Q20: F4 | R20: GRDN OF NA EEM | S20: 03 | T20: BCL | U20: 1 | W20: 0 | X20: TAIFI ROSE | Y20: 03 | Z20: 480ML | AA20: 0480 | AB20: PUMP | AC20: 1 | AE20: 0 | AI20: LITER | AJ20: 2 | AL20: 28360.901 | AM20: =Table43[[#This Row],[Harga Beli Pcs (-PPN)]]*Table43[[#This Row],[ISI/CTN]] -> 680661.62 | AN20: =Table43[[#This Row],[Harga Beli Pcs (-PPN)]]*1.11 -> 31480.6 | AO20: =Table43[[#This Row],[Harga Beli Krt (- PPN)]]*1.11 -> 755534.4 | AP20: 30630.631 | AQ20: =Table43[[#This Row],[Harga Jual Pcs GT (-PPN)]]*Table43[[#This Row],[ISI/CTN]] -> 735135.14 | AR20: =Table43[[#This Row],[Harga Jual Pcs GT (-PPN)]]*1.11 -> 34000 | AS20: =Table43[[#This Row],[Harga Jual Krt GT (- PPN)]]*1.11 -> 816000 | AU20: =Table43[[#This Row],[Harga Jual Pcs MT (-PPN)]]*Table43[[#This Row],[ISI/CTN]] -> 0 | AV20: =Table43[[#This Row],[Harga Jual Pcs MT (-PPN)]]*1.11 -> 0 | AW20: =Table43[[#This Row],[Harga Jual Pcs MT (+PPN)]]*Table43[[#This Row],[ISI/CTN]] -> 0 | AX20: =IFERROR((Table43[[#This Row],[Harga Jual Pcs GT (-PPN)]]-Table43[[#This Row],[Harga Beli Pcs (-PPN)]])/Table43[[#This Row],[Harga Jual Pcs GT (-PPN)]],0) -> 0.0741 | AY20: 45848 | BA20: =IF(TODAY()-Table43[[#This Row],[Efektif Pembuatan]]>60,"Lama","Baru") -> Lama | BB20: =IF(TODAY()-Table43[[#This Row],[Efektif Naik Harga]]<30,"Naik","Sama") -> Sama | BC20: Aktif | BD20: =IF(Table43[[#This Row],[Kode BARANG Win2]]<>"","IDR","") -> IDR | BE20: =CONCATENATE(Table43[[#This Row],[kode 1 Digit (Nomor)]],Table43[[#This Row],[kode 4 Digit (Nomor)]]) -> 20480 | BF20: =Table43[[#This Row],[Nama Gramasi atau Jumlah Pack per CTN]] -> 480ML | BG20: S-FRN | BH20: 45MIX | BI20: =IF(Table43[[#This Row],[SATUAN Fix Win]]<>"","KRT") -> KRT | BJ20: =IF(Table43[[#This Row],[SATUAN Fix Win]]<>"","GD01") -> GD01 | BK20: =IF(Table43[[#This Row],[SATUAN Fix Win]]<>"",11611) -> 11611 | BL20: =IF(Table43[[#This Row],[SATUAN Fix Win]]<>"",11612) -> 11612 | BM20: 0101 | BN20: =IF(Table43[[#This Row],[SATUAN Fix Win]]<>"",1) -> 1 | BO20: PT. FOKUS RITEL NUSAPRIMA
A21: =CONCATENATE(Table43[[#This Row],[Kode BARANG Win2]],Table43[[#This Row],[No. Urut Item Sama]]) -> F40320010075101 | B21: 1 | C21: 15 | D21: 040703101 | E21: GARDEN OF NAEEM | F21: Garden of NaEem Midnight Gardenia 24x3x75Gr (P3) | G21: 24 | H21: 8992946534423 | I21: =Table43[[#This Row],[Nama Jenis Kemasan]] -> PACK | J21: =TRIM(CONCATENATE(Table43[[#This Row],[Nama KLP]]," ",Table43[[#This Row],[Nama Sub KLP]])) -> GRDN OF NA EEM SABUN | K21: =CONCATENATE(Table43[[#This Row],[kode 2 Digit (hrf+No)]],Table43[[#This Row],[kode 2 Digit (Nomor)]],Table43[[#This Row],[kode 1 Digit (Nomor)]]) -> F4032 | L21: =IF(AG21="",CONCATENATE(Q21,S21,U21,W21,Y21,AA21,AC21,AE21,Table43[[#This Row],[Tanda Kode Revisi]]),CONCATENATE(Q21,S21,U21,W21,Y21,AA21,AC21,AG21)) -> F4032001007510 | M21: =LEN(L21) -> 14 | N21: =IF(AF21<>"",TRIM(UPPER(CONCATENATE(P21," ",R21," ",T21," ",V21," ",X21," ",Z21," ","X"," ",Table43[[#This Row],[ISI/CTN]]," ",AF21," ",AB21," ",AD21," ",AH21))),TRIM(UPPER(CONCATENATE(P21," ",R21," ",T21," ",V21," ",X21," ",Z21," ","X"," ",Table43[[#This Row],[ISI/CTN]]," ",AB21," ",AD21," ",AH21)))) -> GRDN OF NA EEM SABUN MIDNIGHT GRDN 75G X 24 PACK | O21: =LEN(N21) -> 48 | Q21: F4 | R21: GRDN OF NA EEM | S21: 03 | T21: SABUN | U21: 2 | W21: 0 | X21: MIDNIGHT GRDN | Y21: 01 | Z21: 75G | AA21: 0075 | AB21: PACK | AC21: 1 | AE21: 0 | AI21: GRAM | AJ21: 1 | AL21: 7090.2252 | AM21: =Table43[[#This Row],[Harga Beli Pcs (-PPN)]]*Table43[[#This Row],[ISI/CTN]] -> 170165.41 | AN21: =Table43[[#This Row],[Harga Beli Pcs (-PPN)]]*1.11 -> 7870.15 | AO21: =Table43[[#This Row],[Harga Beli Krt (- PPN)]]*1.11 -> 188883.6 | AP21: 7657.6577 | AQ21: =Table43[[#This Row],[Harga Jual Pcs GT (-PPN)]]*Table43[[#This Row],[ISI/CTN]] -> 183783.78 | AR21: =Table43[[#This Row],[Harga Jual Pcs GT (-PPN)]]*1.11 -> 8500 | AS21: =Table43[[#This Row],[Harga Jual Krt GT (- PPN)]]*1.11 -> 204000 | AU21: =Table43[[#This Row],[Harga Jual Pcs MT (-PPN)]]*Table43[[#This Row],[ISI/CTN]] -> 0 | AV21: =Table43[[#This Row],[Harga Jual Pcs MT (-PPN)]]*1.11 -> 0 | AW21: =Table43[[#This Row],[Harga Jual Pcs MT (+PPN)]]*Table43[[#This Row],[ISI/CTN]] -> 0 | AX21: =IFERROR((Table43[[#This Row],[Harga Jual Pcs GT (-PPN)]]-Table43[[#This Row],[Harga Beli Pcs (-PPN)]])/Table43[[#This Row],[Harga Jual Pcs GT (-PPN)]],0) -> 0.0741 | AY21: 45848 | BA21: =IF(TODAY()-Table43[[#This Row],[Efektif Pembuatan]]>60,"Lama","Baru") -> Lama | BB21: =IF(TODAY()-Table43[[#This Row],[Efektif Naik Harga]]<30,"Naik","Sama") -> Sama | BC21: Aktif | BD21: =IF(Table43[[#This Row],[Kode BARANG Win2]]<>"","IDR","") -> IDR | BE21: =CONCATENATE(Table43[[#This Row],[kode 1 Digit (Nomor)]],Table43[[#This Row],[kode 4 Digit (Nomor)]]) -> 10075 | BF21: =Table43[[#This Row],[Nama Gramasi atau Jumlah Pack per CTN]] -> 75G | BG21: S-FRN | BH21: 45MIX | BI21: =IF(Table43[[#This Row],[SATUAN Fix Win]]<>"","KRT") -> KRT | BJ21: =IF(Table43[[#This Row],[SATUAN Fix Win]]<>"","GD01") -> GD01 | BK21: =IF(Table43[[#This Row],[SATUAN Fix Win]]<>"",11611) -> 11611 | BL21: =IF(Table43[[#This Row],[SATUAN Fix Win]]<>"",11612) -> 11612 | BM21: 0101 | BN21: =IF(Table43[[#This Row],[SATUAN Fix Win]]<>"",1) -> 1 | BO21: PT. FOKUS RITEL NUSAPRIMA
A22: =CONCATENATE(Table43[[#This Row],[Kode BARANG Win2]],Table43[[#This Row],[No. Urut Item Sama]]) -> F40320010075201 | B22: 1 | C22: 16 | D22: 040703100 | E22: GARDEN OF NAEEM | F22: Garden of Na'Eem Midnight Gardenia 72x75Gr | G22: 72 | H22: 8992946533907 | I22: =Table43[[#This Row],[Nama Jenis Kemasan]] -> PCS | J22: =TRIM(CONCATENATE(Table43[[#This Row],[Nama KLP]]," ",Table43[[#This Row],[Nama Sub KLP]])) -> GRDN OF NA EEM SABUN | K22: =CONCATENATE(Table43[[#This Row],[kode 2 Digit (hrf+No)]],Table43[[#This Row],[kode 2 Digit (Nomor)]],Table43[[#This Row],[kode 1 Digit (Nomor)]]) -> F4032 | L22: =IF(AG22="",CONCATENATE(Q22,S22,U22,W22,Y22,AA22,AC22,AE22,Table43[[#This Row],[Tanda Kode Revisi]]),CONCATENATE(Q22,S22,U22,W22,Y22,AA22,AC22,AG22)) -> F4032001007520 | M22: =LEN(L22) -> 14 | N22: =IF(AF22<>"",TRIM(UPPER(CONCATENATE(P22," ",R22," ",T22," ",V22," ",X22," ",Z22," ","X"," ",Table43[[#This Row],[ISI/CTN]]," ",AF22," ",AB22," ",AD22," ",AH22))),TRIM(UPPER(CONCATENATE(P22," ",R22," ",T22," ",V22," ",X22," ",Z22," ","X"," ",Table43[[#This Row],[ISI/CTN]]," ",AB22," ",AD22," ",AH22)))) -> GRDN OF NA EEM SABUN MIDNIGHT GRDN 75G X 72 PCS | O22: =LEN(N22) -> 47 | Q22: F4 | R22: GRDN OF NA EEM | S22: 03 | T22: SABUN | U22: 2 | W22: 0 | X22: MIDNIGHT GRDN | Y22: 01 | Z22: 75G | AA22: 0075 | AB22: PCS | AC22: 2 | AE22: 0 | AI22: GRAM | AJ22: 1 | AL22: 2460.7252 | AM22: =Table43[[#This Row],[Harga Beli Pcs (-PPN)]]*Table43[[#This Row],[ISI/CTN]] -> 177172.22 | AN22: =Table43[[#This Row],[Harga Beli Pcs (-PPN)]]*1.11 -> 2731.405 | AO22: =Table43[[#This Row],[Harga Beli Krt (- PPN)]]*1.11 -> 196661.16 | AP22: 2657.6577 | AQ22: =Table43[[#This Row],[Harga Jual Pcs GT (-PPN)]]*Table43[[#This Row],[ISI/CTN]] -> 191351.35 | AR22: =Table43[[#This Row],[Harga Jual Pcs GT (-PPN)]]*1.11 -> 2950 | AS22: =Table43[[#This Row],[Harga Jual Krt GT (- PPN)]]*1.11 -> 212400 | AU22: =Table43[[#This Row],[Harga Jual Pcs MT (-PPN)]]*Table43[[#This Row],[ISI/CTN]] -> 0 | AV22: =Table43[[#This Row],[Harga Jual Pcs MT (-PPN)]]*1.11 -> 0 | AW22: =Table43[[#This Row],[Harga Jual Pcs MT (+PPN)]]*Table43[[#This Row],[ISI/CTN]] -> 0 | AX22: =IFERROR((Table43[[#This Row],[Harga Jual Pcs GT (-PPN)]]-Table43[[#This Row],[Harga Beli Pcs (-PPN)]])/Table43[[#This Row],[Harga Jual Pcs GT (-PPN)]],0) -> 0.0741 | AY22: 45848 | BA22: =IF(TODAY()-Table43[[#This Row],[Efektif Pembuatan]]>60,"Lama","Baru") -> Lama | BB22: =IF(TODAY()-Table43[[#This Row],[Efektif Naik Harga]]<30,"Naik","Sama") -> Sama | BC22: Aktif | BD22: =IF(Table43[[#This Row],[Kode BARANG Win2]]<>"","IDR","") -> IDR | BE22: =CONCATENATE(Table43[[#This Row],[kode 1 Digit (Nomor)]],Table43[[#This Row],[kode 4 Digit (Nomor)]]) -> 10075 | BF22: =Table43[[#This Row],[Nama Gramasi atau Jumlah Pack per CTN]] -> 75G | BG22: S-FRN | BH22: 45MIX | BI22: =IF(Table43[[#This Row],[SATUAN Fix Win]]<>"","KRT") -> KRT | BJ22: =IF(Table43[[#This Row],[SATUAN Fix Win]]<>"","GD01") -> GD01 | BK22: =IF(Table43[[#This Row],[SATUAN Fix Win]]<>"",11611) -> 11611 | BL22: =IF(Table43[[#This Row],[SATUAN Fix Win]]<>"",11612) -> 11612 | BM22: 0101 | BN22: =IF(Table43[[#This Row],[SATUAN Fix Win]]<>"",1) -> 1 | BO22: PT. FOKUS RITEL NUSAPRIMA
A23: =CONCATENATE(Table43[[#This Row],[Kode BARANG Win2]],Table43[[#This Row],[No. Urut Item Sama]]) -> F40320020075101 | B23: 1 | C23: 17 | D23: 040702101 | E23: GARDEN OF NAEEM | F23: Garden of NaEem Royal Jasmine 24x3x75Gr (P3) | G23: 24 | H23: 8992946534416 | I23: =Table43[[#This Row],[Nama Jenis Kemasan]] -> PACK | J23: =TRIM(CONCATENATE(Table43[[#This Row],[Nama KLP]]," ",Table43[[#This Row],[Nama Sub KLP]])) -> GRDN OF NA EEM SABUN | K23: =CONCATENATE(Table43[[#This Row],[kode 2 Digit (hrf+No)]],Table43[[#This Row],[kode 2 Digit (Nomor)]],Table43[[#This Row],[kode 1 Digit (Nomor)]]) -> F4032 | L23: =IF(AG23="",CONCATENATE(Q23,S23,U23,W23,Y23,AA23,AC23,AE23,Table43[[#This Row],[Tanda Kode Revisi]]),CONCATENATE(Q23,S23,U23,W23,Y23,AA23,AC23,AG23)) -> F4032002007510 | M23: =LEN(L23) -> 14 | N23: =IF(AF23<>"",TRIM(UPPER(CONCATENATE(P23," ",R23," ",T23," ",V23," ",X23," ",Z23," ","X"," ",Table43[[#This Row],[ISI/CTN]]," ",AF23," ",AB23," ",AD23," ",AH23))),TRIM(UPPER(CONCATENATE(P23," ",R23," ",T23," ",V23," ",X23," ",Z23," ","X"," ",Table43[[#This Row],[ISI/CTN]]," ",AB23," ",AD23," ",AH23)))) -> GRDN OF NA EEM SABUN ROYAL JASMINE 75G X 24 PACK | O23: =LEN(N23) -> 48 | Q23: F4 | R23: GRDN OF NA EEM | S23: 03 | T23: SABUN | U23: 2 | W23: 0 | X23: ROYAL JASMINE | Y23: 02 | Z23: 75G | AA23: 0075 | AB23: PACK | AC23: 1 | AE23: 0 | AI23: GRAM | AJ23: 1 | AL23: 7090.2252 | AM23: =Table43[[#This Row],[Harga Beli Pcs (-PPN)]]*Table43[[#This Row],[ISI/CTN]] -> 170165.41 | AN23: =Table43[[#This Row],[Harga Beli Pcs (-PPN)]]*1.11 -> 7870.15 | AO23: =Table43[[#This Row],[Harga Beli Krt (- PPN)]]*1.11 -> 188883.6 | AP23: 7657.6577 | AQ23: =Table43[[#This Row],[Harga Jual Pcs GT (-PPN)]]*Table43[[#This Row],[ISI/CTN]] -> 183783.78 | AR23: =Table43[[#This Row],[Harga Jual Pcs GT (-PPN)]]*1.11 -> 8500 | AS23: =Table43[[#This Row],[Harga Jual Krt GT (- PPN)]]*1.11 -> 204000 | AU23: =Table43[[#This Row],[Harga Jual Pcs MT (-PPN)]]*Table43[[#This Row],[ISI/CTN]] -> 0 | AV23: =Table43[[#This Row],[Harga Jual Pcs MT (-PPN)]]*1.11 -> 0 | AW23: =Table43[[#This Row],[Harga Jual Pcs MT (+PPN)]]*Table43[[#This Row],[ISI/CTN]] -> 0 | AX23: =IFERROR((Table43[[#This Row],[Harga Jual Pcs GT (-PPN)]]-Table43[[#This Row],[Harga Beli Pcs (-PPN)]])/Table43[[#This Row],[Harga Jual Pcs GT (-PPN)]],0) -> 0.0741 | AY23: 45848 | BA23: =IF(TODAY()-Table43[[#This Row],[Efektif Pembuatan]]>60,"Lama","Baru") -> Lama | BB23: =IF(TODAY()-Table43[[#This Row],[Efektif Naik Harga]]<30,"Naik","Sama") -> Sama | BC23: Aktif | BD23: =IF(Table43[[#This Row],[Kode BARANG Win2]]<>"","IDR","") -> IDR | BE23: =CONCATENATE(Table43[[#This Row],[kode 1 Digit (Nomor)]],Table43[[#This Row],[kode 4 Digit (Nomor)]]) -> 10075 | BF23: =Table43[[#This Row],[Nama Gramasi atau Jumlah Pack per CTN]] -> 75G | BG23: S-FRN | BH23: 45MIX | BI23: =IF(Table43[[#This Row],[SATUAN Fix Win]]<>"","KRT") -> KRT | BJ23: =IF(Table43[[#This Row],[SATUAN Fix Win]]<>"","GD01") -> GD01 | BK23: =IF(Table43[[#This Row],[SATUAN Fix Win]]<>"",11611) -> 11611 | BL23: =IF(Table43[[#This Row],[SATUAN Fix Win]]<>"",11612) -> 11612 | BM23: 0101 | BN23: =IF(Table43[[#This Row],[SATUAN Fix Win]]<>"",1) -> 1 | BO23: PT. FOKUS RITEL NUSAPRIMA
A24: =CONCATENATE(Table43[[#This Row],[Kode BARANG Win2]],Table43[[#This Row],[No. Urut Item Sama]]) -> F40320020075201 | B24: 1 | C24: 18 | D24: 040702100 | E24: GARDEN OF NAEEM | F24: Garden of Na'Eem Royal Jasmine 72x75Gr | G24: 72 | H24: 8992946533518 | I24: =Table43[[#This Row],[Nama Jenis Kemasan]] -> PCS | J24: =TRIM(CONCATENATE(Table43[[#This Row],[Nama KLP]]," ",Table43[[#This Row],[Nama Sub KLP]])) -> GRDN OF NA EEM SABUN | K24: =CONCATENATE(Table43[[#This Row],[kode 2 Digit (hrf+No)]],Table43[[#This Row],[kode 2 Digit (Nomor)]],Table43[[#This Row],[kode 1 Digit (Nomor)]]) -> F4032 | L24: =IF(AG24="",CONCATENATE(Q24,S24,U24,W24,Y24,AA24,AC24,AE24,Table43[[#This Row],[Tanda Kode Revisi]]),CONCATENATE(Q24,S24,U24,W24,Y24,AA24,AC24,AG24)) -> F4032002007520 | M24: =LEN(L24) -> 14 | N24: =IF(AF24<>"",TRIM(UPPER(CONCATENATE(P24," ",R24," ",T24," ",V24," ",X24," ",Z24," ","X"," ",Table43[[#This Row],[ISI/CTN]]," ",AF24," ",AB24," ",AD24," ",AH24))),TRIM(UPPER(CONCATENATE(P24," ",R24," ",T24," ",V24," ",X24," ",Z24," ","X"," ",Table43[[#This Row],[ISI/CTN]]," ",AB24," ",AD24," ",AH24)))) -> GRDN OF NA EEM SABUN ROYAL JASMINE 75G X 72 PCS | O24: =LEN(N24) -> 47 | Q24: F4 | R24: GRDN OF NA EEM | S24: 03 | T24: SABUN | U24: 2 | W24: 0 | X24: ROYAL JASMINE | Y24: 02 | Z24: 75G | AA24: 0075 | AB24: PCS | AC24: 2 | AE24: 0 | AI24: GRAM | AJ24: 1 | AL24: 2460.7252 | AM24: =Table43[[#This Row],[Harga Beli Pcs (-PPN)]]*Table43[[#This Row],[ISI/CTN]] -> 177172.22 | AN24: =Table43[[#This Row],[Harga Beli Pcs (-PPN)]]*1.11 -> 2731.405 | AO24: =Table43[[#This Row],[Harga Beli Krt (- PPN)]]*1.11 -> 196661.16 | AP24: 2657.6577 | AQ24: =Table43[[#This Row],[Harga Jual Pcs GT (-PPN)]]*Table43[[#This Row],[ISI/CTN]] -> 191351.35 | AR24: =Table43[[#This Row],[Harga Jual Pcs GT (-PPN)]]*1.11 -> 2950 | AS24: =Table43[[#This Row],[Harga Jual Krt GT (- PPN)]]*1.11 -> 212400 | AU24: =Table43[[#This Row],[Harga Jual Pcs MT (-PPN)]]*Table43[[#This Row],[ISI/CTN]] -> 0 | AV24: =Table43[[#This Row],[Harga Jual Pcs MT (-PPN)]]*1.11 -> 0 | AW24: =Table43[[#This Row],[Harga Jual Pcs MT (+PPN)]]*Table43[[#This Row],[ISI/CTN]] -> 0 | AX24: =IFERROR((Table43[[#This Row],[Harga Jual Pcs GT (-PPN)]]-Table43[[#This Row],[Harga Beli Pcs (-PPN)]])/Table43[[#This Row],[Harga Jual Pcs GT (-PPN)]],0) -> 0.0741 | AY24: 45848 | BA24: =IF(TODAY()-Table43[[#This Row],[Efektif Pembuatan]]>60,"Lama","Baru") -> Lama | BB24: =IF(TODAY()-Table43[[#This Row],[Efektif Naik Harga]]<30,"Naik","Sama") -> Sama | BC24: Aktif | BD24: =IF(Table43[[#This Row],[Kode BARANG Win2]]<>"","IDR","") -> IDR | BE24: =CONCATENATE(Table43[[#This Row],[kode 1 Digit (Nomor)]],Table43[[#This Row],[kode 4 Digit (Nomor)]]) -> 10075 | BF24: =Table43[[#This Row],[Nama Gramasi atau Jumlah Pack per CTN]] -> 75G | BG24: S-FRN | BH24: 45MIX | BI24: =IF(Table43[[#This Row],[SATUAN Fix Win]]<>"","KRT") -> KRT | BJ24: =IF(Table43[[#This Row],[SATUAN Fix Win]]<>"","GD01") -> GD01 | BK24: =IF(Table43[[#This Row],[SATUAN Fix Win]]<>"",11611) -> 11611 | BL24: =IF(Table43[[#This Row],[SATUAN Fix Win]]<>"",11612) -> 11612 | BM24: 0101 | BN24: =IF(Table43[[#This Row],[SATUAN Fix Win]]<>"",1) -> 1 | BO24: PT. FOKUS RITEL NUSAPRIMA
A25: =CONCATENATE(Table43[[#This Row],[Kode BARANG Win2]],Table43[[#This Row],[No. Urut Item Sama]]) -> F40320030075101 | B25: 1 | C25: 19 | D25: 040701101 | E25: GARDEN OF NAEEM | F25: Garden of Na'Eem Taifi Rose 24x3x75Gr (P3) | G25: 24 | H25: 8992946534409 | I25: =Table43[[#This Row],[Nama Jenis Kemasan]] -> PACK | J25: =TRIM(CONCATENATE(Table43[[#This Row],[Nama KLP]]," ",Table43[[#This Row],[Nama Sub KLP]])) -> GRDN OF NA EEM SABUN | K25: =CONCATENATE(Table43[[#This Row],[kode 2 Digit (hrf+No)]],Table43[[#This Row],[kode 2 Digit (Nomor)]],Table43[[#This Row],[kode 1 Digit (Nomor)]]) -> F4032 | L25: =IF(AG25="",CONCATENATE(Q25,S25,U25,W25,Y25,AA25,AC25,AE25,Table43[[#This Row],[Tanda Kode Revisi]]),CONCATENATE(Q25,S25,U25,W25,Y25,AA25,AC25,AG25)) -> F4032003007510 | M25: =LEN(L25) -> 14 | N25: =IF(AF25<>"",TRIM(UPPER(CONCATENATE(P25," ",R25," ",T25," ",V25," ",X25," ",Z25," ","X"," ",Table43[[#This Row],[ISI/CTN]]," ",AF25," ",AB25," ",AD25," ",AH25))),TRIM(UPPER(CONCATENATE(P25," ",R25," ",T25," ",V25," ",X25," ",Z25," ","X"," ",Table43[[#This Row],[ISI/CTN]]," ",AB25," ",AD25," ",AH25)))) -> GRDN OF NA EEM SABUN TAIFI ROSE 75G X 24 PACK | O25: =LEN(N25) -> 45 | Q25: F4 | R25: GRDN OF NA EEM | S25: 03 | T25: SABUN | U25: 2 | W25: 0 | X25: TAIFI ROSE | Y25: 03 | Z25: 75G | AA25: 0075 | AB25: PACK | AC25: 1 | AE25: 0 | AI25: GRAM | AJ25: 1 | AL25: 7090.2252 | AM25: =Table43[[#This Row],[Harga Beli Pcs (-PPN)]]*Table43[[#This Row],[ISI/CTN]] -> 170165.41 | AN25: =Table43[[#This Row],[Harga Beli Pcs (-PPN)]]*1.11 -> 7870.15 | AO25: =Table43[[#This Row],[Harga Beli Krt (- PPN)]]*1.11 -> 188883.6 | AP25: 7657.6577 | AQ25: =Table43[[#This Row],[Harga Jual Pcs GT (-PPN)]]*Table43[[#This Row],[ISI/CTN]] -> 183783.78 | AR25: =Table43[[#This Row],[Harga Jual Pcs GT (-PPN)]]*1.11 -> 8500 | AS25: =Table43[[#This Row],[Harga Jual Krt GT (- PPN)]]*1.11 -> 204000 | AU25: =Table43[[#This Row],[Harga Jual Pcs MT (-PPN)]]*Table43[[#This Row],[ISI/CTN]] -> 0 | AV25: =Table43[[#This Row],[Harga Jual Pcs MT (-PPN)]]*1.11 -> 0 | AW25: =Table43[[#This Row],[Harga Jual Pcs MT (+PPN)]]*Table43[[#This Row],[ISI/CTN]] -> 0 | AX25: =IFERROR((Table43[[#This Row],[Harga Jual Pcs GT (-PPN)]]-Table43[[#This Row],[Harga Beli Pcs (-PPN)]])/Table43[[#This Row],[Harga Jual Pcs GT (-PPN)]],0) -> 0.0741 | AY25: 45848 | BA25: =IF(TODAY()-Table43[[#This Row],[Efektif Pembuatan]]>60,"Lama","Baru") -> Lama | BB25: =IF(TODAY()-Table43[[#This Row],[Efektif Naik Harga]]<30,"Naik","Sama") -> Sama | BC25: Aktif | BD25: =IF(Table43[[#This Row],[Kode BARANG Win2]]<>"","IDR","") -> IDR | BE25: =CONCATENATE(Table43[[#This Row],[kode 1 Digit (Nomor)]],Table43[[#This Row],[kode 4 Digit (Nomor)]]) -> 10075 | BF25: =Table43[[#This Row],[Nama Gramasi atau Jumlah Pack per CTN]] -> 75G | BG25: S-FRN | BH25: 45MIX | BI25: =IF(Table43[[#This Row],[SATUAN Fix Win]]<>"","KRT") -> KRT | BJ25: =IF(Table43[[#This Row],[SATUAN Fix Win]]<>"","GD01") -> GD01 | BK25: =IF(Table43[[#This Row],[SATUAN Fix Win]]<>"",11611) -> 11611 | BL25: =IF(Table43[[#This Row],[SATUAN Fix Win]]<>"",11612) -> 11612 | BM25: 0101 | BN25: =IF(Table43[[#This Row],[SATUAN Fix Win]]<>"",1) -> 1 | BO25: PT. FOKUS RITEL NUSAPRIMA
A26: =CONCATENATE(Table43[[#This Row],[Kode BARANG Win2]],Table43[[#This Row],[No. Urut Item Sama]]) -> F40320030075201 | B26: 1 | C26: 20 | D26: 040701100 | E26: GARDEN OF NAEEM | F26: Garden of Na'Eem Taifi Rose 72x75Gr | G26: 72 | H26: 8992946533901 | I26: =Table43[[#This Row],[Nama Jenis Kemasan]] -> PCS | J26: =TRIM(CONCATENATE(Table43[[#This Row],[Nama KLP]]," ",Table43[[#This Row],[Nama Sub KLP]])) -> GRDN OF NA EEM SABUN | K26: =CONCATENATE(Table43[[#This Row],[kode 2 Digit (hrf+No)]],Table43[[#This Row],[kode 2 Digit (Nomor)]],Table43[[#This Row],[kode 1 Digit (Nomor)]]) -> F4032 | L26: =IF(AG26="",CONCATENATE(Q26,S26,U26,W26,Y26,AA26,AC26,AE26,Table43[[#This Row],[Tanda Kode Revisi]]),CONCATENATE(Q26,S26,U26,W26,Y26,AA26,AC26,AG26)) -> F4032003007520 | M26: =LEN(L26) -> 14 | N26: =IF(AF26<>"",TRIM(UPPER(CONCATENATE(P26," ",R26," ",T26," ",V26," ",X26," ",Z26," ","X"," ",Table43[[#This Row],[ISI/CTN]]," ",AF26," ",AB26," ",AD26," ",AH26))),TRIM(UPPER(CONCATENATE(P26," ",R26," ",T26," ",V26," ",X26," ",Z26," ","X"," ",Table43[[#This Row],[ISI/CTN]]," ",AB26," ",AD26," ",AH26)))) -> GRDN OF NA EEM SABUN TAIFI ROSE 75G X 72 PCS | O26: =LEN(N26) -> 44 | Q26: F4 | R26: GRDN OF NA EEM | S26: 03 | T26: SABUN | U26: 2 | W26: 0 | X26: TAIFI ROSE | Y26: 03 | Z26: 75G | AA26: 0075 | AB26: PCS | AC26: 2 | AE26: 0 | AI26: GRAM | AJ26: 1 | AL26: 2460.7252 | AM26: =Table43[[#This Row],[Harga Beli Pcs (-PPN)]]*Table43[[#This Row],[ISI/CTN]] -> 177172.22 | AN26: =Table43[[#This Row],[Harga Beli Pcs (-PPN)]]*1.11 -> 2731.405 | AO26: =Table43[[#This Row],[Harga Beli Krt (- PPN)]]*1.11 -> 196661.16 | AP26: 2657.6577 | AQ26: =Table43[[#This Row],[Harga Jual Pcs GT (-PPN)]]*Table43[[#This Row],[ISI/CTN]] -> 191351.35 | AR26: =Table43[[#This Row],[Harga Jual Pcs GT (-PPN)]]*1.11 -> 2950 | AS26: =Table43[[#This Row],[Harga Jual Krt GT (- PPN)]]*1.11 -> 212400 | AU26: =Table43[[#This Row],[Harga Jual Pcs MT (-PPN)]]*Table43[[#This Row],[ISI/CTN]] -> 0 | AV26: =Table43[[#This Row],[Harga Jual Pcs MT (-PPN)]]*1.11 -> 0 | AW26: =Table43[[#This Row],[Harga Jual Pcs MT (+PPN)]]*Table43[[#This Row],[ISI/CTN]] -> 0 | AX26: =IFERROR((Table43[[#This Row],[Harga Jual Pcs GT (-PPN)]]-Table43[[#This Row],[Harga Beli Pcs (-PPN)]])/Table43[[#This Row],[Harga Jual Pcs GT (-PPN)]],0) -> 0.0741 | AY26: 45848 | BA26: =IF(TODAY()-Table43[[#This Row],[Efektif Pembuatan]]>60,"Lama","Baru") -> Lama | BB26: =IF(TODAY()-Table43[[#This Row],[Efektif Naik Harga]]<30,"Naik","Sama") -> Sama | BC26: Aktif | BD26: =IF(Table43[[#This Row],[Kode BARANG Win2]]<>"","IDR","") -> IDR | BE26: =CONCATENATE(Table43[[#This Row],[kode 1 Digit (Nomor)]],Table43[[#This Row],[kode 4 Digit (Nomor)]]) -> 10075 | BF26: =Table43[[#This Row],[Nama Gramasi atau Jumlah Pack per CTN]] -> 75G | BG26: S-FRN | BH26: 45MIX | BI26: =IF(Table43[[#This Row],[SATUAN Fix Win]]<>"","KRT") -> KRT | BJ26: =IF(Table43[[#This Row],[SATUAN Fix Win]]<>"","GD01") -> GD01 | BK26: =IF(Table43[[#This Row],[SATUAN Fix Win]]<>"",11611) -> 11611 | BL26: =IF(Table43[[#This Row],[SATUAN Fix Win]]<>"",11612) -> 11612 | BM26: 0101 | BN26: =IF(Table43[[#This Row],[SATUAN Fix Win]]<>"",1) -> 1 | BO26: PT. FOKUS RITEL NUSAPRIMA
A27: =CONCATENATE(Table43[[#This Row],[Kode BARANG Win2]],Table43[[#This Row],[No. Urut Item Sama]]) -> F40410010200101 | B27: 1 | C27: 21 | D27: 070703292 | E27: GARDENIA GLOW | F27: GG BLT Midnight Gardenia 48X200Ml | G27: 48 | H27: 8992946534584 | I27: =Table43[[#This Row],[Nama Jenis Kemasan]] -> BTL | J27: =TRIM(CONCATENATE(Table43[[#This Row],[Nama KLP]]," ",Table43[[#This Row],[Nama Sub KLP]])) -> GRDN GLOW BODY LTN | K27: =CONCATENATE(Table43[[#This Row],[kode 2 Digit (hrf+No)]],Table43[[#This Row],[kode 2 Digit (Nomor)]],Table43[[#This Row],[kode 1 Digit (Nomor)]]) -> F4041 | L27: =IF(AG27="",CONCATENATE(Q27,S27,U27,W27,Y27,AA27,AC27,AE27,Table43[[#This Row],[Tanda Kode Revisi]]),CONCATENATE(Q27,S27,U27,W27,Y27,AA27,AC27,AG27)) -> F4041001020010 | M27: =LEN(L27) -> 14 | N27: =IF(AF27<>"",TRIM(UPPER(CONCATENATE(P27," ",R27," ",T27," ",V27," ",X27," ",Z27," ","X"," ",Table43[[#This Row],[ISI/CTN]]," ",AF27," ",AB27," ",AD27," ",AH27))),TRIM(UPPER(CONCATENATE(P27," ",R27," ",T27," ",V27," ",X27," ",Z27," ","X"," ",Table43[[#This Row],[ISI/CTN]]," ",AB27," ",AD27," ",AH27)))) -> GRDN GLOW BODY LTN MIDNIGHT GRDN 200ML X 48 BTL | O27: =LEN(N27) -> 47 | Q27: F4 | R27: GRDN GLOW | S27: 04 | T27: BODY LTN | U27: 1 | W27: 0 | X27: MIDNIGHT GRDN | Y27: 01 | Z27: 200ML | AA27: 0200 | AB27: BTL | AC27: 1 | AE27: 0 | AI27: LITER | AJ27: 2 | AL27: 12887.527 | AM27: =Table43[[#This Row],[Harga Beli Pcs (-PPN)]]*Table43[[#This Row],[ISI/CTN]] -> 618601.3 | AN27: =Table43[[#This Row],[Harga Beli Pcs (-PPN)]]*1.11 -> 14305.155 | AO27: =Table43[[#This Row],[Harga Beli Krt (- PPN)]]*1.11 -> 686647.44 | AP27: 13918.919 | AQ27: =Table43[[#This Row],[Harga Jual Pcs GT (-PPN)]]*Table43[[#This Row],[ISI/CTN]] -> 668108.11 | AR27: =Table43[[#This Row],[Harga Jual Pcs GT (-PPN)]]*1.11 -> 15450 | AS27: =Table43[[#This Row],[Harga Jual Krt GT (- PPN)]]*1.11 -> 741600 | AU27: =Table43[[#This Row],[Harga Jual Pcs MT (-PPN)]]*Table43[[#This Row],[ISI/CTN]] -> 0 | AV27: =Table43[[#This Row],[Harga Jual Pcs MT (-PPN)]]*1.11 -> 0 | AW27: =Table43[[#This Row],[Harga Jual Pcs MT (+PPN)]]*Table43[[#This Row],[ISI/CTN]] -> 0 | AX27: =IFERROR((Table43[[#This Row],[Harga Jual Pcs GT (-PPN)]]-Table43[[#This Row],[Harga Beli Pcs (-PPN)]])/Table43[[#This Row],[Harga Jual Pcs GT (-PPN)]],0) -> 0.0741 | AY27: 45848 | BA27: =IF(TODAY()-Table43[[#This Row],[Efektif Pembuatan]]>60,"Lama","Baru") -> Lama | BB27: =IF(TODAY()-Table43[[#This Row],[Efektif Naik Harga]]<30,"Naik","Sama") -> Sama | BC27: Aktif | BD27: =IF(Table43[[#This Row],[Kode BARANG Win2]]<>"","IDR","") -> IDR | BE27: =CONCATENATE(Table43[[#This Row],[kode 1 Digit (Nomor)]],Table43[[#This Row],[kode 4 Digit (Nomor)]]) -> 20200 | BF27: =Table43[[#This Row],[Nama Gramasi atau Jumlah Pack per CTN]] -> 200ML | BG27: S-FRN | BH27: 45MIX | BI27: =IF(Table43[[#This Row],[SATUAN Fix Win]]<>"","KRT") -> KRT | BJ27: =IF(Table43[[#This Row],[SATUAN Fix Win]]<>"","GD01") -> GD01 | BK27: =IF(Table43[[#This Row],[SATUAN Fix Win]]<>"",11611) -> 11611 | BL27: =IF(Table43[[#This Row],[SATUAN Fix Win]]<>"",11612) -> 11612 | BM27: 0101 | BN27: =IF(Table43[[#This Row],[SATUAN Fix Win]]<>"",1) -> 1 | BO27: PT. FOKUS RITEL NUSAPRIMA
A28: =CONCATENATE(Table43[[#This Row],[Kode BARANG Win2]],Table43[[#This Row],[No. Urut Item Sama]]) -> F40410020200101 | B28: 1 | C28: 22 | D28: 070702292 | E28: GARDENIA GLOW | F28: GG BLT Royal Jasmine 48X200Ml | G28: 48 | H28: 8992946534591 | I28: =Table43[[#This Row],[Nama Jenis Kemasan]] -> BTL | J28: =TRIM(CONCATENATE(Table43[[#This Row],[Nama KLP]]," ",Table43[[#This Row],[Nama Sub KLP]])) -> GRDN GLOW BODY LTN | K28: =CONCATENATE(Table43[[#This Row],[kode 2 Digit (hrf+No)]],Table43[[#This Row],[kode 2 Digit (Nomor)]],Table43[[#This Row],[kode 1 Digit (Nomor)]]) -> F4041 | L28: =IF(AG28="",CONCATENATE(Q28,S28,U28,W28,Y28,AA28,AC28,AE28,Table43[[#This Row],[Tanda Kode Revisi]]),CONCATENATE(Q28,S28,U28,W28,Y28,AA28,AC28,AG28)) -> F4041002020010 | M28: =LEN(L28) -> 14 | N28: =IF(AF28<>"",TRIM(UPPER(CONCATENATE(P28," ",R28," ",T28," ",V28," ",X28," ",Z28," ","X"," ",Table43[[#This Row],[ISI/CTN]]," ",AF28," ",AB28," ",AD28," ",AH28))),TRIM(UPPER(CONCATENATE(P28," ",R28," ",T28," ",V28," ",X28," ",Z28," ","X"," ",Table43[[#This Row],[ISI/CTN]]," ",AB28," ",AD28," ",AH28)))) -> GRDN GLOW BODY LTN RYL JASMINE 200ML X 48 BTL | O28: =LEN(N28) -> 45 | Q28: F4 | R28: GRDN GLOW | S28: 04 | T28: BODY LTN | U28: 1 | W28: 0 | X28: RYL JASMINE | Y28: 02 | Z28: 200ML | AA28: 0200 | AB28: BTL | AC28: 1 | AE28: 0 | AI28: LITER | AJ28: 2 | AL28: 12887.527 | AM28: =Table43[[#This Row],[Harga Beli Pcs (-PPN)]]*Table43[[#This Row],[ISI/CTN]] -> 618601.3 | AN28: =Table43[[#This Row],[Harga Beli Pcs (-PPN)]]*1.11 -> 14305.155 | AO28: =Table43[[#This Row],[Harga Beli Krt (- PPN)]]*1.11 -> 686647.44 | AP28: 13918.919 | AQ28: =Table43[[#This Row],[Harga Jual Pcs GT (-PPN)]]*Table43[[#This Row],[ISI/CTN]] -> 668108.11 | AR28: =Table43[[#This Row],[Harga Jual Pcs GT (-PPN)]]*1.11 -> 15450 | AS28: =Table43[[#This Row],[Harga Jual Krt GT (- PPN)]]*1.11 -> 741600 | AU28: =Table43[[#This Row],[Harga Jual Pcs MT (-PPN)]]*Table43[[#This Row],[ISI/CTN]] -> 0 | AV28: =Table43[[#This Row],[Harga Jual Pcs MT (-PPN)]]*1.11 -> 0 | AW28: =Table43[[#This Row],[Harga Jual Pcs MT (+PPN)]]*Table43[[#This Row],[ISI/CTN]] -> 0 | AX28: =IFERROR((Table43[[#This Row],[Harga Jual Pcs GT (-PPN)]]-Table43[[#This Row],[Harga Beli Pcs (-PPN)]])/Table43[[#This Row],[Harga Jual Pcs GT (-PPN)]],0) -> 0.0741 | AY28: 45848 | BA28: =IF(TODAY()-Table43[[#This Row],[Efektif Pembuatan]]>60,"Lama","Baru") -> Lama | BB28: =IF(TODAY()-Table43[[#This Row],[Efektif Naik Harga]]<30,"Naik","Sama") -> Sama | BC28: Aktif | BD28: =IF(Table43[[#This Row],[Kode BARANG Win2]]<>"","IDR","") -> IDR | BE28: =CONCATENATE(Table43[[#This Row],[kode 1 Digit (Nomor)]],Table43[[#This Row],[kode 4 Digit (Nomor)]]) -> 20200 | BF28: =Table43[[#This Row],[Nama Gramasi atau Jumlah Pack per CTN]] -> 200ML | BG28: S-FRN | BH28: 45MIX | BI28: =IF(Table43[[#This Row],[SATUAN Fix Win]]<>"","KRT") -> KRT | BJ28: =IF(Table43[[#This Row],[SATUAN Fix Win]]<>"","GD01") -> GD01 | BK28: =IF(Table43[[#This Row],[SATUAN Fix Win]]<>"",11611) -> 11611 | BL28: =IF(Table43[[#This Row],[SATUAN Fix Win]]<>"",11612) -> 11612 | BM28: 0101 | BN28: =IF(Table43[[#This Row],[SATUAN Fix Win]]<>"",1) -> 1 | BO28: PT. FOKUS RITEL NUSAPRIMA
A29: =CONCATENATE(Table43[[#This Row],[Kode BARANG Win2]],Table43[[#This Row],[No. Urut Item Sama]]) -> F40410020009201 | B29: 1 | C29: 23 | D29: 070702391 | E29: GARDENIA GLOW | F29: Gardenia Glow BLT Royal Jasmine Sachet 10x48x9Ml | G29: 48 | H29: 8992946534706 | I29: =Table43[[#This Row],[Nama Jenis Kemasan]] -> SCH | J29: =TRIM(CONCATENATE(Table43[[#This Row],[Nama KLP]]," ",Table43[[#This Row],[Nama Sub KLP]])) -> GRDN GLOW BODY LTN | K29: =CONCATENATE(Table43[[#This Row],[kode 2 Digit (hrf+No)]],Table43[[#This Row],[kode 2 Digit (Nomor)]],Table43[[#This Row],[kode 1 Digit (Nomor)]]) -> F4041 | L29: =IF(AG29="",CONCATENATE(Q29,S29,U29,W29,Y29,AA29,AC29,AE29,Table43[[#This Row],[Tanda Kode Revisi]]),CONCATENATE(Q29,S29,U29,W29,Y29,AA29,AC29,AG29)) -> F4041002000920 | M29: =LEN(L29) -> 14 | N29: =IF(AF29<>"",TRIM(UPPER(CONCATENATE(P29," ",R29," ",T29," ",V29," ",X29," ",Z29," ","X"," ",Table43[[#This Row],[ISI/CTN]]," ",AF29," ",AB29," ",AD29," ",AH29))),TRIM(UPPER(CONCATENATE(P29," ",R29," ",T29," ",V29," ",X29," ",Z29," ","X"," ",Table43[[#This Row],[ISI/CTN]]," ",AB29," ",AD29," ",AH29)))) -> GRDN GLOW BODY LTN RYL JASMINE 9ML X 48 SCH | O29: =LEN(N29) -> 43 | Q29: F4 | R29: GRDN GLOW | S29: 04 | T29: BODY LTN | U29: 1 | W29: 0 | X29: RYL JASMINE | Y29: 02 | Z29: 9ML | AA29: 0009 | AB29: SCH | AC29: 2 | AE29: 0 | AI29: LITER | AJ29: 2 | AM29: =Table43[[#This Row],[Harga Beli Pcs (-PPN)]]*Table43[[#This Row],[ISI/CTN]] -> 0 | AN29: =Table43[[#This Row],[Harga Beli Pcs (-PPN)]]*1.11 -> 0 | AO29: =Table43[[#This Row],[Harga Beli Krt (- PPN)]]*1.11 -> 0 | AQ29: =Table43[[#This Row],[Harga Jual Pcs GT (-PPN)]]*Table43[[#This Row],[ISI/CTN]] -> 0 | AR29: =Table43[[#This Row],[Harga Jual Pcs GT (-PPN)]]*1.11 -> 0 | AS29: =Table43[[#This Row],[Harga Jual Krt GT (- PPN)]]*1.11 -> 0 | AU29: =Table43[[#This Row],[Harga Jual Pcs MT (-PPN)]]*Table43[[#This Row],[ISI/CTN]] -> 0 | AV29: =Table43[[#This Row],[Harga Jual Pcs MT (-PPN)]]*1.11 -> 0 | AW29: =Table43[[#This Row],[Harga Jual Pcs MT (+PPN)]]*Table43[[#This Row],[ISI/CTN]] -> 0 | AX29: =IFERROR((Table43[[#This Row],[Harga Jual Pcs GT (-PPN)]]-Table43[[#This Row],[Harga Beli Pcs (-PPN)]])/Table43[[#This Row],[Harga Jual Pcs GT (-PPN)]],0) -> 0 | BA29: =IF(TODAY()-Table43[[#This Row],[Efektif Pembuatan]]>60,"Lama","Baru") -> Lama | BB29: =IF(TODAY()-Table43[[#This Row],[Efektif Naik Harga]]<30,"Naik","Sama") -> Sama | BD29: =IF(Table43[[#This Row],[Kode BARANG Win2]]<>"","IDR","") -> IDR | BE29: =CONCATENATE(Table43[[#This Row],[kode 1 Digit (Nomor)]],Table43[[#This Row],[kode 4 Digit (Nomor)]]) -> 20009 | BF29: =Table43[[#This Row],[Nama Gramasi atau Jumlah Pack per CTN]] -> 9ML | BI29: =IF(Table43[[#This Row],[SATUAN Fix Win]]<>"","KRT") -> KRT | BJ29: =IF(Table43[[#This Row],[SATUAN Fix Win]]<>"","GD01") -> GD01 | BK29: =IF(Table43[[#This Row],[SATUAN Fix Win]]<>"",11611) -> 11611 | BL29: =IF(Table43[[#This Row],[SATUAN Fix Win]]<>"",11612) -> 11612 | BN29: =IF(Table43[[#This Row],[SATUAN Fix Win]]<>"",1) -> 1
A30: =CONCATENATE(Table43[[#This Row],[Kode BARANG Win2]],Table43[[#This Row],[No. Urut Item Sama]]) -> F40410020009202 | B30: 2 | C30: 24 | D30: 070702000 | E30: GARDENIA GLOW | F30: Gardenia Glow BLT Royal Jasmine Sachet 10x48x9Ml | G30: 48 | H30: 8992946534706 | I30: =Table43[[#This Row],[Nama Jenis Kemasan]] -> SCH | J30: =TRIM(CONCATENATE(Table43[[#This Row],[Nama KLP]]," ",Table43[[#This Row],[Nama Sub KLP]])) -> GRDN GLOW BODY LTN | K30: =CONCATENATE(Table43[[#This Row],[kode 2 Digit (hrf+No)]],Table43[[#This Row],[kode 2 Digit (Nomor)]],Table43[[#This Row],[kode 1 Digit (Nomor)]]) -> F4041 | L30: =IF(AG30="",CONCATENATE(Q30,S30,U30,W30,Y30,AA30,AC30,AE30,Table43[[#This Row],[Tanda Kode Revisi]]),CONCATENATE(Q30,S30,U30,W30,Y30,AA30,AC30,AG30)) -> F4041002000920 | M30: =LEN(L30) -> 14 | N30: =IF(AF30<>"",TRIM(UPPER(CONCATENATE(P30," ",R30," ",T30," ",V30," ",X30," ",Z30," ","X"," ",Table43[[#This Row],[ISI/CTN]]," ",AF30," ",AB30," ",AD30," ",AH30))),TRIM(UPPER(CONCATENATE(P30," ",R30," ",T30," ",V30," ",X30," ",Z30," ","X"," ",Table43[[#This Row],[ISI/CTN]]," ",AB30," ",AD30," ",AH30)))) -> GRDN GLOW BODY LTN RYL JASMINE 9ML X 48 SCH | O30: =LEN(N30) -> 43 | Q30: F4 | R30: GRDN GLOW | S30: 04 | T30: BODY LTN | U30: 1 | W30: 0 | X30: RYL JASMINE | Y30: 02 | Z30: 9ML | AA30: 0009 | AB30: SCH | AC30: 2 | AE30: 0 | AI30: LITER | AJ30: 2 | AL30: 5839.009 | AM30: =Table43[[#This Row],[Harga Beli Pcs (-PPN)]]*Table43[[#This Row],[ISI/CTN]] -> 280272.43 | AN30: =Table43[[#This Row],[Harga Beli Pcs (-PPN)]]*1.11 -> 6481.3 | AO30: =Table43[[#This Row],[Harga Beli Krt (- PPN)]]*1.11 -> 311102.4 | AP30: 6306.3063 | AQ30: =Table43[[#This Row],[Harga Jual Pcs GT (-PPN)]]*Table43[[#This Row],[ISI/CTN]] -> 302702.7 | AR30: =Table43[[#This Row],[Harga Jual Pcs GT (-PPN)]]*1.11 -> 7000 | AS30: =Table43[[#This Row],[Harga Jual Krt GT (- PPN)]]*1.11 -> 336000 | AU30: =Table43[[#This Row],[Harga Jual Pcs MT (-PPN)]]*Table43[[#This Row],[ISI/CTN]] -> 0 | AV30: =Table43[[#This Row],[Harga Jual Pcs MT (-PPN)]]*1.11 -> 0 | AW30: =Table43[[#This Row],[Harga Jual Pcs MT (+PPN)]]*Table43[[#This Row],[ISI/CTN]] -> 0 | AX30: =IFERROR((Table43[[#This Row],[Harga Jual Pcs GT (-PPN)]]-Table43[[#This Row],[Harga Beli Pcs (-PPN)]])/Table43[[#This Row],[Harga Jual Pcs GT (-PPN)]],0) -> 0.0741 | AY30: 45848 | BA30: =IF(TODAY()-Table43[[#This Row],[Efektif Pembuatan]]>60,"Lama","Baru") -> Lama | BB30: =IF(TODAY()-Table43[[#This Row],[Efektif Naik Harga]]<30,"Naik","Sama") -> Sama | BC30: Aktif | BD30: =IF(Table43[[#This Row],[Kode BARANG Win2]]<>"","IDR","") -> IDR | BE30: =CONCATENATE(Table43[[#This Row],[kode 1 Digit (Nomor)]],Table43[[#This Row],[kode 4 Digit (Nomor)]]) -> 20009 | BF30: =Table43[[#This Row],[Nama Gramasi atau Jumlah Pack per CTN]] -> 9ML | BG30: S-FRN | BH30: 45MIX | BI30: =IF(Table43[[#This Row],[SATUAN Fix Win]]<>"","KRT") -> KRT | BJ30: =IF(Table43[[#This Row],[SATUAN Fix Win]]<>"","GD01") -> GD01 | BK30: =IF(Table43[[#This Row],[SATUAN Fix Win]]<>"",11611) -> 11611 | BL30: =IF(Table43[[#This Row],[SATUAN Fix Win]]<>"",11612) -> 11612 | BM30: 0101 | BN30: =IF(Table43[[#This Row],[SATUAN Fix Win]]<>"",1) -> 1 | BO30: PT. FOKUS RITEL NUSAPRIMA
A31: =CONCATENATE(Table43[[#This Row],[Kode BARANG Win2]],Table43[[#This Row],[No. Urut Item Sama]]) -> F40410020009303 | B31: 3 | D31: 070702000 | E31: GARDENIA GLOW | F31: Gardenia Glow BLT Royal Jasmine Sachet 10x48x9Ml | G31: 48 RCG | H31: 8992946535229 | I31: =Table43[[#This Row],[Nama Jenis Kemasan]] -> PCSX10 | J31: =TRIM(CONCATENATE(Table43[[#This Row],[Nama KLP]]," ",Table43[[#This Row],[Nama Sub KLP]])) -> GARDENIA GLOW BODY LTN | K31: =CONCATENATE(Table43[[#This Row],[kode 2 Digit (hrf+No)]],Table43[[#This Row],[kode 2 Digit (Nomor)]],Table43[[#This Row],[kode 1 Digit (Nomor)]]) -> F4041 | L31: =IF(AG31="",CONCATENATE(Q31,S31,U31,W31,Y31,AA31,AC31,AE31,Table43[[#This Row],[Tanda Kode Revisi]]),CONCATENATE(Q31,S31,U31,W31,Y31,AA31,AC31,AG31)) -> F4041002000930 | M31: =LEN(L31) -> 14 | N31: =IF(AF31<>"",TRIM(UPPER(CONCATENATE(P31," ",R31," ",T31," ",V31," ",X31," ",Z31," ","X"," ",Table43[[#This Row],[ISI/CTN]]," ",AF31," ",AB31," ",AD31," ",AH31))),TRIM(UPPER(CONCATENATE(P31," ",R31," ",T31," ",V31," ",X31," ",Z31," ","X"," ",Table43[[#This Row],[ISI/CTN]]," ",AB31," ",AD31," ",AH31)))) -> GARDENIA GLOW BODY LTN RYL JASMINE 9ML X 48 RCG PCSX10 | O31: =LEN(N31) -> 54 | Q31: F4 | R31: GARDENIA GLOW | S31: 04 | T31: BODY LTN | U31: 1 | W31: 0 | X31: RYL JASMINE | Y31: 02 | Z31: 9ML | AA31: 0009 | AB31: PCSX10 | AC31: 3 | AE31: 0 | AM31: =Table43[[#This Row],[Harga Beli Pcs (-PPN)]]*Table43[[#This Row],[ISI/CTN]] -> #VALUE! | AN31: =Table43[[#This Row],[Harga Beli Pcs (-PPN)]]*1.11 -> 0 | AO31: =Table43[[#This Row],[Harga Beli Krt (- PPN)]]*1.11 -> #VALUE! | AQ31: =Table43[[#This Row],[Harga Jual Pcs GT (-PPN)]]*Table43[[#This Row],[ISI/CTN]] -> #VALUE! | AR31: =Table43[[#This Row],[Harga Jual Pcs GT (-PPN)]]*1.11 -> 0 | AS31: =Table43[[#This Row],[Harga Jual Krt GT (- PPN)]]*1.11 -> #VALUE! | AU31: =Table43[[#This Row],[Harga Jual Pcs MT (-PPN)]]*Table43[[#This Row],[ISI/CTN]] -> #VALUE! | AV31: =Table43[[#This Row],[Harga Jual Pcs MT (-PPN)]]*1.11 -> 0 | AW31: =Table43[[#This Row],[Harga Jual Pcs MT (+PPN)]]*Table43[[#This Row],[ISI/CTN]] -> #VALUE! | AX31: =IFERROR((Table43[[#This Row],[Harga Jual Pcs GT (-PPN)]]-Table43[[#This Row],[Harga Beli Pcs (-PPN)]])/Table43[[#This Row],[Harga Jual Pcs GT (-PPN)]],0) -> 0 | BA31: =IF(TODAY()-Table43[[#This Row],[Efektif Pembuatan]]>60,"Lama","Baru") -> Lama | BB31: =IF(TODAY()-Table43[[#This Row],[Efektif Naik Harga]]<30,"Naik","Sama") -> Sama | BD31: =IF(Table43[[#This Row],[Kode BARANG Win2]]<>"","IDR","") -> IDR | BE31: =CONCATENATE(Table43[[#This Row],[kode 1 Digit (Nomor)]],Table43[[#This Row],[kode 4 Digit (Nomor)]]) -> 0009 | BF31: =Table43[[#This Row],[Nama Gramasi atau Jumlah Pack per CTN]] -> 9ML | BI31: =IF(Table43[[#This Row],[SATUAN Fix Win]]<>"","KRT") -> KRT | BJ31: =IF(Table43[[#This Row],[SATUAN Fix Win]]<>"","GD01") -> GD01 | BK31: =IF(Table43[[#This Row],[SATUAN Fix Win]]<>"",11611) -> 11611 | BL31: =IF(Table43[[#This Row],[SATUAN Fix Win]]<>"",11612) -> 11612 | BN31: =IF(Table43[[#This Row],[SATUAN Fix Win]]<>"",1) -> 1
A32: =CONCATENATE(Table43[[#This Row],[Kode BARANG Win2]],Table43[[#This Row],[No. Urut Item Sama]]) -> F40410030200101 | B32: 1 | C32: 25 | D32: 070701292 | E32: GARDENIA GLOW | F32: GG BLT Taifi Rose 48x200Ml | G32: 48 | H32: 8992946534577 | I32: =Table43[[#This Row],[Nama Jenis Kemasan]] -> BTL | J32: =TRIM(CONCATENATE(Table43[[#This Row],[Nama KLP]]," ",Table43[[#This Row],[Nama Sub KLP]])) -> GRDN GLOW BODY LTN | K32: =CONCATENATE(Table43[[#This Row],[kode 2 Digit (hrf+No)]],Table43[[#This Row],[kode 2 Digit (Nomor)]],Table43[[#This Row],[kode 1 Digit (Nomor)]]) -> F4041 | L32: =IF(AG32="",CONCATENATE(Q32,S32,U32,W32,Y32,AA32,AC32,AE32,Table43[[#This Row],[Tanda Kode Revisi]]),CONCATENATE(Q32,S32,U32,W32,Y32,AA32,AC32,AG32)) -> F4041003020010 | M32: =LEN(L32) -> 14 | N32: =IF(AF32<>"",TRIM(UPPER(CONCATENATE(P32," ",R32," ",T32," ",V32," ",X32," ",Z32," ","X"," ",Table43[[#This Row],[ISI/CTN]]," ",AF32," ",AB32," ",AD32," ",AH32))),TRIM(UPPER(CONCATENATE(P32," ",R32," ",T32," ",V32," ",X32," ",Z32," ","X"," ",Table43[[#This Row],[ISI/CTN]]," ",AB32," ",AD32," ",AH32)))) -> GRDN GLOW BODY LTN TAIFI ROSE 200ML X 48 BTL | O32: =LEN(N32) -> 44 | Q32: F4 | R32: GRDN GLOW | S32: 04 | T32: BODY LTN | U32: 1 | W32: 0 | X32: TAIFI ROSE | Y32: 03 | Z32: 200ML | AA32: 0200 | AB32: BTL | AC32: 1 | AE32: 0 | AI32: LITER | AJ32: 2 | AL32: 12887.527 | AM32: =Table43[[#This Row],[Harga Beli Pcs (-PPN)]]*Table43[[#This Row],[ISI/CTN]] -> 618601.3 | AN32: =Table43[[#This Row],[Harga Beli Pcs (-PPN)]]*1.11 -> 14305.155 | AO32: =Table43[[#This Row],[Harga Beli Krt (- PPN)]]*1.11 -> 686647.44 | AP32: 13918.919 | AQ32: =Table43[[#This Row],[Harga Jual Pcs GT (-PPN)]]*Table43[[#This Row],[ISI/CTN]] -> 668108.11 | AR32: =Table43[[#This Row],[Harga Jual Pcs GT (-PPN)]]*1.11 -> 15450 | AS32: =Table43[[#This Row],[Harga Jual Krt GT (- PPN)]]*1.11 -> 741600 | AU32: =Table43[[#This Row],[Harga Jual Pcs MT (-PPN)]]*Table43[[#This Row],[ISI/CTN]] -> 0 | AV32: =Table43[[#This Row],[Harga Jual Pcs MT (-PPN)]]*1.11 -> 0 | AW32: =Table43[[#This Row],[Harga Jual Pcs MT (+PPN)]]*Table43[[#This Row],[ISI/CTN]] -> 0 | AX32: =IFERROR((Table43[[#This Row],[Harga Jual Pcs GT (-PPN)]]-Table43[[#This Row],[Harga Beli Pcs (-PPN)]])/Table43[[#This Row],[Harga Jual Pcs GT (-PPN)]],0) -> 0.0741 | AY32: 45848 | BA32: =IF(TODAY()-Table43[[#This Row],[Efektif Pembuatan]]>60,"Lama","Baru") -> Lama | BB32: =IF(TODAY()-Table43[[#This Row],[Efektif Naik Harga]]<30,"Naik","Sama") -> Sama | BC32: Aktif | BD32: =IF(Table43[[#This Row],[Kode BARANG Win2]]<>"","IDR","") -> IDR | BE32: =CONCATENATE(Table43[[#This Row],[kode 1 Digit (Nomor)]],Table43[[#This Row],[kode 4 Digit (Nomor)]]) -> 20200 | BF32: =Table43[[#This Row],[Nama Gramasi atau Jumlah Pack per CTN]] -> 200ML | BG32: S-FRN | BH32: 45MIX | BI32: =IF(Table43[[#This Row],[SATUAN Fix Win]]<>"","KRT") -> KRT | BJ32: =IF(Table43[[#This Row],[SATUAN Fix Win]]<>"","GD01") -> GD01 | BK32: =IF(Table43[[#This Row],[SATUAN Fix Win]]<>"",11611) -> 11611 | BL32: =IF(Table43[[#This Row],[SATUAN Fix Win]]<>"",11612) -> 11612 | BM32: 0101 | BN32: =IF(Table43[[#This Row],[SATUAN Fix Win]]<>"",1) -> 1 | BO32: PT. FOKUS RITEL NUSAPRIMA
A33: =CONCATENATE(Table43[[#This Row],[Kode BARANG Win2]],Table43[[#This Row],[No. Urut Item Sama]]) -> F40410030009201 | B33: 1 | C33: 26 | D33: 070701000 | E33: GARDENIA GLOW | F33: Gardenia Glow BLT Taifi Rose Sachet 10x48x9Ml | G33: 48 | H33: 8992946534713 | I33: =Table43[[#This Row],[Nama Jenis Kemasan]] -> SCH | J33: =TRIM(CONCATENATE(Table43[[#This Row],[Nama KLP]]," ",Table43[[#This Row],[Nama Sub KLP]])) -> GRDN GLOW BODY LTN | K33: =CONCATENATE(Table43[[#This Row],[kode 2 Digit (hrf+No)]],Table43[[#This Row],[kode 2 Digit (Nomor)]],Table43[[#This Row],[kode 1 Digit (Nomor)]]) -> F4041 | L33: =IF(AG33="",CONCATENATE(Q33,S33,U33,W33,Y33,AA33,AC33,AE33,Table43[[#This Row],[Tanda Kode Revisi]]),CONCATENATE(Q33,S33,U33,W33,Y33,AA33,AC33,AG33)) -> F4041003000920 | M33: =LEN(L33) -> 14 | N33: =IF(AF33<>"",TRIM(UPPER(CONCATENATE(P33," ",R33," ",T33," ",V33," ",X33," ",Z33," ","X"," ",Table43[[#This Row],[ISI/CTN]]," ",AF33," ",AB33," ",AD33," ",AH33))),TRIM(UPPER(CONCATENATE(P33," ",R33," ",T33," ",V33," ",X33," ",Z33," ","X"," ",Table43[[#This Row],[ISI/CTN]]," ",AB33," ",AD33," ",AH33)))) -> GRDN GLOW BODY LTN TAIFI ROSE 9ML X 48 SCH | O33: =LEN(N33) -> 42 | Q33: F4 | R33: GRDN GLOW | S33: 04 | T33: BODY LTN | U33: 1 | W33: 0 | X33: TAIFI ROSE | Y33: 03 | Z33: 9ML | AA33: 0009 | AB33: SCH | AC33: 2 | AE33: 0 | AI33: LITER | AJ33: 2 | AL33: 5839.009 | AM33: =Table43[[#This Row],[Harga Beli Pcs (-PPN)]]*Table43[[#This Row],[ISI/CTN]] -> 280272.43 | AN33: =Table43[[#This Row],[Harga Beli Pcs (-PPN)]]*1.11 -> 6481.3 | AO33: =Table43[[#This Row],[Harga Beli Krt (- PPN)]]*1.11 -> 311102.4 | AP33: 6306.3063 | AQ33: =Table43[[#This Row],[Harga Jual Pcs GT (-PPN)]]*Table43[[#This Row],[ISI/CTN]] -> 302702.7 | AR33: =Table43[[#This Row],[Harga Jual Pcs GT (-PPN)]]*1.11 -> 7000 | AS33: =Table43[[#This Row],[Harga Jual Krt GT (- PPN)]]*1.11 -> 336000 | AU33: =Table43[[#This Row],[Harga Jual Pcs MT (-PPN)]]*Table43[[#This Row],[ISI/CTN]] -> 0 | AV33: =Table43[[#This Row],[Harga Jual Pcs MT (-PPN)]]*1.11 -> 0 | AW33: =Table43[[#This Row],[Harga Jual Pcs MT (+PPN)]]*Table43[[#This Row],[ISI/CTN]] -> 0 | AX33: =IFERROR((Table43[[#This Row],[Harga Jual Pcs GT (-PPN)]]-Table43[[#This Row],[Harga Beli Pcs (-PPN)]])/Table43[[#This Row],[Harga Jual Pcs GT (-PPN)]],0) -> 0.0741 | AY33: 45848 | BA33: =IF(TODAY()-Table43[[#This Row],[Efektif Pembuatan]]>60,"Lama","Baru") -> Lama | BB33: =IF(TODAY()-Table43[[#This Row],[Efektif Naik Harga]]<30,"Naik","Sama") -> Sama | BC33: Aktif | BD33: =IF(Table43[[#This Row],[Kode BARANG Win2]]<>"","IDR","") -> IDR | BE33: =CONCATENATE(Table43[[#This Row],[kode 1 Digit (Nomor)]],Table43[[#This Row],[kode 4 Digit (Nomor)]]) -> 20009 | BF33: =Table43[[#This Row],[Nama Gramasi atau Jumlah Pack per CTN]] -> 9ML | BG33: S-FRN | BH33: 45MIX | BI33: =IF(Table43[[#This Row],[SATUAN Fix Win]]<>"","KRT") -> KRT | BJ33: =IF(Table43[[#This Row],[SATUAN Fix Win]]<>"","GD01") -> GD01 | BK33: =IF(Table43[[#This Row],[SATUAN Fix Win]]<>"",11611) -> 11611 | BL33: =IF(Table43[[#This Row],[SATUAN Fix Win]]<>"",11612) -> 11612 | BM33: 0101 | BN33: =IF(Table43[[#This Row],[SATUAN Fix Win]]<>"",1) -> 1 | BO33: PT. FOKUS RITEL NUSAPRIMA
A34: =CONCATENATE(Table43[[#This Row],[Kode BARANG Win2]],Table43[[#This Row],[No. Urut Item Sama]]) -> F40410030009302 | B34: 2 | D34: 070701000 | E34: GARDENIA GLOW | F34: Gardenia Glow BLT Taifi Rose Sachet 10x48x9Ml | G34: 48 RCG | H34: 8992946535236 | I34: =Table43[[#This Row],[Nama Jenis Kemasan]] -> PCSX10 | J34: GARDENIA GLOW BODY LTN | K34: =CONCATENATE(Table43[[#This Row],[kode 2 Digit (hrf+No)]],Table43[[#This Row],[kode 2 Digit (Nomor)]],Table43[[#This Row],[kode 1 Digit (Nomor)]]) -> F4041 | L34: =IF(AG34="",CONCATENATE(Q34,S34,U34,W34,Y34,AA34,AC34,AE34,Table43[[#This Row],[Tanda Kode Revisi]]),CONCATENATE(Q34,S34,U34,W34,Y34,AA34,AC34,AG34)) -> F4041003000930 | M34: =LEN(L34) -> 14 | N34: =IF(AF34<>"",TRIM(UPPER(CONCATENATE(P34," ",R34," ",T34," ",V34," ",X34," ",Z34," ","X"," ",Table43[[#This Row],[ISI/CTN]]," ",AF34," ",AB34," ",AD34," ",AH34))),TRIM(UPPER(CONCATENATE(P34," ",R34," ",T34," ",V34," ",X34," ",Z34," ","X"," ",Table43[[#This Row],[ISI/CTN]]," ",AB34," ",AD34," ",AH34)))) -> GRDN GLOW BODY LTN TAIFI ROSE 9ML X 48 RCG PCSX10 | O34: =LEN(N34) -> 49 | Q34: F4 | R34: GRDN GLOW | S34: 04 | T34: BODY LTN | U34: 1 | W34: 0 | X34: TAIFI ROSE | Y34: 03 | Z34: 9ML | AA34: 0009 | AB34: PCSX10 | AC34: 3 | AE34: 0 | AM34: =Table43[[#This Row],[Harga Beli Pcs (-PPN)]]*Table43[[#This Row],[ISI/CTN]] -> #VALUE! | AN34: =Table43[[#This Row],[Harga Beli Pcs (-PPN)]]*1.11 -> 0 | AO34: =Table43[[#This Row],[Harga Beli Krt (- PPN)]]*1.11 -> #VALUE! | AQ34: =Table43[[#This Row],[Harga Jual Pcs GT (-PPN)]]*Table43[[#This Row],[ISI/CTN]] -> #VALUE! | AR34: =Table43[[#This Row],[Harga Jual Pcs GT (-PPN)]]*1.11 -> 0 | AS34: =Table43[[#This Row],[Harga Jual Krt GT (- PPN)]]*1.11 -> #VALUE! | AU34: =Table43[[#This Row],[Harga Jual Pcs MT (-PPN)]]*Table43[[#This Row],[ISI/CTN]] -> #VALUE! | AV34: =Table43[[#This Row],[Harga Jual Pcs MT (-PPN)]]*1.11 -> 0 | AW34: =Table43[[#This Row],[Harga Jual Pcs MT (+PPN)]]*Table43[[#This Row],[ISI/CTN]] -> #VALUE! | AX34: =IFERROR((Table43[[#This Row],[Harga Jual Pcs GT (-PPN)]]-Table43[[#This Row],[Harga Beli Pcs (-PPN)]])/Table43[[#This Row],[Harga Jual Pcs GT (-PPN)]],0) -> 0 | BA34: =IF(TODAY()-Table43[[#This Row],[Efektif Pembuatan]]>60,"Lama","Baru") -> Lama | BB34: =IF(TODAY()-Table43[[#This Row],[Efektif Naik Harga]]<30,"Naik","Sama") -> Sama | BD34: =IF(Table43[[#This Row],[Kode BARANG Win2]]<>"","IDR","") -> IDR | BE34: =CONCATENATE(Table43[[#This Row],[kode 1 Digit (Nomor)]],Table43[[#This Row],[kode 4 Digit (Nomor)]]) -> 0009 | BF34: =Table43[[#This Row],[Nama Gramasi atau Jumlah Pack per CTN]] -> 9ML | BI34: =IF(Table43[[#This Row],[SATUAN Fix Win]]<>"","KRT") -> KRT | BJ34: =IF(Table43[[#This Row],[SATUAN Fix Win]]<>"","GD01") -> GD01 | BK34: =IF(Table43[[#This Row],[SATUAN Fix Win]]<>"",11611) -> 11611 | BL34: =IF(Table43[[#This Row],[SATUAN Fix Win]]<>"",11612) -> 11612 | BN34: =IF(Table43[[#This Row],[SATUAN Fix Win]]<>"",1) -> 1
A35: =CONCATENATE(Table43[[#This Row],[Kode BARANG Win2]],Table43[[#This Row],[No. Urut Item Sama]]) -> F40510010360111 | B35: 1 | C35: 27 | D35: 052602001 | E35: PINK SKIN | F35: PINK SKIN Perfume BCL Shining Star Botol 24x360Ml Upsize 30% | G35: 24 | H35: 8992946534881 | I35: =Table43[[#This Row],[Nama Jenis Kemasan]] -> TUBE | J35: =TRIM(CONCATENATE(Table43[[#This Row],[Nama KLP]]," ",Table43[[#This Row],[Nama Sub KLP]])) -> PINK SKIN BCL | K35: =CONCATENATE(Table43[[#This Row],[kode 2 Digit (hrf+No)]],Table43[[#This Row],[kode 2 Digit (Nomor)]],Table43[[#This Row],[kode 1 Digit (Nomor)]]) -> F4051 | L35: =IF(AG35="",CONCATENATE(Q35,S35,U35,W35,Y35,AA35,AC35,AE35,Table43[[#This Row],[Tanda Kode Revisi]]),CONCATENATE(Q35,S35,U35,W35,Y35,AA35,AC35,AG35)) -> F4051001036011 | M35: =LEN(L35) -> 14 | N35: =IF(AF35<>"",TRIM(UPPER(CONCATENATE(P35," ",R35," ",T35," ",V35," ",X35," ",Z35," ","X"," ",Table43[[#This Row],[ISI/CTN]]," ",AF35," ",AB35," ",AD35," ",AH35))),TRIM(UPPER(CONCATENATE(P35," ",R35," ",T35," ",V35," ",X35," ",Z35," ","X"," ",Table43[[#This Row],[ISI/CTN]]," ",AB35," ",AD35," ",AH35)))) -> PINK SKIN BCL SHINING STAR 360ML X 24 TUBE 30% | O35: =LEN(N35) -> 46 | Q35: F4 | R35: PINK SKIN | S35: 05 | T35: BCL | U35: 1 | W35: 0 | X35: SHINING STAR | Y35: 01 | Z35: 360ML | AA35: 0360 | AB35: TUBE | AC35: 1 | AD35: 30% | AE35: 1 | AI35: LITER | AJ35: 2 | AL35: 40038.919 | AM35: =Table43[[#This Row],[Harga Beli Pcs (-PPN)]]*Table43[[#This Row],[ISI/CTN]] -> 960934.05 | AN35: =Table43[[#This Row],[Harga Beli Pcs (-PPN)]]*1.11 -> 44443.2 | AO35: =Table43[[#This Row],[Harga Beli Krt (- PPN)]]*1.11 -> 1066636.8 | AP35: 43243.243 | AQ35: =Table43[[#This Row],[Harga Jual Pcs GT (-PPN)]]*Table43[[#This Row],[ISI/CTN]] -> 1037837.8 | AR35: =Table43[[#This Row],[Harga Jual Pcs GT (-PPN)]]*1.11 -> 48000 | AS35: =Table43[[#This Row],[Harga Jual Krt GT (- PPN)]]*1.11 -> 1152000 | AU35: =Table43[[#This Row],[Harga Jual Pcs MT (-PPN)]]*Table43[[#This Row],[ISI/CTN]] -> 0 | AV35: =Table43[[#This Row],[Harga Jual Pcs MT (-PPN)]]*1.11 -> 0 | AW35: =Table43[[#This Row],[Harga Jual Pcs MT (+PPN)]]*Table43[[#This Row],[ISI/CTN]] -> 0 | AX35: =IFERROR((Table43[[#This Row],[Harga Jual Pcs GT (-PPN)]]-Table43[[#This Row],[Harga Beli Pcs (-PPN)]])/Table43[[#This Row],[Harga Jual Pcs GT (-PPN)]],0) -> 0.0741 | AY35: 45848 | BA35: =IF(TODAY()-Table43[[#This Row],[Efektif Pembuatan]]>60,"Lama","Baru") -> Lama | BB35: =IF(TODAY()-Table43[[#This Row],[Efektif Naik Harga]]<30,"Naik","Sama") -> Sama | BC35: Aktif | BD35: =IF(Table43[[#This Row],[Kode BARANG Win2]]<>"","IDR","") -> IDR | BE35: =CONCATENATE(Table43[[#This Row],[kode 1 Digit (Nomor)]],Table43[[#This Row],[kode 4 Digit (Nomor)]]) -> 20360 | BF35: =Table43[[#This Row],[Nama Gramasi atau Jumlah Pack per CTN]] -> 360ML | BG35: S-FRN | BH35: 45MIX | BI35: =IF(Table43[[#This Row],[SATUAN Fix Win]]<>"","KRT") -> KRT | BJ35: =IF(Table43[[#This Row],[SATUAN Fix Win]]<>"","GD01") -> GD01 | BK35: =IF(Table43[[#This Row],[SATUAN Fix Win]]<>"",11611) -> 11611 | BL35: =IF(Table43[[#This Row],[SATUAN Fix Win]]<>"",11612) -> 11612 | BM35: 0101 | BN35: =IF(Table43[[#This Row],[SATUAN Fix Win]]<>"",1) -> 1 | BO35: PT. FOKUS RITEL NUSAPRIMA
A36: =CONCATENATE(Table43[[#This Row],[Kode BARANG Win2]],Table43[[#This Row],[No. Urut Item Sama]]) -> F40520010180101 | B36: 1 | C36: 28 | D36: 050701293 | E36: PINK SKIN | F36: PINK SKIN PERFUME LTN First Love 48x180Ml | G36: 48 | H36: 8992946534546 | I36: =Table43[[#This Row],[Nama Jenis Kemasan]] -> TUBE | J36: =TRIM(CONCATENATE(Table43[[#This Row],[Nama KLP]]," ",Table43[[#This Row],[Nama Sub KLP]])) -> PINK SKIN PARFUME LTN | K36: =CONCATENATE(Table43[[#This Row],[kode 2 Digit (hrf+No)]],Table43[[#This Row],[kode 2 Digit (Nomor)]],Table43[[#This Row],[kode 1 Digit (Nomor)]]) -> F4052 | L36: =IF(AG36="",CONCATENATE(Q36,S36,U36,W36,Y36,AA36,AC36,AE36,Table43[[#This Row],[Tanda Kode Revisi]]),CONCATENATE(Q36,S36,U36,W36,Y36,AA36,AC36,AG36)) -> F4052001018010 | M36: =LEN(L36) -> 14 | N36: =IF(AF36<>"",TRIM(UPPER(CONCATENATE(P36," ",R36," ",T36," ",V36," ",X36," ",Z36," ","X"," ",Table43[[#This Row],[ISI/CTN]]," ",AF36," ",AB36," ",AD36," ",AH36))),TRIM(UPPER(CONCATENATE(P36," ",R36," ",T36," ",V36," ",X36," ",Z36," ","X"," ",Table43[[#This Row],[ISI/CTN]]," ",AB36," ",AD36," ",AH36)))) -> PINK SKIN PARFUME LTN FIRST LOVE 180ML X 48 TUBE | O36: =LEN(N36) -> 48 | Q36: F4 | R36: PINK SKIN | S36: 05 | T36: PARFUME LTN | U36: 2 | W36: 0 | X36: FIRST LOVE | Y36: 01 | Z36: 180ML | AA36: 0180 | AB36: TUBE | AC36: 1 | AE36: 0 | AI36: LITER | AJ36: 2 | AL36: 40038.919 | AM36: =Table43[[#This Row],[Harga Beli Pcs (-PPN)]]*Table43[[#This Row],[ISI/CTN]] -> 1921868.1 | AN36: =Table43[[#This Row],[Harga Beli Pcs (-PPN)]]*1.11 -> 44443.2 | AO36: =Table43[[#This Row],[Harga Beli Krt (- PPN)]]*1.11 -> 2133273.6 | AP36: 43243.243 | AQ36: =Table43[[#This Row],[Harga Jual Pcs GT (-PPN)]]*Table43[[#This Row],[ISI/CTN]] -> 2075675.7 | AR36: =Table43[[#This Row],[Harga Jual Pcs GT (-PPN)]]*1.11 -> 48000 | AS36: =Table43[[#This Row],[Harga Jual Krt GT (- PPN)]]*1.11 -> 2304000 | AU36: =Table43[[#This Row],[Harga Jual Pcs MT (-PPN)]]*Table43[[#This Row],[ISI/CTN]] -> 0 | AV36: =Table43[[#This Row],[Harga Jual Pcs MT (-PPN)]]*1.11 -> 0 | AW36: =Table43[[#This Row],[Harga Jual Pcs MT (+PPN)]]*Table43[[#This Row],[ISI/CTN]] -> 0 | AX36: =IFERROR((Table43[[#This Row],[Harga Jual Pcs GT (-PPN)]]-Table43[[#This Row],[Harga Beli Pcs (-PPN)]])/Table43[[#This Row],[Harga Jual Pcs GT (-PPN)]],0) -> 0.0741 | AY36: 45848 | BA36: =IF(TODAY()-Table43[[#This Row],[Efektif Pembuatan]]>60,"Lama","Baru") -> Lama | BB36: =IF(TODAY()-Table43[[#This Row],[Efektif Naik Harga]]<30,"Naik","Sama") -> Sama | BC36: Aktif | BD36: =IF(Table43[[#This Row],[Kode BARANG Win2]]<>"","IDR","") -> IDR | BE36: =CONCATENATE(Table43[[#This Row],[kode 1 Digit (Nomor)]],Table43[[#This Row],[kode 4 Digit (Nomor)]]) -> 20180 | BF36: =Table43[[#This Row],[Nama Gramasi atau Jumlah Pack per CTN]] -> 180ML | BG36: S-FRN | BH36: 45MIX | BI36: =IF(Table43[[#This Row],[SATUAN Fix Win]]<>"","KRT") -> KRT | BJ36: =IF(Table43[[#This Row],[SATUAN Fix Win]]<>"","GD01") -> GD01 | BK36: =IF(Table43[[#This Row],[SATUAN Fix Win]]<>"",11611) -> 11611 | BL36: =IF(Table43[[#This Row],[SATUAN Fix Win]]<>"",11612) -> 11612 | BM36: 0101 | BN36: =IF(Table43[[#This Row],[SATUAN Fix Win]]<>"",1) -> 1 | BO36: PT. FOKUS RITEL NUSAPRIMA
A37: =CONCATENATE(Table43[[#This Row],[Kode BARANG Win2]],Table43[[#This Row],[No. Urut Item Sama]]) -> F40520010070101 | B37: 1 | C37: 29 | D37: 072601000 | E37: PINK SKIN | F37: PINK SKIN Parfume Lotion First Love Star 48x70 ml | G37: 48 | H37: 8992946534805 | I37: =Table43[[#This Row],[Nama Jenis Kemasan]] -> TUBE | J37: =TRIM(CONCATENATE(Table43[[#This Row],[Nama KLP]]," ",Table43[[#This Row],[Nama Sub KLP]])) -> PINK SKIN PARFUME LTN | K37: =CONCATENATE(Table43[[#This Row],[kode 2 Digit (hrf+No)]],Table43[[#This Row],[kode 2 Digit (Nomor)]],Table43[[#This Row],[kode 1 Digit (Nomor)]]) -> F4052 | L37: =IF(AG37="",CONCATENATE(Q37,S37,U37,W37,Y37,AA37,AC37,AE37,Table43[[#This Row],[Tanda Kode Revisi]]),CONCATENATE(Q37,S37,U37,W37,Y37,AA37,AC37,AG37)) -> F4052001007010 | M37: =LEN(L37) -> 14 | N37: =IF(AF37<>"",TRIM(UPPER(CONCATENATE(P37," ",R37," ",T37," ",V37," ",X37," ",Z37," ","X"," ",Table43[[#This Row],[ISI/CTN]]," ",AF37," ",AB37," ",AD37," ",AH37))),TRIM(UPPER(CONCATENATE(P37," ",R37," ",T37," ",V37," ",X37," ",Z37," ","X"," ",Table43[[#This Row],[ISI/CTN]]," ",AB37," ",AD37," ",AH37)))) -> PINK SKIN PARFUME LTN FIRST LOVE 70ML X 48 TUBE | O37: =LEN(N37) -> 47 | Q37: F4 | R37: PINK SKIN | S37: 05 | T37: PARFUME LTN | U37: 2 | W37: 0 | X37: FIRST LOVE | Y37: 01 | Z37: 70ML | AA37: 0070 | AB37: TUBE | AC37: 1 | AE37: 0 | AI37: LITER | AJ37: 2 | AL37: 20019.459 | AM37: =Table43[[#This Row],[Harga Beli Pcs (-PPN)]]*Table43[[#This Row],[ISI/CTN]] -> 960934.05 | AN37: =Table43[[#This Row],[Harga Beli Pcs (-PPN)]]*1.11 -> 22221.6 | AO37: =Table43[[#This Row],[Harga Beli Krt (- PPN)]]*1.11 -> 1066636.8 | AP37: 21621.622 | AQ37: =Table43[[#This Row],[Harga Jual Pcs GT (-PPN)]]*Table43[[#This Row],[ISI/CTN]] -> 1037837.8 | AR37: =Table43[[#This Row],[Harga Jual Pcs GT (-PPN)]]*1.11 -> 24000 | AS37: =Table43[[#This Row],[Harga Jual Krt GT (- PPN)]]*1.11 -> 1152000 | AU37: =Table43[[#This Row],[Harga Jual Pcs MT (-PPN)]]*Table43[[#This Row],[ISI/CTN]] -> 0 | AV37: =Table43[[#This Row],[Harga Jual Pcs MT (-PPN)]]*1.11 -> 0 | AW37: =Table43[[#This Row],[Harga Jual Pcs MT (+PPN)]]*Table43[[#This Row],[ISI/CTN]] -> 0 | AX37: =IFERROR((Table43[[#This Row],[Harga Jual Pcs GT (-PPN)]]-Table43[[#This Row],[Harga Beli Pcs (-PPN)]])/Table43[[#This Row],[Harga Jual Pcs GT (-PPN)]],0) -> 0.0741 | AY37: 45848 | BA37: =IF(TODAY()-Table43[[#This Row],[Efektif Pembuatan]]>60,"Lama","Baru") -> Lama | BB37: =IF(TODAY()-Table43[[#This Row],[Efektif Naik Harga]]<30,"Naik","Sama") -> Sama | BC37: Aktif | BD37: =IF(Table43[[#This Row],[Kode BARANG Win2]]<>"","IDR","") -> IDR | BE37: =CONCATENATE(Table43[[#This Row],[kode 1 Digit (Nomor)]],Table43[[#This Row],[kode 4 Digit (Nomor)]]) -> 20070 | BF37: =Table43[[#This Row],[Nama Gramasi atau Jumlah Pack per CTN]] -> 70ML | BG37: S-FRN | BH37: 45MIX | BI37: =IF(Table43[[#This Row],[SATUAN Fix Win]]<>"","KRT") -> KRT | BJ37: =IF(Table43[[#This Row],[SATUAN Fix Win]]<>"","GD01") -> GD01 | BK37: =IF(Table43[[#This Row],[SATUAN Fix Win]]<>"",11611) -> 11611 | BL37: =IF(Table43[[#This Row],[SATUAN Fix Win]]<>"",11612) -> 11612 | BM37: 0101 | BN37: =IF(Table43[[#This Row],[SATUAN Fix Win]]<>"",1) -> 1 | BO37: PT. FOKUS RITEL NUSAPRIMA
A38: =CONCATENATE(Table43[[#This Row],[Kode BARANG Win2]],Table43[[#This Row],[No. Urut Item Sama]]) -> F40520020180101 | B38: 1 | C38: 30 | D38: 050704293 | E38: PINK SKIN | F38: PINK SKIN PERFUME LTN Forget Me Not 48x180Ml | G38: 48 | H38: 8992946534553 | I38: =Table43[[#This Row],[Nama Jenis Kemasan]] -> TUBE | J38: =TRIM(CONCATENATE(Table43[[#This Row],[Nama KLP]]," ",Table43[[#This Row],[Nama Sub KLP]])) -> PINK SKIN PARFUME LTN | K38: =CONCATENATE(Table43[[#This Row],[kode 2 Digit (hrf+No)]],Table43[[#This Row],[kode 2 Digit (Nomor)]],Table43[[#This Row],[kode 1 Digit (Nomor)]]) -> F4052 | L38: =IF(AG38="",CONCATENATE(Q38,S38,U38,W38,Y38,AA38,AC38,AE38,Table43[[#This Row],[Tanda Kode Revisi]]),CONCATENATE(Q38,S38,U38,W38,Y38,AA38,AC38,AG38)) -> F4052002018010 | M38: =LEN(L38) -> 14 | N38: =IF(AF38<>"",TRIM(UPPER(CONCATENATE(P38," ",R38," ",T38," ",V38," ",X38," ",Z38," ","X"," ",Table43[[#This Row],[ISI/CTN]]," ",AF38," ",AB38," ",AD38," ",AH38))),TRIM(UPPER(CONCATENATE(P38," ",R38," ",T38," ",V38," ",X38," ",Z38," ","X"," ",Table43[[#This Row],[ISI/CTN]]," ",AB38," ",AD38," ",AH38)))) -> PINK SKIN PARFUME LTN FORGET ME NT 180ML X 48 TUBE | O38: =LEN(N38) -> 50 | Q38: F4 | R38: PINK SKIN | S38: 05 | T38: PARFUME LTN | U38: 2 | W38: 0 | X38: FORGET ME NT | Y38: 02 | Z38: 180ML | AA38: 0180 | AB38: TUBE | AC38: 1 | AE38: 0 | AI38: LITER | AJ38: 2 | AL38: 40038.919 | AM38: =Table43[[#This Row],[Harga Beli Pcs (-PPN)]]*Table43[[#This Row],[ISI/CTN]] -> 1921868.1 | AN38: =Table43[[#This Row],[Harga Beli Pcs (-PPN)]]*1.11 -> 44443.2 | AO38: =Table43[[#This Row],[Harga Beli Krt (- PPN)]]*1.11 -> 2133273.6 | AP38: 43243.243 | AQ38: =Table43[[#This Row],[Harga Jual Pcs GT (-PPN)]]*Table43[[#This Row],[ISI/CTN]] -> 2075675.7 | AR38: =Table43[[#This Row],[Harga Jual Pcs GT (-PPN)]]*1.11 -> 48000 | AS38: =Table43[[#This Row],[Harga Jual Krt GT (- PPN)]]*1.11 -> 2304000 | AU38: =Table43[[#This Row],[Harga Jual Pcs MT (-PPN)]]*Table43[[#This Row],[ISI/CTN]] -> 0 | AV38: =Table43[[#This Row],[Harga Jual Pcs MT (-PPN)]]*1.11 -> 0 | AW38: =Table43[[#This Row],[Harga Jual Pcs MT (+PPN)]]*Table43[[#This Row],[ISI/CTN]] -> 0 | AX38: =IFERROR((Table43[[#This Row],[Harga Jual Pcs GT (-PPN)]]-Table43[[#This Row],[Harga Beli Pcs (-PPN)]])/Table43[[#This Row],[Harga Jual Pcs GT (-PPN)]],0) -> 0.0741 | AY38: 45848 | BA38: =IF(TODAY()-Table43[[#This Row],[Efektif Pembuatan]]>60,"Lama","Baru") -> Lama | BB38: =IF(TODAY()-Table43[[#This Row],[Efektif Naik Harga]]<30,"Naik","Sama") -> Sama | BC38: Aktif | BD38: =IF(Table43[[#This Row],[Kode BARANG Win2]]<>"","IDR","") -> IDR | BE38: =CONCATENATE(Table43[[#This Row],[kode 1 Digit (Nomor)]],Table43[[#This Row],[kode 4 Digit (Nomor)]]) -> 20180 | BF38: =Table43[[#This Row],[Nama Gramasi atau Jumlah Pack per CTN]] -> 180ML | BG38: S-FRN | BH38: 45MIX | BI38: =IF(Table43[[#This Row],[SATUAN Fix Win]]<>"","KRT") -> KRT | BJ38: =IF(Table43[[#This Row],[SATUAN Fix Win]]<>"","GD01") -> GD01 | BK38: =IF(Table43[[#This Row],[SATUAN Fix Win]]<>"",11611) -> 11611 | BL38: =IF(Table43[[#This Row],[SATUAN Fix Win]]<>"",11612) -> 11612 | BM38: 0101 | BN38: =IF(Table43[[#This Row],[SATUAN Fix Win]]<>"",1) -> 1 | BO38: PT. FOKUS RITEL NUSAPRIMA
A39: =CONCATENATE(Table43[[#This Row],[Kode BARANG Win2]],Table43[[#This Row],[No. Urut Item Sama]]) -> F40520020070101 | B39: 1 | C39: 31 | D39: 072604000 | E39: PINK SKIN | F39: PINK SKIN Parfume Lotion Forget Me Not 48x70 ml | G39: 48 | H39: 8992946534829 | I39: =Table43[[#This Row],[Nama Jenis Kemasan]] -> TUBE | J39: =TRIM(CONCATENATE(Table43[[#This Row],[Nama KLP]]," ",Table43[[#This Row],[Nama Sub KLP]])) -> PINK SKIN PARFUME LTN | K39: =CONCATENATE(Table43[[#This Row],[kode 2 Digit (hrf+No)]],Table43[[#This Row],[kode 2 Digit (Nomor)]],Table43[[#This Row],[kode 1 Digit (Nomor)]]) -> F4052 | L39: =IF(AG39="",CONCATENATE(Q39,S39,U39,W39,Y39,AA39,AC39,AE39,Table43[[#This Row],[Tanda Kode Revisi]]),CONCATENATE(Q39,S39,U39,W39,Y39,AA39,AC39,AG39)) -> F4052002007010 | M39: =LEN(L39) -> 14 | N39: =IF(AF39<>"",TRIM(UPPER(CONCATENATE(P39," ",R39," ",T39," ",V39," ",X39," ",Z39," ","X"," ",Table43[[#This Row],[ISI/CTN]]," ",AF39," ",AB39," ",AD39," ",AH39))),TRIM(UPPER(CONCATENATE(P39," ",R39," ",T39," ",V39," ",X39," ",Z39," ","X"," ",Table43[[#This Row],[ISI/CTN]]," ",AB39," ",AD39," ",AH39)))) -> PINK SKIN PARFUME LTN FORGET ME NT 70ML X 48 TUBE | O39: =LEN(N39) -> 49 | Q39: F4 | R39: PINK SKIN | S39: 05 | T39: PARFUME LTN | U39: 2 | W39: 0 | X39: FORGET ME NT | Y39: 02 | Z39: 70ML | AA39: 0070 | AB39: TUBE | AC39: 1 | AE39: 0 | AI39: LITER | AJ39: 2 | AL39: 20019.459 | AM39: =Table43[[#This Row],[Harga Beli Pcs (-PPN)]]*Table43[[#This Row],[ISI/CTN]] -> 960934.05 | AN39: =Table43[[#This Row],[Harga Beli Pcs (-PPN)]]*1.11 -> 22221.6 | AO39: =Table43[[#This Row],[Harga Beli Krt (- PPN)]]*1.11 -> 1066636.8 | AP39: 21621.622 | AQ39: =Table43[[#This Row],[Harga Jual Pcs GT (-PPN)]]*Table43[[#This Row],[ISI/CTN]] -> 1037837.8 | AR39: =Table43[[#This Row],[Harga Jual Pcs GT (-PPN)]]*1.11 -> 24000 | AS39: =Table43[[#This Row],[Harga Jual Krt GT (- PPN)]]*1.11 -> 1152000 | AU39: =Table43[[#This Row],[Harga Jual Pcs MT (-PPN)]]*Table43[[#This Row],[ISI/CTN]] -> 0 | AV39: =Table43[[#This Row],[Harga Jual Pcs MT (-PPN)]]*1.11 -> 0 | AW39: =Table43[[#This Row],[Harga Jual Pcs MT (+PPN)]]*Table43[[#This Row],[ISI/CTN]] -> 0 | AX39: =IFERROR((Table43[[#This Row],[Harga Jual Pcs GT (-PPN)]]-Table43[[#This Row],[Harga Beli Pcs (-PPN)]])/Table43[[#This Row],[Harga Jual Pcs GT (-PPN)]],0) -> 0.0741 | AY39: 45848 | BA39: =IF(TODAY()-Table43[[#This Row],[Efektif Pembuatan]]>60,"Lama","Baru") -> Lama | BB39: =IF(TODAY()-Table43[[#This Row],[Efektif Naik Harga]]<30,"Naik","Sama") -> Sama | BC39: Aktif | BD39: =IF(Table43[[#This Row],[Kode BARANG Win2]]<>"","IDR","") -> IDR | BE39: =CONCATENATE(Table43[[#This Row],[kode 1 Digit (Nomor)]],Table43[[#This Row],[kode 4 Digit (Nomor)]]) -> 20070 | BF39: =Table43[[#This Row],[Nama Gramasi atau Jumlah Pack per CTN]] -> 70ML | BG39: S-FRN | BH39: 45MIX | BI39: =IF(Table43[[#This Row],[SATUAN Fix Win]]<>"","KRT") -> KRT | BJ39: =IF(Table43[[#This Row],[SATUAN Fix Win]]<>"","GD01") -> GD01 | BK39: =IF(Table43[[#This Row],[SATUAN Fix Win]]<>"",11611) -> 11611 | BL39: =IF(Table43[[#This Row],[SATUAN Fix Win]]<>"",11612) -> 11612 | BM39: 0101 | BN39: =IF(Table43[[#This Row],[SATUAN Fix Win]]<>"",1) -> 1 | BO39: PT. FOKUS RITEL NUSAPRIMA
A40: =CONCATENATE(Table43[[#This Row],[Kode BARANG Win2]],Table43[[#This Row],[No. Urut Item Sama]]) -> F40520030180101 | B40: 1 | C40: 32 | D40: 050702293 | E40: PINK SKIN | F40: PINK SKIN PERFUME LTN Shining Star 48x180Ml | G40: 48 | H40: 8992946534522 | I40: =Table43[[#This Row],[Nama Jenis Kemasan]] -> TUBE | J40: =TRIM(CONCATENATE(Table43[[#This Row],[Nama KLP]]," ",Table43[[#This Row],[Nama Sub KLP]])) -> PINK SKIN PARFUME LTN | K40: =CONCATENATE(Table43[[#This Row],[kode 2 Digit (hrf+No)]],Table43[[#This Row],[kode 2 Digit (Nomor)]],Table43[[#This Row],[kode 1 Digit (Nomor)]]) -> F4052 | L40: =IF(AG40="",CONCATENATE(Q40,S40,U40,W40,Y40,AA40,AC40,AE40,Table43[[#This Row],[Tanda Kode Revisi]]),CONCATENATE(Q40,S40,U40,W40,Y40,AA40,AC40,AG40)) -> F4052003018010 | M40: =LEN(L40) -> 14 | N40: =IF(AF40<>"",TRIM(UPPER(CONCATENATE(P40," ",R40," ",T40," ",V40," ",X40," ",Z40," ","X"," ",Table43[[#This Row],[ISI/CTN]]," ",AF40," ",AB40," ",AD40," ",AH40))),TRIM(UPPER(CONCATENATE(P40," ",R40," ",T40," ",V40," ",X40," ",Z40," ","X"," ",Table43[[#This Row],[ISI/CTN]]," ",AB40," ",AD40," ",AH40)))) -> PINK SKIN PARFUME LTN SHINING STAR 180ML X 48 TUBE | O40: =LEN(N40) -> 50 | Q40: F4 | R40: PINK SKIN | S40: 05 | T40: PARFUME LTN | U40: 2 | W40: 0 | X40: SHINING STAR | Y40: 03 | Z40: 180ML | AA40: 0180 | AB40: TUBE | AC40: 1 | AE40: 0 | AI40: LITER | AJ40: 2 | AL40: 40038.919 | AM40: =Table43[[#This Row],[Harga Beli Pcs (-PPN)]]*Table43[[#This Row],[ISI/CTN]] -> 1921868.1 | AN40: =Table43[[#This Row],[Harga Beli Pcs (-PPN)]]*1.11 -> 44443.2 | AO40: =Table43[[#This Row],[Harga Beli Krt (- PPN)]]*1.11 -> 2133273.6 | AP40: 43243.243 | AQ40: =Table43[[#This Row],[Harga Jual Pcs GT (-PPN)]]*Table43[[#This Row],[ISI/CTN]] -> 2075675.7 | AR40: =Table43[[#This Row],[Harga Jual Pcs GT (-PPN)]]*1.11 -> 48000 | AS40: =Table43[[#This Row],[Harga Jual Krt GT (- PPN)]]*1.11 -> 2304000 | AU40: =Table43[[#This Row],[Harga Jual Pcs MT (-PPN)]]*Table43[[#This Row],[ISI/CTN]] -> 0 | AV40: =Table43[[#This Row],[Harga Jual Pcs MT (-PPN)]]*1.11 -> 0 | AW40: =Table43[[#This Row],[Harga Jual Pcs MT (+PPN)]]*Table43[[#This Row],[ISI/CTN]] -> 0 | AX40: =IFERROR((Table43[[#This Row],[Harga Jual Pcs GT (-PPN)]]-Table43[[#This Row],[Harga Beli Pcs (-PPN)]])/Table43[[#This Row],[Harga Jual Pcs GT (-PPN)]],0) -> 0.0741 | AY40: 45848 | BA40: =IF(TODAY()-Table43[[#This Row],[Efektif Pembuatan]]>60,"Lama","Baru") -> Lama | BB40: =IF(TODAY()-Table43[[#This Row],[Efektif Naik Harga]]<30,"Naik","Sama") -> Sama | BC40: Aktif | BD40: =IF(Table43[[#This Row],[Kode BARANG Win2]]<>"","IDR","") -> IDR | BE40: =CONCATENATE(Table43[[#This Row],[kode 1 Digit (Nomor)]],Table43[[#This Row],[kode 4 Digit (Nomor)]]) -> 20180 | BF40: =Table43[[#This Row],[Nama Gramasi atau Jumlah Pack per CTN]] -> 180ML | BG40: S-FRN | BH40: 45MIX | BI40: =IF(Table43[[#This Row],[SATUAN Fix Win]]<>"","KRT") -> KRT | BJ40: =IF(Table43[[#This Row],[SATUAN Fix Win]]<>"","GD01") -> GD01 | BK40: =IF(Table43[[#This Row],[SATUAN Fix Win]]<>"",11611) -> 11611 | BL40: =IF(Table43[[#This Row],[SATUAN Fix Win]]<>"",11612) -> 11612 | BM40: 0101 | BN40: =IF(Table43[[#This Row],[SATUAN Fix Win]]<>"",1) -> 1 | BO40: PT. FOKUS RITEL NUSAPRIMA
A41: =CONCATENATE(Table43[[#This Row],[Kode BARANG Win2]],Table43[[#This Row],[No. Urut Item Sama]]) -> F40520030070101 | B41: 1 | C41: 33 | D41: 072602000 | E41: PINK SKIN | F41: PINK SKIN Parfume Lotion Shining Star 48x70 ml | G41: 48 | H41: 8992946534799 | I41: =Table43[[#This Row],[Nama Jenis Kemasan]] -> TUBE | J41: =TRIM(CONCATENATE(Table43[[#This Row],[Nama KLP]]," ",Table43[[#This Row],[Nama Sub KLP]])) -> PINK SKIN PARFUME LTN | K41: =CONCATENATE(Table43[[#This Row],[kode 2 Digit (hrf+No)]],Table43[[#This Row],[kode 2 Digit (Nomor)]],Table43[[#This Row],[kode 1 Digit (Nomor)]]) -> F4052 | L41: =IF(AG41="",CONCATENATE(Q41,S41,U41,W41,Y41,AA41,AC41,AE41,Table43[[#This Row],[Tanda Kode Revisi]]),CONCATENATE(Q41,S41,U41,W41,Y41,AA41,AC41,AG41)) -> F4052003007010 | M41: =LEN(L41) -> 14 | N41: =IF(AF41<>"",TRIM(UPPER(CONCATENATE(P41," ",R41," ",T41," ",V41," ",X41," ",Z41," ","X"," ",Table43[[#This Row],[ISI/CTN]]," ",AF41," ",AB41," ",AD41," ",AH41))),TRIM(UPPER(CONCATENATE(P41," ",R41," ",T41," ",V41," ",X41," ",Z41," ","X"," ",Table43[[#This Row],[ISI/CTN]]," ",AB41," ",AD41," ",AH41)))) -> PINK SKIN PARFUME LTN SHINING STAR 70ML X 48 TUBE | O41: =LEN(N41) -> 49 | Q41: F4 | R41: PINK SKIN | S41: 05 | T41: PARFUME LTN | U41: 2 | W41: 0 | X41: SHINING STAR | Y41: 03 | Z41: 70ML | AA41: 0070 | AB41: TUBE | AC41: 1 | AE41: 0 | AI41: LITER | AJ41: 2 | AL41: 20019.459 | AM41: =Table43[[#This Row],[Harga Beli Pcs (-PPN)]]*Table43[[#This Row],[ISI/CTN]] -> 960934.05 | AN41: =Table43[[#This Row],[Harga Beli Pcs (-PPN)]]*1.11 -> 22221.6 | AO41: =Table43[[#This Row],[Harga Beli Krt (- PPN)]]*1.11 -> 1066636.8 | AP41: 21621.622 | AQ41: =Table43[[#This Row],[Harga Jual Pcs GT (-PPN)]]*Table43[[#This Row],[ISI/CTN]] -> 1037837.8 | AR41: =Table43[[#This Row],[Harga Jual Pcs GT (-PPN)]]*1.11 -> 24000 | AS41: =Table43[[#This Row],[Harga Jual Krt GT (- PPN)]]*1.11 -> 1152000 | AU41: =Table43[[#This Row],[Harga Jual Pcs MT (-PPN)]]*Table43[[#This Row],[ISI/CTN]] -> 0 | AV41: =Table43[[#This Row],[Harga Jual Pcs MT (-PPN)]]*1.11 -> 0 | AW41: =Table43[[#This Row],[Harga Jual Pcs MT (+PPN)]]*Table43[[#This Row],[ISI/CTN]] -> 0 | AX41: =IFERROR((Table43[[#This Row],[Harga Jual Pcs GT (-PPN)]]-Table43[[#This Row],[Harga Beli Pcs (-PPN)]])/Table43[[#This Row],[Harga Jual Pcs GT (-PPN)]],0) -> 0.0741 | AY41: 45848 | BA41: =IF(TODAY()-Table43[[#This Row],[Efektif Pembuatan]]>60,"Lama","Baru") -> Lama | BB41: =IF(TODAY()-Table43[[#This Row],[Efektif Naik Harga]]<30,"Naik","Sama") -> Sama | BC41: Aktif | BD41: =IF(Table43[[#This Row],[Kode BARANG Win2]]<>"","IDR","") -> IDR | BE41: =CONCATENATE(Table43[[#This Row],[kode 1 Digit (Nomor)]],Table43[[#This Row],[kode 4 Digit (Nomor)]]) -> 20070 | BF41: =Table43[[#This Row],[Nama Gramasi atau Jumlah Pack per CTN]] -> 70ML | BG41: S-FRN | BH41: 45MIX | BI41: =IF(Table43[[#This Row],[SATUAN Fix Win]]<>"","KRT") -> KRT | BJ41: =IF(Table43[[#This Row],[SATUAN Fix Win]]<>"","GD01") -> GD01 | BK41: =IF(Table43[[#This Row],[SATUAN Fix Win]]<>"",11611) -> 11611 | BL41: =IF(Table43[[#This Row],[SATUAN Fix Win]]<>"",11612) -> 11612 | BM41: 0101 | BN41: =IF(Table43[[#This Row],[SATUAN Fix Win]]<>"",1) -> 1 | BO41: PT. FOKUS RITEL NUSAPRIMA
A42: =CONCATENATE(Table43[[#This Row],[Kode BARANG Win2]],Table43[[#This Row],[No. Urut Item Sama]]) -> F40520040180101 | B42: 1 | C42: 34 | D42: 050703293 | E42: PINK SKIN | F42: PINK SKIN PERFUME LTN Sweet Rose 48x180Ml | G42: 48 | H42: 8992946534539 | I42: =Table43[[#This Row],[Nama Jenis Kemasan]] -> TUBE | J42: =TRIM(CONCATENATE(Table43[[#This Row],[Nama KLP]]," ",Table43[[#This Row],[Nama Sub KLP]])) -> PINK SKIN PARFUME LTN | K42: =CONCATENATE(Table43[[#This Row],[kode 2 Digit (hrf+No)]],Table43[[#This Row],[kode 2 Digit (Nomor)]],Table43[[#This Row],[kode 1 Digit (Nomor)]]) -> F4052 | L42: =IF(AG42="",CONCATENATE(Q42,S42,U42,W42,Y42,AA42,AC42,AE42,Table43[[#This Row],[Tanda Kode Revisi]]),CONCATENATE(Q42,S42,U42,W42,Y42,AA42,AC42,AG42)) -> F4052004018010 | M42: =LEN(L42) -> 14 | N42: =IF(AF42<>"",TRIM(UPPER(CONCATENATE(P42," ",R42," ",T42," ",V42," ",X42," ",Z42," ","X"," ",Table43[[#This Row],[ISI/CTN]]," ",AF42," ",AB42," ",AD42," ",AH42))),TRIM(UPPER(CONCATENATE(P42," ",R42," ",T42," ",V42," ",X42," ",Z42," ","X"," ",Table43[[#This Row],[ISI/CTN]]," ",AB42," ",AD42," ",AH42)))) -> PINK SKIN PARFUME LTN SWEET ROSE 180ML X 48 TUBE | O42: =LEN(N42) -> 48 | Q42: F4 | R42: PINK SKIN | S42: 05 | T42: PARFUME LTN | U42: 2 | W42: 0 | X42: SWEET ROSE | Y42: 04 | Z42: 180ML | AA42: 0180 | AB42: TUBE | AC42: 1 | AE42: 0 | AI42: LITER | AJ42: 2 | AL42: 40038.919 | AM42: =Table43[[#This Row],[Harga Beli Pcs (-PPN)]]*Table43[[#This Row],[ISI/CTN]] -> 1921868.1 | AN42: =Table43[[#This Row],[Harga Beli Pcs (-PPN)]]*1.11 -> 44443.2 | AO42: =Table43[[#This Row],[Harga Beli Krt (- PPN)]]*1.11 -> 2133273.6 | AP42: 43243.243 | AQ42: =Table43[[#This Row],[Harga Jual Pcs GT (-PPN)]]*Table43[[#This Row],[ISI/CTN]] -> 2075675.7 | AR42: =Table43[[#This Row],[Harga Jual Pcs GT (-PPN)]]*1.11 -> 48000 | AS42: =Table43[[#This Row],[Harga Jual Krt GT (- PPN)]]*1.11 -> 2304000 | AU42: =Table43[[#This Row],[Harga Jual Pcs MT (-PPN)]]*Table43[[#This Row],[ISI/CTN]] -> 0 | AV42: =Table43[[#This Row],[Harga Jual Pcs MT (-PPN)]]*1.11 -> 0 | AW42: =Table43[[#This Row],[Harga Jual Pcs MT (+PPN)]]*Table43[[#This Row],[ISI/CTN]] -> 0 | AX42: =IFERROR((Table43[[#This Row],[Harga Jual Pcs GT (-PPN)]]-Table43[[#This Row],[Harga Beli Pcs (-PPN)]])/Table43[[#This Row],[Harga Jual Pcs GT (-PPN)]],0) -> 0.0741 | AY42: 45848 | BA42: =IF(TODAY()-Table43[[#This Row],[Efektif Pembuatan]]>60,"Lama","Baru") -> Lama | BB42: =IF(TODAY()-Table43[[#This Row],[Efektif Naik Harga]]<30,"Naik","Sama") -> Sama | BC42: Aktif | BD42: =IF(Table43[[#This Row],[Kode BARANG Win2]]<>"","IDR","") -> IDR | BE42: =CONCATENATE(Table43[[#This Row],[kode 1 Digit (Nomor)]],Table43[[#This Row],[kode 4 Digit (Nomor)]]) -> 20180 | BF42: =Table43[[#This Row],[Nama Gramasi atau Jumlah Pack per CTN]] -> 180ML | BG42: S-FRN | BH42: 45MIX | BI42: =IF(Table43[[#This Row],[SATUAN Fix Win]]<>"","KRT") -> KRT | BJ42: =IF(Table43[[#This Row],[SATUAN Fix Win]]<>"","GD01") -> GD01 | BK42: =IF(Table43[[#This Row],[SATUAN Fix Win]]<>"",11611) -> 11611 | BL42: =IF(Table43[[#This Row],[SATUAN Fix Win]]<>"",11612) -> 11612 | BM42: 0101 | BN42: =IF(Table43[[#This Row],[SATUAN Fix Win]]<>"",1) -> 1 | BO42: PT. FOKUS RITEL NUSAPRIMA
A43: =CONCATENATE(Table43[[#This Row],[Kode BARANG Win2]],Table43[[#This Row],[No. Urut Item Sama]]) -> F40520040070101 | B43: 1 | C43: 35 | D43: 072603000 | E43: PINK SKIN | F43: PINK SKIN Parfume Lotion Sweet Rose 48x70 ml | G43: 48 | H43: 8992946534812 | I43: =Table43[[#This Row],[Nama Jenis Kemasan]] -> TUBE | J43: =TRIM(CONCATENATE(Table43[[#This Row],[Nama KLP]]," ",Table43[[#This Row],[Nama Sub KLP]])) -> PINK SKIN PARFUME LTN | K43: =CONCATENATE(Table43[[#This Row],[kode 2 Digit (hrf+No)]],Table43[[#This Row],[kode 2 Digit (Nomor)]],Table43[[#This Row],[kode 1 Digit (Nomor)]]) -> F4052 | L43: =IF(AG43="",CONCATENATE(Q43,S43,U43,W43,Y43,AA43,AC43,AE43,Table43[[#This Row],[Tanda Kode Revisi]]),CONCATENATE(Q43,S43,U43,W43,Y43,AA43,AC43,AG43)) -> F4052004007010 | M43: =LEN(L43) -> 14 | N43: =IF(AF43<>"",TRIM(UPPER(CONCATENATE(P43," ",R43," ",T43," ",V43," ",X43," ",Z43," ","X"," ",Table43[[#This Row],[ISI/CTN]]," ",AF43," ",AB43," ",AD43," ",AH43))),TRIM(UPPER(CONCATENATE(P43," ",R43," ",T43," ",V43," ",X43," ",Z43," ","X"," ",Table43[[#This Row],[ISI/CTN]]," ",AB43," ",AD43," ",AH43)))) -> PINK SKIN PARFUME LTN SWEET ROSE 70ML X 48 TUBE | O43: =LEN(N43) -> 47 | Q43: F4 | R43: PINK SKIN | S43: 05 | T43: PARFUME LTN | U43: 2 | W43: 0 | X43: SWEET ROSE | Y43: 04 | Z43: 70ML | AA43: 0070 | AB43: TUBE | AC43: 1 | AE43: 0 | AI43: LITER | AJ43: 2 | AL43: 20019.459 | AM43: =Table43[[#This Row],[Harga Beli Pcs (-PPN)]]*Table43[[#This Row],[ISI/CTN]] -> 960934.05 | AN43: =Table43[[#This Row],[Harga Beli Pcs (-PPN)]]*1.11 -> 22221.6 | AO43: =Table43[[#This Row],[Harga Beli Krt (- PPN)]]*1.11 -> 1066636.8 | AP43: 21621.622 | AQ43: =Table43[[#This Row],[Harga Jual Pcs GT (-PPN)]]*Table43[[#This Row],[ISI/CTN]] -> 1037837.8 | AR43: =Table43[[#This Row],[Harga Jual Pcs GT (-PPN)]]*1.11 -> 24000 | AS43: =Table43[[#This Row],[Harga Jual Krt GT (- PPN)]]*1.11 -> 1152000 | AU43: =Table43[[#This Row],[Harga Jual Pcs MT (-PPN)]]*Table43[[#This Row],[ISI/CTN]] -> 0 | AV43: =Table43[[#This Row],[Harga Jual Pcs MT (-PPN)]]*1.11 -> 0 | AW43: =Table43[[#This Row],[Harga Jual Pcs MT (+PPN)]]*Table43[[#This Row],[ISI/CTN]] -> 0 | AX43: =IFERROR((Table43[[#This Row],[Harga Jual Pcs GT (-PPN)]]-Table43[[#This Row],[Harga Beli Pcs (-PPN)]])/Table43[[#This Row],[Harga Jual Pcs GT (-PPN)]],0) -> 0.0741 | AY43: 45848 | BA43: =IF(TODAY()-Table43[[#This Row],[Efektif Pembuatan]]>60,"Lama","Baru") -> Lama | BB43: =IF(TODAY()-Table43[[#This Row],[Efektif Naik Harga]]<30,"Naik","Sama") -> Sama | BC43: Aktif | BD43: =IF(Table43[[#This Row],[Kode BARANG Win2]]<>"","IDR","") -> IDR | BE43: =CONCATENATE(Table43[[#This Row],[kode 1 Digit (Nomor)]],Table43[[#This Row],[kode 4 Digit (Nomor)]]) -> 20070 | BF43: =Table43[[#This Row],[Nama Gramasi atau Jumlah Pack per CTN]] -> 70ML | BG43: S-FRN | BH43: 45MIX | BI43: =IF(Table43[[#This Row],[SATUAN Fix Win]]<>"","KRT") -> KRT | BJ43: =IF(Table43[[#This Row],[SATUAN Fix Win]]<>"","GD01") -> GD01 | BK43: =IF(Table43[[#This Row],[SATUAN Fix Win]]<>"",11611) -> 11611 | BL43: =IF(Table43[[#This Row],[SATUAN Fix Win]]<>"",11612) -> 11612 | BM43: 0101 | BN43: =IF(Table43[[#This Row],[SATUAN Fix Win]]<>"",1) -> 1 | BO43: PT. FOKUS RITEL NUSAPRIMA
A44: =CONCATENATE(Table43[[#This Row],[Kode BARANG Win2]],Table43[[#This Row],[No. Urut Item Sama]]) -> F40530040030201 | B44: 1 | C44: 36 | D44: 112603000 | E44: PINK SKIN | F44: PINK SKIN EDP SWEET ROSE 48X30ML | G44: 48 | H44: 8992946535458 | I44: =Table43[[#This Row],[Nama Jenis Kemasan]] -> BTL | J44: =TRIM(CONCATENATE(Table43[[#This Row],[Nama KLP]]," ",Table43[[#This Row],[Nama Sub KLP]])) -> PINK SKIN EDP | K44: =CONCATENATE(Table43[[#This Row],[kode 2 Digit (hrf+No)]],Table43[[#This Row],[kode 2 Digit (Nomor)]],Table43[[#This Row],[kode 1 Digit (Nomor)]]) -> F4053 | L44: =IF(AG44="",CONCATENATE(Q44,S44,U44,W44,Y44,AA44,AC44,AE44,Table43[[#This Row],[Tanda Kode Revisi]]),CONCATENATE(Q44,S44,U44,W44,Y44,AA44,AC44,AG44)) -> F4053004003020 | M44: =LEN(L44) -> 14 | N44: =IF(AF44<>"",TRIM(UPPER(CONCATENATE(P44," ",R44," ",T44," ",V44," ",X44," ",Z44," ","X"," ",Table43[[#This Row],[ISI/CTN]]," ",AF44," ",AB44," ",AD44," ",AH44))),TRIM(UPPER(CONCATENATE(P44," ",R44," ",T44," ",V44," ",X44," ",Z44," ","X"," ",Table43[[#This Row],[ISI/CTN]]," ",AB44," ",AD44," ",AH44)))) -> PINK SKIN EDP SWEET ROSE 30ML X 48 BTL | O44: =LEN(N44) -> 38 | Q44: F4 | R44: PINK SKIN | S44: 05 | T44: EDP | U44: 3 | W44: 0 | X44: SWEET ROSE | Y44: 04 | Z44: 30ML | AA44: 0030 | AB44: BTL | AC44: 2 | AE44: 0 | AI44: LITER | AJ44: 2 | AM44: =Table43[[#This Row],[Harga Beli Pcs (-PPN)]]*Table43[[#This Row],[ISI/CTN]] -> 0 | AN44: =Table43[[#This Row],[Harga Beli Pcs (-PPN)]]*1.11 -> 0 | AO44: =Table43[[#This Row],[Harga Beli Krt (- PPN)]]*1.11 -> 0 | AQ44: =Table43[[#This Row],[Harga Jual Pcs GT (-PPN)]]*Table43[[#This Row],[ISI/CTN]] -> 0 | AR44: =Table43[[#This Row],[Harga Jual Pcs GT (-PPN)]]*1.11 -> 0 | AS44: =Table43[[#This Row],[Harga Jual Krt GT (- PPN)]]*1.11 -> 0 | AU44: =Table43[[#This Row],[Harga Jual Pcs MT (-PPN)]]*Table43[[#This Row],[ISI/CTN]] -> 0 | AV44: =Table43[[#This Row],[Harga Jual Pcs MT (-PPN)]]*1.11 -> 0 | AW44: =Table43[[#This Row],[Harga Jual Pcs MT (+PPN)]]*Table43[[#This Row],[ISI/CTN]] -> 0 | AX44: =IFERROR((Table43[[#This Row],[Harga Jual Pcs GT (-PPN)]]-Table43[[#This Row],[Harga Beli Pcs (-PPN)]])/Table43[[#This Row],[Harga Jual Pcs GT (-PPN)]],0) -> 0 | BA44: =IF(TODAY()-Table43[[#This Row],[Efektif Pembuatan]]>60,"Lama","Baru") -> Lama | BB44: =IF(TODAY()-Table43[[#This Row],[Efektif Naik Harga]]<30,"Naik","Sama") -> Sama | BD44: =IF(Table43[[#This Row],[Kode BARANG Win2]]<>"","IDR","") -> IDR | BE44: =CONCATENATE(Table43[[#This Row],[kode 1 Digit (Nomor)]],Table43[[#This Row],[kode 4 Digit (Nomor)]]) -> 20030 | BF44: =Table43[[#This Row],[Nama Gramasi atau Jumlah Pack per CTN]] -> 30ML | BI44: =IF(Table43[[#This Row],[SATUAN Fix Win]]<>"","KRT") -> KRT | BJ44: =IF(Table43[[#This Row],[SATUAN Fix Win]]<>"","GD01") -> GD01 | BK44: =IF(Table43[[#This Row],[SATUAN Fix Win]]<>"",11611) -> 11611 | BL44: =IF(Table43[[#This Row],[SATUAN Fix Win]]<>"",11612) -> 11612 | BN44: =IF(Table43[[#This Row],[SATUAN Fix Win]]<>"",1) -> 1
A45: =CONCATENATE(Table43[[#This Row],[Kode BARANG Win2]],Table43[[#This Row],[No. Urut Item Sama]]) -> F40530010030201 | B45: 1 | C45: 37 | D45: 112601000 | E45: PINK SKIN | F45: PINK SKIN EDP FIRST LOVE 48X30ML | G45: 48 | H45: 8992946535441 | I45: =Table43[[#This Row],[Nama Jenis Kemasan]] -> BTL | J45: =TRIM(CONCATENATE(Table43[[#This Row],[Nama KLP]]," ",Table43[[#This Row],[Nama Sub KLP]])) -> PINK SKIN EDP | K45: =CONCATENATE(Table43[[#This Row],[kode 2 Digit (hrf+No)]],Table43[[#This Row],[kode 2 Digit (Nomor)]],Table43[[#This Row],[kode 1 Digit (Nomor)]]) -> F4053 | L45: =IF(AG45="",CONCATENATE(Q45,S45,U45,W45,Y45,AA45,AC45,AE45,Table43[[#This Row],[Tanda Kode Revisi]]),CONCATENATE(Q45,S45,U45,W45,Y45,AA45,AC45,AG45)) -> F4053001003020 | M45: =LEN(L45) -> 14 | N45: =IF(AF45<>"",TRIM(UPPER(CONCATENATE(P45," ",R45," ",T45," ",V45," ",X45," ",Z45," ","X"," ",Table43[[#This Row],[ISI/CTN]]," ",AF45," ",AB45," ",AD45," ",AH45))),TRIM(UPPER(CONCATENATE(P45," ",R45," ",T45," ",V45," ",X45," ",Z45," ","X"," ",Table43[[#This Row],[ISI/CTN]]," ",AB45," ",AD45," ",AH45)))) -> PINK SKIN EDP FIRST LOVE 30ML X 48 BTL | O45: =LEN(N45) -> 38 | Q45: F4 | R45: PINK SKIN | S45: 05 | T45: EDP | U45: 3 | W45: 0 | X45: FIRST LOVE | Y45: 01 | Z45: 30ML | AA45: 0030 | AB45: BTL | AC45: 2 | AE45: 0 | AI45: LITER | AJ45: 2 | AM45: =Table43[[#This Row],[Harga Beli Pcs (-PPN)]]*Table43[[#This Row],[ISI/CTN]] -> 0 | AN45: =Table43[[#This Row],[Harga Beli Pcs (-PPN)]]*1.11 -> 0 | AO45: =Table43[[#This Row],[Harga Beli Krt (- PPN)]]*1.11 -> 0 | AQ45: =Table43[[#This Row],[Harga Jual Pcs GT (-PPN)]]*Table43[[#This Row],[ISI/CTN]] -> 0 | AR45: =Table43[[#This Row],[Harga Jual Pcs GT (-PPN)]]*1.11 -> 0 | AS45: =Table43[[#This Row],[Harga Jual Krt GT (- PPN)]]*1.11 -> 0 | AU45: =Table43[[#This Row],[Harga Jual Pcs MT (-PPN)]]*Table43[[#This Row],[ISI/CTN]] -> 0 | AV45: =Table43[[#This Row],[Harga Jual Pcs MT (-PPN)]]*1.11 -> 0 | AW45: =Table43[[#This Row],[Harga Jual Pcs MT (+PPN)]]*Table43[[#This Row],[ISI/CTN]] -> 0 | AX45: =IFERROR((Table43[[#This Row],[Harga Jual Pcs GT (-PPN)]]-Table43[[#This Row],[Harga Beli Pcs (-PPN)]])/Table43[[#This Row],[Harga Jual Pcs GT (-PPN)]],0) -> 0 | BA45: =IF(TODAY()-Table43[[#This Row],[Efektif Pembuatan]]>60,"Lama","Baru") -> Lama | BB45: =IF(TODAY()-Table43[[#This Row],[Efektif Naik Harga]]<30,"Naik","Sama") -> Sama | BD45: =IF(Table43[[#This Row],[Kode BARANG Win2]]<>"","IDR","") -> IDR | BE45: =CONCATENATE(Table43[[#This Row],[kode 1 Digit (Nomor)]],Table43[[#This Row],[kode 4 Digit (Nomor)]]) -> 20030 | BF45: =Table43[[#This Row],[Nama Gramasi atau Jumlah Pack per CTN]] -> 30ML | BI45: =IF(Table43[[#This Row],[SATUAN Fix Win]]<>"","KRT") -> KRT | BJ45: =IF(Table43[[#This Row],[SATUAN Fix Win]]<>"","GD01") -> GD01 | BK45: =IF(Table43[[#This Row],[SATUAN Fix Win]]<>"",11611) -> 11611 | BL45: =IF(Table43[[#This Row],[SATUAN Fix Win]]<>"",11612) -> 11612 | BN45: =IF(Table43[[#This Row],[SATUAN Fix Win]]<>"",1) -> 1
A46: =CONCATENATE(Table43[[#This Row],[Kode BARANG Win2]],Table43[[#This Row],[No. Urut Item Sama]]) -> F40530020030201 | B46: 1 | C46: 38 | D46: 112604000 | E46: PINK SKIN | F46: PINK SKIN EDP FORGET ME NOT 48X30ML | G46: 48 | H46: 8992946535465 | I46: =Table43[[#This Row],[Nama Jenis Kemasan]] -> BTL | J46: =TRIM(CONCATENATE(Table43[[#This Row],[Nama KLP]]," ",Table43[[#This Row],[Nama Sub KLP]])) -> PINK SKIN EDP | K46: =CONCATENATE(Table43[[#This Row],[kode 2 Digit (hrf+No)]],Table43[[#This Row],[kode 2 Digit (Nomor)]],Table43[[#This Row],[kode 1 Digit (Nomor)]]) -> F4053 | L46: =IF(AG46="",CONCATENATE(Q46,S46,U46,W46,Y46,AA46,AC46,AE46,Table43[[#This Row],[Tanda Kode Revisi]]),CONCATENATE(Q46,S46,U46,W46,Y46,AA46,AC46,AG46)) -> F4053002003020 | M46: =LEN(L46) -> 14 | N46: =IF(AF46<>"",TRIM(UPPER(CONCATENATE(P46," ",R46," ",T46," ",V46," ",X46," ",Z46," ","X"," ",Table43[[#This Row],[ISI/CTN]]," ",AF46," ",AB46," ",AD46," ",AH46))),TRIM(UPPER(CONCATENATE(P46," ",R46," ",T46," ",V46," ",X46," ",Z46," ","X"," ",Table43[[#This Row],[ISI/CTN]]," ",AB46," ",AD46," ",AH46)))) -> PINK SKIN EDP FORGET ME NOT 30ML X 48 BTL | O46: =LEN(N46) -> 41 | Q46: F4 | R46: PINK SKIN | S46: 05 | T46: EDP | U46: 3 | W46: 0 | X46: FORGET ME NOT | Y46: 02 | Z46: 30ML | AA46: 0030 | AB46: BTL | AC46: 2 | AE46: 0 | AI46: LITER | AJ46: 2 | AM46: =Table43[[#This Row],[Harga Beli Pcs (-PPN)]]*Table43[[#This Row],[ISI/CTN]] -> 0 | AN46: =Table43[[#This Row],[Harga Beli Pcs (-PPN)]]*1.11 -> 0 | AO46: =Table43[[#This Row],[Harga Beli Krt (- PPN)]]*1.11 -> 0 | AQ46: =Table43[[#This Row],[Harga Jual Pcs GT (-PPN)]]*Table43[[#This Row],[ISI/CTN]] -> 0 | AR46: =Table43[[#This Row],[Harga Jual Pcs GT (-PPN)]]*1.11 -> 0 | AS46: =Table43[[#This Row],[Harga Jual Krt GT (- PPN)]]*1.11 -> 0 | AU46: =Table43[[#This Row],[Harga Jual Pcs MT (-PPN)]]*Table43[[#This Row],[ISI/CTN]] -> 0 | AV46: =Table43[[#This Row],[Harga Jual Pcs MT (-PPN)]]*1.11 -> 0 | AW46: =Table43[[#This Row],[Harga Jual Pcs MT (+PPN)]]*Table43[[#This Row],[ISI/CTN]] -> 0 | AX46: =IFERROR((Table43[[#This Row],[Harga Jual Pcs GT (-PPN)]]-Table43[[#This Row],[Harga Beli Pcs (-PPN)]])/Table43[[#This Row],[Harga Jual Pcs GT (-PPN)]],0) -> 0 | BA46: =IF(TODAY()-Table43[[#This Row],[Efektif Pembuatan]]>60,"Lama","Baru") -> Lama | BB46: =IF(TODAY()-Table43[[#This Row],[Efektif Naik Harga]]<30,"Naik","Sama") -> Sama | BD46: =IF(Table43[[#This Row],[Kode BARANG Win2]]<>"","IDR","") -> IDR | BE46: =CONCATENATE(Table43[[#This Row],[kode 1 Digit (Nomor)]],Table43[[#This Row],[kode 4 Digit (Nomor)]]) -> 20030 | BF46: =Table43[[#This Row],[Nama Gramasi atau Jumlah Pack per CTN]] -> 30ML | BI46: =IF(Table43[[#This Row],[SATUAN Fix Win]]<>"","KRT") -> KRT | BJ46: =IF(Table43[[#This Row],[SATUAN Fix Win]]<>"","GD01") -> GD01 | BK46: =IF(Table43[[#This Row],[SATUAN Fix Win]]<>"",11611) -> 11611 | BL46: =IF(Table43[[#This Row],[SATUAN Fix Win]]<>"",11612) -> 11612 | BN46: =IF(Table43[[#This Row],[SATUAN Fix Win]]<>"",1) -> 1
A47: =CONCATENATE(Table43[[#This Row],[Kode BARANG Win2]],Table43[[#This Row],[No. Urut Item Sama]]) -> F40530030030201 | B47: 1 | C47: 39 | D47: 112602000 | E47: PINK SKIN | F47: PINK SKIN EDP SHINING STAR 48X330ML | G47: 48 | H47: 899246535434 | I47: =Table43[[#This Row],[Nama Jenis Kemasan]] -> BTL | J47: =TRIM(CONCATENATE(Table43[[#This Row],[Nama KLP]]," ",Table43[[#This Row],[Nama Sub KLP]])) -> PINK SKIN EDP | K47: =CONCATENATE(Table43[[#This Row],[kode 2 Digit (hrf+No)]],Table43[[#This Row],[kode 2 Digit (Nomor)]],Table43[[#This Row],[kode 1 Digit (Nomor)]]) -> F4053 | L47: =IF(AG47="",CONCATENATE(Q47,S47,U47,W47,Y47,AA47,AC47,AE47,Table43[[#This Row],[Tanda Kode Revisi]]),CONCATENATE(Q47,S47,U47,W47,Y47,AA47,AC47,AG47)) -> F4053003003020 | M47: =LEN(L47) -> 14 | N47: =IF(AF47<>"",TRIM(UPPER(CONCATENATE(P47," ",R47," ",T47," ",V47," ",X47," ",Z47," ","X"," ",Table43[[#This Row],[ISI/CTN]]," ",AF47," ",AB47," ",AD47," ",AH47))),TRIM(UPPER(CONCATENATE(P47," ",R47," ",T47," ",V47," ",X47," ",Z47," ","X"," ",Table43[[#This Row],[ISI/CTN]]," ",AB47," ",AD47," ",AH47)))) -> PINK SKIN EDP SHINING STAR 30ML X 48 BTL | O47: =LEN(N47) -> 40 | Q47: F4 | R47: PINK SKIN | S47: 05 | T47: EDP | U47: 3 | W47: 0 | X47: SHINING STAR | Y47: 03 | Z47: 30ML | AA47: 0030 | AB47: BTL | AC47: 2 | AE47: 0 | AI47: LITER | AJ47: 2 | AM47: =Table43[[#This Row],[Harga Beli Pcs (-PPN)]]*Table43[[#This Row],[ISI/CTN]] -> 0 | AN47: =Table43[[#This Row],[Harga Beli Pcs (-PPN)]]*1.11 -> 0 | AO47: =Table43[[#This Row],[Harga Beli Krt (- PPN)]]*1.11 -> 0 | AQ47: =Table43[[#This Row],[Harga Jual Pcs GT (-PPN)]]*Table43[[#This Row],[ISI/CTN]] -> 0 | AR47: =Table43[[#This Row],[Harga Jual Pcs GT (-PPN)]]*1.11 -> 0 | AS47: =Table43[[#This Row],[Harga Jual Krt GT (- PPN)]]*1.11 -> 0 | AU47: =Table43[[#This Row],[Harga Jual Pcs MT (-PPN)]]*Table43[[#This Row],[ISI/CTN]] -> 0 | AV47: =Table43[[#This Row],[Harga Jual Pcs MT (-PPN)]]*1.11 -> 0 | AW47: =Table43[[#This Row],[Harga Jual Pcs MT (+PPN)]]*Table43[[#This Row],[ISI/CTN]] -> 0 | AX47: =IFERROR((Table43[[#This Row],[Harga Jual Pcs GT (-PPN)]]-Table43[[#This Row],[Harga Beli Pcs (-PPN)]])/Table43[[#This Row],[Harga Jual Pcs GT (-PPN)]],0) -> 0 | BA47: =IF(TODAY()-Table43[[#This Row],[Efektif Pembuatan]]>60,"Lama","Baru") -> Lama | BB47: =IF(TODAY()-Table43[[#This Row],[Efektif Naik Harga]]<30,"Naik","Sama") -> Sama | BD47: =IF(Table43[[#This Row],[Kode BARANG Win2]]<>"","IDR","") -> IDR | BE47: =CONCATENATE(Table43[[#This Row],[kode 1 Digit (Nomor)]],Table43[[#This Row],[kode 4 Digit (Nomor)]]) -> 20030 | BF47: =Table43[[#This Row],[Nama Gramasi atau Jumlah Pack per CTN]] -> 30ML | BI47: =IF(Table43[[#This Row],[SATUAN Fix Win]]<>"","KRT") -> KRT | BJ47: =IF(Table43[[#This Row],[SATUAN Fix Win]]<>"","GD01") -> GD01 | BK47: =IF(Table43[[#This Row],[SATUAN Fix Win]]<>"",11611) -> 11611 | BL47: =IF(Table43[[#This Row],[SATUAN Fix Win]]<>"",11612) -> 11612 | BN47: =IF(Table43[[#This Row],[SATUAN Fix Win]]<>"",1) -> 1
A48: =CONCATENATE(Table43[[#This Row],[Kode BARANG Win2]],Table43[[#This Row],[No. Urut Item Sama]]) -> F40611010380101 | B48: 1 | C48: 40 | D48: 051702001 | E48: SHINZUI1 | F48: SHZ BCL Hana Ref 24x380Ml | G48: 24 | H48: 8992946523526 | I48: =Table43[[#This Row],[Nama Jenis Kemasan]] -> PCH | J48: =TRIM(CONCATENATE(Table43[[#This Row],[Nama KLP]]," ",Table43[[#This Row],[Nama Sub KLP]])) -> SHINZUI BODY CLEANSER | K48: =CONCATENATE(Table43[[#This Row],[kode 2 Digit (hrf+No)]],Table43[[#This Row],[kode 2 Digit (Nomor)]],Table43[[#This Row],[kode 1 Digit (Nomor)]]) -> F4061 | L48: =IF(AG48="",CONCATENATE(Q48,S48,U48,W48,Y48,AA48,AC48,AE48,Table43[[#This Row],[Tanda Kode Revisi]]),CONCATENATE(Q48,S48,U48,W48,Y48,AA48,AC48,AG48)) -> F4061101038010 | M48: =LEN(L48) -> 14 | N48: =IF(AF48<>"",TRIM(UPPER(CONCATENATE(P48," ",R48," ",T48," ",V48," ",X48," ",Z48," ","X"," ",Table43[[#This Row],[ISI/CTN]]," ",AF48," ",AB48," ",AD48," ",AH48))),TRIM(UPPER(CONCATENATE(P48," ",R48," ",T48," ",V48," ",X48," ",Z48," ","X"," ",Table43[[#This Row],[ISI/CTN]]," ",AB48," ",AD48," ",AH48)))) -> SHINZUI BODY CLEANSER REFILL HANA 380ML X 24 PCH | O48: =LEN(N48) -> 48 | Q48: F4 | R48: SHINZUI | S48: 06 | T48: BODY CLEANSER | U48: 1 | V48: REFILL | W48: 1 | X48: HANA | Y48: 01 | Z48: 380ML | AA48: 0380 | AB48: PCH | AC48: 1 | AE48: 0 | AI48: LITER | AJ48: 2 | AL48: 21687.748 | AM48: =Table43[[#This Row],[Harga Beli Pcs (-PPN)]]*Table43[[#This Row],[ISI/CTN]] -> 520505.95 | AN48: =Table43[[#This Row],[Harga Beli Pcs (-PPN)]]*1.11 -> 24073.4 | AO48: =Table43[[#This Row],[Harga Beli Krt (- PPN)]]*1.11 -> 577761.6 | AP48: 23423.423 | AQ48: =Table43[[#This Row],[Harga Jual Pcs GT (-PPN)]]*Table43[[#This Row],[ISI/CTN]] -> 562162.16 | AR48: =Table43[[#This Row],[Harga Jual Pcs GT (-PPN)]]*1.11 -> 26000 | AS48: =Table43[[#This Row],[Harga Jual Krt GT (- PPN)]]*1.11 -> 624000 | AU48: =Table43[[#This Row],[Harga Jual Pcs MT (-PPN)]]*Table43[[#This Row],[ISI/CTN]] -> 0 | AV48: =Table43[[#This Row],[Harga Jual Pcs MT (-PPN)]]*1.11 -> 0 | AW48: =Table43[[#This Row],[Harga Jual Pcs MT (+PPN)]]*Table43[[#This Row],[ISI/CTN]] -> 0 | AX48: =IFERROR((Table43[[#This Row],[Harga Jual Pcs GT (-PPN)]]-Table43[[#This Row],[Harga Beli Pcs (-PPN)]])/Table43[[#This Row],[Harga Jual Pcs GT (-PPN)]],0) -> 0.0741 | AY48: 45848 | BA48: =IF(TODAY()-Table43[[#This Row],[Efektif Pembuatan]]>60,"Lama","Baru") -> Lama | BB48: =IF(TODAY()-Table43[[#This Row],[Efektif Naik Harga]]<30,"Naik","Sama") -> Sama | BC48: Aktif | BD48: =IF(Table43[[#This Row],[Kode BARANG Win2]]<>"","IDR","") -> IDR | BE48: =CONCATENATE(Table43[[#This Row],[kode 1 Digit (Nomor)]],Table43[[#This Row],[kode 4 Digit (Nomor)]]) -> 20380 | BF48: =Table43[[#This Row],[Nama Gramasi atau Jumlah Pack per CTN]] -> 380ML | BG48: S-FRN | BH48: 45MIX | BI48: =IF(Table43[[#This Row],[SATUAN Fix Win]]<>"","KRT") -> KRT | BJ48: =IF(Table43[[#This Row],[SATUAN Fix Win]]<>"","GD01") -> GD01 | BK48: =IF(Table43[[#This Row],[SATUAN Fix Win]]<>"",11611) -> 11611 | BL48: =IF(Table43[[#This Row],[SATUAN Fix Win]]<>"",11612) -> 11612 | BM48: 0101 | BN48: =IF(Table43[[#This Row],[SATUAN Fix Win]]<>"",1) -> 1 | BO48: PT. FOKUS RITEL NUSAPRIMA
A49: =CONCATENATE(Table43[[#This Row],[Kode BARANG Win2]],Table43[[#This Row],[No. Urut Item Sama]]) -> F40611020380101 | B49: 1 | C49: 41 | D49: 051706001 | E49: SHINZUI1 | F49: SHZ BCL KS Ref 24x380Ml | G49: 24 | H49: 8992946523564 | I49: =Table43[[#This Row],[Nama Jenis Kemasan]] -> PCH | J49: =TRIM(CONCATENATE(Table43[[#This Row],[Nama KLP]]," ",Table43[[#This Row],[Nama Sub KLP]])) -> SHINZUI BODY CLEANSER | K49: =CONCATENATE(Table43[[#This Row],[kode 2 Digit (hrf+No)]],Table43[[#This Row],[kode 2 Digit (Nomor)]],Table43[[#This Row],[kode 1 Digit (Nomor)]]) -> F4061 | L49: =IF(AG49="",CONCATENATE(Q49,S49,U49,W49,Y49,AA49,AC49,AE49,Table43[[#This Row],[Tanda Kode Revisi]]),CONCATENATE(Q49,S49,U49,W49,Y49,AA49,AC49,AG49)) -> F4061102038010 | M49: =LEN(L49) -> 14 | N49: =IF(AF49<>"",TRIM(UPPER(CONCATENATE(P49," ",R49," ",T49," ",V49," ",X49," ",Z49," ","X"," ",Table43[[#This Row],[ISI/CTN]]," ",AF49," ",AB49," ",AD49," ",AH49))),TRIM(UPPER(CONCATENATE(P49," ",R49," ",T49," ",V49," ",X49," ",Z49," ","X"," ",Table43[[#This Row],[ISI/CTN]]," ",AB49," ",AD49," ",AH49)))) -> SHINZUI BODY CLEANSER REFILL KENSHO 380ML X 24 PCH | O49: =LEN(N49) -> 50 | Q49: F4 | R49: SHINZUI | S49: 06 | T49: BODY CLEANSER | U49: 1 | V49: REFILL | W49: 1 | X49: KENSHO | Y49: 02 | Z49: 380ML | AA49: 0380 | AB49: PCH | AC49: 1 | AE49: 0 | AI49: LITER | AJ49: 2 | AL49: 21687.748 | AM49: =Table43[[#This Row],[Harga Beli Pcs (-PPN)]]*Table43[[#This Row],[ISI/CTN]] -> 520505.95 | AN49: =Table43[[#This Row],[Harga Beli Pcs (-PPN)]]*1.11 -> 24073.4 | AO49: =Table43[[#This Row],[Harga Beli Krt (- PPN)]]*1.11 -> 577761.6 | AP49: 23423.423 | AQ49: =Table43[[#This Row],[Harga Jual Pcs GT (-PPN)]]*Table43[[#This Row],[ISI/CTN]] -> 562162.16 | AR49: =Table43[[#This Row],[Harga Jual Pcs GT (-PPN)]]*1.11 -> 26000 | AS49: =Table43[[#This Row],[Harga Jual Krt GT (- PPN)]]*1.11 -> 624000 | AU49: =Table43[[#This Row],[Harga Jual Pcs MT (-PPN)]]*Table43[[#This Row],[ISI/CTN]] -> 0 | AV49: =Table43[[#This Row],[Harga Jual Pcs MT (-PPN)]]*1.11 -> 0 | AW49: =Table43[[#This Row],[Harga Jual Pcs MT (+PPN)]]*Table43[[#This Row],[ISI/CTN]] -> 0 | AX49: =IFERROR((Table43[[#This Row],[Harga Jual Pcs GT (-PPN)]]-Table43[[#This Row],[Harga Beli Pcs (-PPN)]])/Table43[[#This Row],[Harga Jual Pcs GT (-PPN)]],0) -> 0.0741 | AY49: 45848 | BA49: =IF(TODAY()-Table43[[#This Row],[Efektif Pembuatan]]>60,"Lama","Baru") -> Lama | BB49: =IF(TODAY()-Table43[[#This Row],[Efektif Naik Harga]]<30,"Naik","Sama") -> Sama | BC49: Aktif | BD49: =IF(Table43[[#This Row],[Kode BARANG Win2]]<>"","IDR","") -> IDR | BE49: =CONCATENATE(Table43[[#This Row],[kode 1 Digit (Nomor)]],Table43[[#This Row],[kode 4 Digit (Nomor)]]) -> 20380 | BF49: =Table43[[#This Row],[Nama Gramasi atau Jumlah Pack per CTN]] -> 380ML | BG49: S-FRN | BH49: 45MIX | BI49: =IF(Table43[[#This Row],[SATUAN Fix Win]]<>"","KRT") -> KRT | BJ49: =IF(Table43[[#This Row],[SATUAN Fix Win]]<>"","GD01") -> GD01 | BK49: =IF(Table43[[#This Row],[SATUAN Fix Win]]<>"",11611) -> 11611 | BL49: =IF(Table43[[#This Row],[SATUAN Fix Win]]<>"",11612) -> 11612 | BM49: 0101 | BN49: =IF(Table43[[#This Row],[SATUAN Fix Win]]<>"",1) -> 1 | BO49: PT. FOKUS RITEL NUSAPRIMA
A50: =CONCATENATE(Table43[[#This Row],[Kode BARANG Win2]],Table43[[#This Row],[No. Urut Item Sama]]) -> F40611030380101 | B50: 1 | C50: 42 | D50: 051703003 | E50: SHINZUI1 | F50: SHZ BCL Kirei Ref 24x380Ml | G50: 24 | H50: 8992946523533 | I50: =Table43[[#This Row],[Nama Jenis Kemasan]] -> PCH | J50: =TRIM(CONCATENATE(Table43[[#This Row],[Nama KLP]]," ",Table43[[#This Row],[Nama Sub KLP]])) -> SHINZUI BODY CLEANSER | K50: =CONCATENATE(Table43[[#This Row],[kode 2 Digit (hrf+No)]],Table43[[#This Row],[kode 2 Digit (Nomor)]],Table43[[#This Row],[kode 1 Digit (Nomor)]]) -> F4061 | L50: =IF(AG50="",CONCATENATE(Q50,S50,U50,W50,Y50,AA50,AC50,AE50,Table43[[#This Row],[Tanda Kode Revisi]]),CONCATENATE(Q50,S50,U50,W50,Y50,AA50,AC50,AG50)) -> F4061103038010 | M50: =LEN(L50) -> 14 | N50: =IF(AF50<>"",TRIM(UPPER(CONCATENATE(P50," ",R50," ",T50," ",V50," ",X50," ",Z50," ","X"," ",Table43[[#This Row],[ISI/CTN]]," ",AF50," ",AB50," ",AD50," ",AH50))),TRIM(UPPER(CONCATENATE(P50," ",R50," ",T50," ",V50," ",X50," ",Z50," ","X"," ",Table43[[#This Row],[ISI/CTN]]," ",AB50," ",AD50," ",AH50)))) -> SHINZUI BODY CLEANSER REFILL KIREI 380ML X 24 PCH | O50: =LEN(N50) -> 49 | Q50: F4 | R50: SHINZUI | S50: 06 | T50: BODY CLEANSER | U50: 1 | V50: REFILL | W50: 1 | X50: KIREI | Y50: 03 | Z50: 380ML | AA50: 0380 | AB50: PCH | AC50: 1 | AE50: 0 | AI50: LITER | AJ50: 2 | AL50: 21687.748 | AM50: =Table43[[#This Row],[Harga Beli Pcs (-PPN)]]*Table43[[#This Row],[ISI/CTN]] -> 520505.95 | AN50: =Table43[[#This Row],[Harga Beli Pcs (-PPN)]]*1.11 -> 24073.4 | AO50: =Table43[[#This Row],[Harga Beli Krt (- PPN)]]*1.11 -> 577761.6 | AP50: 23423.423 | AQ50: =Table43[[#This Row],[Harga Jual Pcs GT (-PPN)]]*Table43[[#This Row],[ISI/CTN]] -> 562162.16 | AR50: =Table43[[#This Row],[Harga Jual Pcs GT (-PPN)]]*1.11 -> 26000 | AS50: =Table43[[#This Row],[Harga Jual Krt GT (- PPN)]]*1.11 -> 624000 | AU50: =Table43[[#This Row],[Harga Jual Pcs MT (-PPN)]]*Table43[[#This Row],[ISI/CTN]] -> 0 | AV50: =Table43[[#This Row],[Harga Jual Pcs MT (-PPN)]]*1.11 -> 0 | AW50: =Table43[[#This Row],[Harga Jual Pcs MT (+PPN)]]*Table43[[#This Row],[ISI/CTN]] -> 0 | AX50: =IFERROR((Table43[[#This Row],[Harga Jual Pcs GT (-PPN)]]-Table43[[#This Row],[Harga Beli Pcs (-PPN)]])/Table43[[#This Row],[Harga Jual Pcs GT (-PPN)]],0) -> 0.0741 | AY50: 45848 | BA50: =IF(TODAY()-Table43[[#This Row],[Efektif Pembuatan]]>60,"Lama","Baru") -> Lama | BB50: =IF(TODAY()-Table43[[#This Row],[Efektif Naik Harga]]<30,"Naik","Sama") -> Sama | BC50: Aktif | BD50: =IF(Table43[[#This Row],[Kode BARANG Win2]]<>"","IDR","") -> IDR | BE50: =CONCATENATE(Table43[[#This Row],[kode 1 Digit (Nomor)]],Table43[[#This Row],[kode 4 Digit (Nomor)]]) -> 20380 | BF50: =Table43[[#This Row],[Nama Gramasi atau Jumlah Pack per CTN]] -> 380ML | BG50: S-FRN | BH50: 45MIX | BI50: =IF(Table43[[#This Row],[SATUAN Fix Win]]<>"","KRT") -> KRT | BJ50: =IF(Table43[[#This Row],[SATUAN Fix Win]]<>"","GD01") -> GD01 | BK50: =IF(Table43[[#This Row],[SATUAN Fix Win]]<>"",11611) -> 11611 | BL50: =IF(Table43[[#This Row],[SATUAN Fix Win]]<>"",11612) -> 11612 | BM50: 0101 | BN50: =IF(Table43[[#This Row],[SATUAN Fix Win]]<>"",1) -> 1 | BO50: PT. FOKUS RITEL NUSAPRIMA
